{
  "B": 1.0,
  "b_order": 8,
  "blend": {
    "formula": "(1-t)*left + t*right",
    "left": "profile-seeds/gamma0p45-forced-tail-flatbumpF-blend-v91.json",
    "right": "profile-seeds/gamma0p45-forced-tail-active-flatbumpF-v92.json",
    "t": 0.05
  },
  "bounded_edge_b_order": 8,
  "bounded_edge_basis": "(1-q)^i * b^(2j)",
  "bounded_edge_q_order": 6,
  "dropped_singular_edge_basis": true,
  "edge_family": "vanishing",
  "evidence": {
    "final_step": 0.0002,
    "h": 0.001,
    "initial_step": 0.0002,
    "minimax_gate_metrics": {
      "farther": {
        "e_gamma": 0.07815054283255272,
        "e_psi": 0.4024000028591177,
        "max_abs": 0.4024000028591177,
        "rms": 0.13850355575530915,
        "where": "q=0.300000 b=-0.337500 r=2.993224 z=-1.073182"
      },
      "interior": {
        "e_gamma": 0.0932796725949775,
        "e_psi": -0.5196399085526293,
        "max_abs": 0.5196399085526293,
        "rms": 0.24972539493096188,
        "where": "q=0.450000 b=0.371429 r=1.842539 z=0.737103"
      },
      "local": {
        "e_gamma": 0.08894531324830145,
        "e_psi": -0.5245691992331829,
        "max_abs": 0.5245691992331829,
        "rms": 0.28790816140685693,
        "where": "r=2.000000 z=0.818182"
      },
      "wide": {
        "e_gamma": 0.09677802079033854,
        "e_psi": 0.5239080607306297,
        "max_abs": 0.5239080607306297,
        "rms": 0.22335828399974472,
        "where": "q=0.428571 b=-0.342857 r=1.980403 z=-0.722806"
      }
    },
    "report_gates": [
      "farther",
      "interior",
      "local",
      "wide"
    ],
    "report_max": 0.5245691992331829,
    "score_gates": [
      "wide",
      "interior",
      "local"
    ],
    "score_max": 0.5245691992331829,
    "score_rms": 0.25504431334535593,
    "source": "profile-seeds/gamma0p45-forced-tail-minimax-flatbumpF-v96.json",
    "status": "approximate_non_validated_minimax_coordinate_seed"
  },
  "f_bounded_edge_coeffs": [],
  "f_coeffs": [
    [
      0,
      0,
      0.5
    ],
    [
      0,
      1,
      0.0
    ],
    [
      0,
      2,
      0.0
    ],
    [
      0,
      3,
      0.0
    ],
    [
      0,
      4,
      0.0
    ],
    [
      0,
      5,
      0.0
    ],
    [
      0,
      6,
      0.0
    ],
    [
      0,
      7,
      0.0
    ],
    [
      0,
      8,
      0.0
    ],
    [
      1,
      0,
      0.0
    ],
    [
      1,
      1,
      0.0
    ],
    [
      1,
      2,
      0.0
    ],
    [
      1,
      3,
      0.0
    ],
    [
      1,
      4,
      0.0
    ],
    [
      1,
      5,
      0.0
    ],
    [
      1,
      6,
      0.0
    ],
    [
      1,
      7,
      0.0
    ],
    [
      1,
      8,
      0.0
    ],
    [
      2,
      0,
      -0.2859939883693495
    ],
    [
      2,
      1,
      -0.2838500418641563
    ],
    [
      2,
      2,
      -0.23105023360375795
    ],
    [
      2,
      3,
      -0.16112386268586154
    ],
    [
      2,
      4,
      -0.03284329559675718
    ],
    [
      2,
      5,
      -0.05168739805781926
    ],
    [
      2,
      6,
      -0.03310476628102215
    ],
    [
      2,
      7,
      -0.06364926418434265
    ],
    [
      2,
      8,
      -0.04698131120700202
    ],
    [
      3,
      0,
      0.4832576241340612
    ],
    [
      3,
      1,
      0.08054641228414973
    ],
    [
      3,
      2,
      -0.02545652536224073
    ],
    [
      3,
      3,
      -0.08080959684076036
    ],
    [
      3,
      4,
      -0.11438779697621146
    ],
    [
      3,
      5,
      -0.05634021258594569
    ],
    [
      3,
      6,
      -0.1409791446521446
    ],
    [
      3,
      7,
      -0.2023517318802128
    ],
    [
      3,
      8,
      -0.2003756496549612
    ],
    [
      4,
      0,
      0.08854940654728899
    ],
    [
      4,
      1,
      0.009639221219167288
    ],
    [
      4,
      2,
      0.03321162720500294
    ],
    [
      4,
      3,
      0.08386600768263666
    ],
    [
      4,
      4,
      -0.0018023218910342119
    ],
    [
      4,
      5,
      -0.0677780105039464
    ],
    [
      4,
      6,
      -0.060672696982157506
    ],
    [
      4,
      7,
      -0.13096314545329407
    ],
    [
      4,
      8,
      -0.12059559863999783
    ],
    [
      5,
      0,
      -0.28528859653474875
    ],
    [
      5,
      1,
      -0.060898039200957876
    ],
    [
      5,
      2,
      0.013330236831202021
    ],
    [
      5,
      3,
      -0.042295392057298827
    ],
    [
      5,
      4,
      0.021324546689468725
    ],
    [
      5,
      5,
      0.03997199355455376
    ],
    [
      5,
      6,
      -0.1069137296724103
    ],
    [
      5,
      7,
      -0.08198807143650684
    ],
    [
      5,
      8,
      -0.03597176105884284
    ],
    [
      6,
      0,
      -0.1619991014963003
    ],
    [
      6,
      1,
      -0.11046619487970831
    ],
    [
      6,
      2,
      0.02600999216952639
    ],
    [
      6,
      3,
      0.09024929600339529
    ],
    [
      6,
      4,
      0.058332598765630905
    ],
    [
      6,
      5,
      -0.0076308273911960735
    ],
    [
      6,
      6,
      -0.05728016597710248
    ],
    [
      6,
      7,
      0.013176375819079185
    ],
    [
      6,
      8,
      -0.07919797028804818
    ]
  ],
  "f_interior_bump_coeffs": [
    [
      0,
      0,
      -0.00036444948804116394
    ],
    [
      0,
      1,
      9.58183869551339e-07
    ],
    [
      0,
      2,
      -0.00013157165079570864
    ],
    [
      0,
      3,
      7.023918438999876e-05
    ],
    [
      1,
      0,
      9.902041643665969e-05
    ],
    [
      1,
      1,
      0.0004930101196845484
    ],
    [
      1,
      2,
      0.00016864271034022375
    ],
    [
      1,
      3,
      0.0005141458769030967
    ],
    [
      2,
      0,
      0.0018714203635202713
    ],
    [
      2,
      1,
      -0.0005471902907246139
    ],
    [
      2,
      2,
      -2.5026106061785643e-05
    ],
    [
      2,
      3,
      -0.00039678909120625813
    ]
  ],