{
  "B": 1.0,
  "b_order": 6,
  "bounded_edge_b_order": 8,
  "bounded_edge_basis": "(1-q)^i * b^(2j)",
  "bounded_edge_q_order": 8,
  "dropped_singular_edge_basis": true,
  "edge_family": "vanishing",
  "evidence": {
    "h": 0.001,
    "rms_residual": 0.06435064993098222,
    "status": "approximate_non_validated_bounded_edge_basis_seed"
  },
  "f_bounded_edge_coeffs": [],
  "f_coeffs": [
    [
      0,
      0,
      0.5
    ],
    [
      0,
      1,
      0.0
    ],
    [
      0,
      2,
      0.0
    ],
    [
      0,
      3,
      0.0
    ],
    [
      0,
      4,
      0.0
    ],
    [
      0,
      5,
      0.0
    ],
    [
      0,
      6,
      0.0
    ],
    [
      1,
      0,
      -1.9829794111895787
    ],
    [
      1,
      1,
      -2.0135262434039984
    ],
    [
      1,
      2,
      -3.34437779322955
    ],
    [
      1,
      3,
      -0.02539517038113156
    ],
    [
      1,
      4,
      -0.17889174953400602
    ],
    [
      1,
      5,
      -0.32624294450062885
    ],
    [
      1,
      6,
      -0.05372988832627405
    ],
    [
      2,
      0,
      3.1683956567128493
    ],
    [
      2,
      1,
      3.7286206504481414
    ],
    [
      2,
      2,
      4.696460614185089
    ],
    [
      2,
      3,
      -0.5393337049870263
    ],
    [
      2,
      4,
      -0.43576017649621757
    ],
    [
      2,
      5,
      -0.5304850403722438
    ],
    [
      2,
      6,
      -0.10478883306650087
    ],
    [
      3,
      0,
      -2.088164045712607
    ],
    [
      3,
      1,
      -2.722229282641471
    ],
    [
      3,
      2,
      -1.272324347586187
    ],
    [
      3,
      3,
      0.2394444216683571
    ],
    [
      3,
      4,
      -0.3644931757864437
    ],
    [
      3,
      5,
      -0.0018521383015469434
    ],
    [
      3,
      6,
      -0.0034191573765265486
    ],
    [
      4,
      0,
      -0.01524743666539714
    ],
    [
      4,
      1,
      -0.39435064113765056
    ],
    [
      4,
      2,
      -2.1487762213553707
    ],
    [
      4,
      3,
      0.6972197926305693
    ],
    [
      4,
      4,
      0.484526078115128
    ],
    [
      4,
      5,
      0.28213253213016193
    ],
    [
      4,
      6,
      0.10986953368688156
    ],
    [
      5,
      0,
      0.5553092925965198
    ],
    [
      5,
      1,
      1.433949875879189
    ],
    [
      5,
      2,
      0.2504124941192217
    ],
    [
      5,
      3,
      0.14729763539971719
    ],
    [
      5,
      4,
      0.6299002412881657
    ],
    [
      5,
      5,
      0.28084246242706573
    ],
    [
      5,
      6,
      0.003085784969957931
    ],
    [
      6,
      0,
      -0.015574037093612323
    ],
    [
      6,
      1,
      -0.18536895117384333
    ],
    [
      6,
      2,
      0.7922844935463635
    ],
    [
      6,
      3,
      -0.23361793513593854
    ],
    [
      6,
      4,
      0.00519304974059806
    ],
    [
      6,
      5,
      0.2503388324309636
    ],
    [
      6,
      6,
      0.03054103992849349
    ],
    [
      7,
      0,
      -0.04480322018589646
    ],
    [
      7,
      1,
      -0.07502864423548167
    ],
    [
      7,
      2,
      0.08639191281099974
    ],
    [
      7,
      3,
      -0.13830973998336435
    ],
    [
      7,
      4,
      -0.059584316937940814
    ],
    [
      7,
      5,
      -0.06649039190551749
    ],
    [
      7,
      6,
      -0.0904742478075679
    ]
  ],
  "f_vanishing_edge_coeffs": [
    [
      0,
      0,
      -0.09520381912944945
    ],
    [
      0,
      1,
      0.13670355537030177
    ],
    [
      0,
      2,
      0.2192347371469717
    ],
    [
      0,
      3,
      0.0536456354435738
    ],
    [
      0,
      4,
      0.24971133318495684
    ],
    [
      0,
      5,
      0.2671686769625159
    ],
    [
      0,
      6,
      -0.33096113740752164
    ],
    [
      0,
      7,
      -0.18871062115591414
    ],
    [
      0,
      8,
      0.7588894133987985
    ],
    [
      1,
      0,
      -0.1094763204500698
    ],
    [
      1,
      1,
      0.06944108157694955
    ],
    [
      1,
      2,
      0.0023063779812526816
    ],
    [
      1,
      3,
      0.2451918835904284
    ],
    [
      1,
      4,
      -0.7042483541488801
    ],
    [
      1,
      5,
      0.46852353804662666
    ],
    [
      1,
      6,
      0.5918663647027884
    ],
    [
      1,
      7,
      -0.23795614630782946
    ],
    [
      1,
      8,
      -1.232483281698354
    ],
    [
      2,
      0,
      0.6163908664538444
    ],
    [
      2,
      1,
      -0.10573507256787806
    ],
    [
      2,
      2,
      0.3455738231520996
    ],
    [
      2,
      3,
      0.2146889841674452
    ],
    [
      2,
      4,
      0.41526433432814924
    ],
    [
      2,
      5,
      0.3218266300618077
    ],
    [
      2,
      6,
      -0.03587359915504509
    ],
    [
      2,
      7,
      -0.18766224928694755
    ],
    [
      2,
      8,
      -0.344786442061856
    ],
    [
      3,
      0,
      -3.9641677425900497
    ],
    [
      3,
      1,
      -0.014170557443760948
    ],
    [
      3,
      2,
      -0.37753503384128434
    ],
    [
      3,
      3,
      -1.3324858387722165
    ],
    [
      3,
      4,
      -0.553983274953504
    ],
    [
      3,
      5,
      -1.0321559665942792
    ],
    [
      3,
      6,
      -1.143535711855
    ],
    [
      3,
      7,
      -0.495887704037213
    ],
    [
      3,
      8,
      0.40241504569561953
    ],
    [
      4,
      0,
      9.599947705964615
    ],
    [
      4,
      1,
      2.5266005229696513
    ],
    [
      4,
      2,
      1.7001760548726244
    ],
    [
      4,
      3,
      1.869516433724651
    ],
    [
      4,
      4,
      2.5985919515291975
    ],
    [
      4,
      5,
      1.3684329594616105
    ],
    [
      4,
      6,
      1.0389413156746223
    ],
    [
      4,
      7,
      1.5149305505655322
    ],
    [
      4,
      8,
      2.1146954389327863
    ],
    [
      5,
      0,
      -11.900134312133856
    ],
    [
      5,
      1,
      -5.432704672776518
    ],
    [
      5,
      2,
      -2.8459878355179513
    ],
    [
      5,
      3,
      -1.4805590251135365
    ],
    [
      5,
      4,
      -0.6735568542658593
    ],
    [
      5,
      5,
      -1.642599095178264
    ],
    [
      5,
      6,
      -1.66921588023753
    ],
    [
      5,
      7,
      -0.5117538536568725
    ],
    [
      5,
      8,
      0.7281009413365146
    ],
    [
      6,
      0,
      -1.362651988053148
    ],
    [
      6,
      1,
      1.3100039750195829
    ],
    [
      6,
      2,
      0.7702677371673646
    ],
    [
      6,
      3,
      0.03665551807089452
    ],
    [
      6,
      4,
      -0.8119373695219392
    ],
    [
      6,
      5,
      -2.04383775008073
    ],
    [
      6,
      6,
      -2.1318852787736993
    ],
    [
      6,
      7,
      -1.0727733340425325
    ],
    [
      6,
      8,
      0.2593385796581111
    ],
    [
      7,
      0,
      15.805524300887155
    ],
    [
      7,
      1,
      8.453884408961331
    ],
    [
      7,
      2,
      4.057428123763387
    ],
    [
      7,
      3,
      2.5413789159784526
    ],
    [
      7,
      4,
      1.2744453088428955
    ],
    [
      7,
      5,
      0.11332042468158737
    ],
    [
      7,
      6,
      0.07564514599818424
    ],
    [
      7,
      7,
      0.9790831468501219
    ],
    [
      7,
      8,
      1.6275013245061616
    ],
    [
      8,
      0,
      -12.567660373907048
    ],
    [
      8,
      1,
      -8.618273131663686
    ],
    [
      8,
      2,
      -5.660057043019839
    ],
    [
      8,
      3,
      -2.758125067698099
    ],
    [
      8,
      4,
      -0.7265841821991111
    ],
    [
      8,
      5,
      0.12035866729580055
    ],
    [
      8,
      6,
      1.3268999708675984
    ],
    [
      8,
      7,
