{
  "B": 1.0,
  "b_order": 0,
  "bounded_edge_b_order": 8,
  "bounded_edge_q_order": 0,
  "edge_family": "vanishing",
  "evidence": {
    "forced_order": 2.2222222222222223,
    "gamma_source_after_max": 4.0410226553877493e-10,
    "gamma_source_before_max": 0.22493002321777344,
    "psi_source_after_max": 6.099271088189084e-11,
    "psi_source_before_max": 2.329118197481409,
    "status": "asymptotic_forced_tail_diagnostic_seed"
  },
  "f_bounded_edge_coeffs": [],
  "f_coeffs": [
    [
      0,
      0,
      0.5
    ]
  ],
  "f_vanishing_edge_coeffs": [
    [
      4,
      0,
      1.9218140928396825
    ],
    [
      4,
      1,
      -0.9786773279959299
    ],
    [
      4,
      2,
      -8.659611535388225e-10
    ],
    [
      4,
      3,
      6.733512908601579e-09
    ],
    [
      4,
      4,
      -3.072968532226837e-08
    ],
    [
      4,
      5,
      8.040479780466044e-08
    ],
    [
      4,
      6,
      -1.2090036668156692e-07
    ],
    [
      4,
      7,
      9.664800429469239e-08
    ],
    [
      4,
      8,
      -3.199838231147317e-08
    ]
  ],
  "forced_tail_cutoff_power": 4,
  "g_bounded_edge_coeffs": [],
  "g_coeffs": [
    [
      0,
      0,
      1.0
    ]
  ],
  "g_vanishing_edge_coeffs": [
    [
      4,
      0,
      0.1111111107070089
    ],
    [
      4,
      1,
      -1.111111070630996
    ],
    [
      4,
      2,
      -7.672585925332214e-07
    ],
    [
      4,
      3,
      5.925123753105093e-06
    ],
    [
      4,
      4,
      -2.329826028464535e-05
    ],
    [
      4,
      5,
      5.082390832221243e-05
    ],
    [
      4,
      6,
      -6.224878355285443e-05
    ],
    [
      4,
      7,
      4.0048540895339626e-05
    ],
    [
      4,
      8,
      -1.0528701826417301e-05
    ]
  ],
  "gamma": 0.45,
  "q_order": 0,
  "vanishing_edge_basis": "q^vanishing_edge_power * (1-q)^i * b^(2j)",
  "vanishing_edge_power": 2.2222222222222223
}
