{
  "B": 1.0,
  "b_order": 6,
  "bounded_edge_b_order": 8,
  "bounded_edge_basis": "(1-q)^i * b^(2j)",
  "bounded_edge_q_order": 8,
  "dropped_singular_edge_basis": true,
  "edge_family": "vanishing",
  "evidence": {
    "h": 0.001,
    "rms_residual": 0.12154756342511408,
    "status": "approximate_non_validated_bounded_edge_basis_seed"
  },
  "f_bounded_edge_coeffs": [],
  "f_coeffs": [
    [
      0,
      0,
      0.5
    ],
    [
      0,
      1,
      0.0
    ],
    [
      0,
      2,
      0.0
    ],
    [
      0,
      3,
      0.0
    ],
    [
      0,
      4,
      0.0
    ],
    [
      0,
      5,
      0.0
    ],
    [
      0,
      6,
      0.0
    ],
    [
      1,
      0,
      -1.956560748996965
    ],
    [
      1,
      1,
      -2.063859993448784
    ],
    [
      1,
      2,
      -3.6462235556602876
    ],
    [
      1,
      3,
      -0.07618144150996238
    ],
    [
      1,
      4,
      -0.22053754667676526
    ],
    [
      1,
      5,
      -0.3716155326393991
    ],
    [
      1,
      6,
      -0.07631263637635585
    ],
    [
      2,
      0,
      3.2159020328797387
    ],
    [
      2,
      1,
      3.5121503030078496
    ],
    [
      2,
      2,
      4.95777495131397
    ],
    [
      2,
      3,
      -0.49253580854527385
    ],
    [
      2,
      4,
      -0.5019027051616437
    ],
    [
      2,
      5,
      -0.5587006739132395
    ],
    [
      2,
      6,
      -0.09389101853873222
    ],
    [
      3,
      0,
      -2.244256183795451
    ],
    [
      3,
      1,
      -2.6201265756379195
    ],
    [
      3,
      2,
      -1.2331357133558736
    ],
    [
      3,
      3,
      0.35200473625901335
    ],
    [
      3,
      4,
      -0.39341404785802664
    ],
    [
      3,
      5,
      -0.034745576155137355
    ],
    [
      3,
      6,
      -0.03579108913467255
    ],
    [
      4,
      0,
      -0.0257170524061799
    ],
    [
      4,
      1,
      -0.3194211661945318
    ],
    [
      4,
      2,
      -2.19056661184038
    ],
    [
      4,
      3,
      0.736510915648809
    ],
    [
      4,
      4,
      0.5174500867773332
    ],
    [
      4,
      5,
      0.21009716456137079
    ],
    [
      4,
      6,
      0.12476869169527299
    ],
    [
      5,
      0,
      0.6376312156015478
    ],
    [
      5,
      1,
      1.4328946669704465
    ],
    [
      5,
      2,
      0.13368945574918906
    ],
    [
      5,
      3,
      0.27842866222769813
    ],
    [
      5,
      4,
      0.6646922810159822
    ],
    [
      5,
      5,
      0.19568041147537016
    ],
    [
      5,
      6,
      0.1504864304204748
    ],
    [
      6,
      0,
      0.038760491007031626
    ],
    [
      6,
      1,
      -0.2109215912947694
    ],
    [
      6,
      2,
      0.8402343170784936
    ],
    [
      6,
      3,
      -0.2854321564578783
    ],
    [
      6,
      4,
      0.09822459436763274
    ],
    [
      6,
      5,
      0.3266656705981316
    ],
    [
      6,
      6,
      0.06775654929479359
    ],
    [
      7,
      0,
      -0.06906115614644327
    ],
    [
      7,
      1,
      -0.12493834672965075
    ],
    [
      7,
      2,
      0.14450569897678206
    ],
    [
      7,
      3,
      0.007282113588461785
    ],
    [
      7,
      4,
      0.020259025543394392
    ],
    [
      7,
      5,
      0.042976800807809336
    ],
    [
      7,
      6,
      0.0678214217929583
    ]
  ],
  "f_vanishing_edge_coeffs": [
    [
      0,
      0,
      -0.02169394934633252
    ],
    [
      0,
      1,
      0.03452279943812486
    ],
    [
      0,
      2,
      0.05190523761798609
    ],
    [
      0,
      3,
      0.0035072129046799226
    ],
    [
      0,
      4,
      0.13370494783295123
    ],
    [
      0,
      5,
      0.1917518100325674
    ],
    [
      0,
      6,
      -0.3683787497457411
    ],
    [
      0,
      7,
      -0.12564466195624385
    ],
    [
      0,
      8,
      0.8582099562122518
    ],
    [
      1,
      0,
      -0.08291138775424914
    ],
    [
      1,
      1,
      -0.006695652720665857
    ],
    [
      1,
      2,
      -0.12067927494874284
    ],
    [
      1,
      3,
      0.2131768195440884
    ],
    [
      1,
      4,
      -0.8049741296157307
    ],
    [
      1,
      5,
      0.4436614465077164
    ],
    [
      1,
      6,
      0.5822087140516173
    ],
    [
      1,
      7,
      -0.20098113019892055
    ],
    [
      1,
      8,
      -1.179907169829485
    ],
    [
      2,
      0,
      0.6544417471854501
    ],
    [
      2,
      1,
      -0.16651896140256606
    ],
    [
      2,
      2,
      0.24362154968847716
    ],
    [
      2,
      3,
      0.15896631558912871
    ],
    [
      2,
      4,
      0.4097792601240385
    ],
    [
      2,
      5,
      0.3226828935567456
    ],
    [
      2,
      6,
      -0.005995184757240551
    ],
    [
      2,
      7,
      -0.20756195347143075
    ],
    [
      2,
      8,
      -0.26052550745290043
    ],
    [
      3,
      0,
      -3.62856164616695
    ],
    [
      3,
      1,
      -0.07444697469998819
    ],
    [
      3,
      2,
      -0.47092845768417463
    ],
    [
      3,
      3,
      -1.3618339613649215
    ],
    [
      3,
      4,
      -0.5087681400707811
    ],
    [
      3,
      5,
      -0.9740102287046682
    ],
    [
      3,
      6,
      -1.0303067435217153
    ],
    [
      3,
      7,
      -0.40453308941708027
    ],
    [
      3,
      8,
      0.459107785573463
    ],
    [
      4,
      0,
      9.641500825742815
    ],
    [
      4,
      1,
      2.460805807173762
    ],
    [
      4,
      2,
      1.5405787536055033
    ],
    [
      4,
      3,
      1.7379011745710555
    ],
    [
      4,
      4,
      2.5490261061129327
    ],
    [
      4,
      5,
      1.4821093065845337
    ],
    [
      4,
      6,
      1.0977339813706128
    ],
    [
      4,
      7,
      1.6407322651903988
    ],
    [
      4,
      8,
      2.4622270242213147
    ],
    [
      5,
      0,
      -11.827679918356145
    ],
    [
      5,
      1,
      -5.732473619837031
    ],
    [
      5,
      2,
      -2.9894205586322795
    ],
    [
      5,
      3,
      -1.4906212317686656
    ],
    [
      5,
      4,
      -0.6817269850649115
    ],
    [
      5,
      5,
      -1.5567896285900715
    ],
    [
      5,
      6,
      -1.5226284470559033
    ],
    [
      5,
      7,
      -0.5166797552404274
    ],
    [
      5,
      8,
      0.737931216764167
    ],
    [
      6,
      0,
      -1.4540324152362192
    ],
    [
      6,
      1,
      1.2354394937832915
    ],
    [
      6,
      2,
      0.7737089534831435
    ],
    [
      6,
      3,
      -0.004020521071659888
    ],
    [
      6,
      4,
      -0.7024851684492467
    ],
    [
      6,
      5,
      -1.979993085285906
    ],
    [
      6,
      6,
      -1.9906922523432196
    ],
    [
      6,
      7,
      -0.9550772086953496
    ],
    [
      6,
      8,
      0.3067421141338978
    ],
    [
      7,
      0,
      16.675462809708065
    ],
    [
      7,
      1,
      8.428557559249104
    ],
    [
      7,
      2,
      4.583828287585333
    ],
    [
      7,
      3,
      2.530269270336669
    ],
    [
      7,
      4,
      1.3186364924853018
    ],
    [
      7,
      5,
      0.13702122661892102
    ],
    [
      7,
      6,
      0.1834566919166581
    ],
    [
      7,
      7,
      1.0224483827110802
    ],
    [
      7,
      8,
      1.953492060094271
    ],
    [
      8,
      0,
      -11.939743181401981
    ],
    [
      8,
      1,
      -7.775115836784481
    ],
    [
      8,
      2,
      -4.991115524115998
    ],
    [
      8,
      3,
      -2.4788612538971138
    ],
    [
      8,
      4,
      -0.7067560413483901
    ],
    [
      8,
      5,
      0.1833964847843304
    ],
    [
      8,
      6,
      1.2993016217026268
    ],
    [
      8,
