{
  "B": 1.0,
  "b_order": 6,
  "bounded_edge_b_order": 8,
  "bounded_edge_basis": "(1-q)^i * b^(2j)",
  "bounded_edge_q_order": 8,
  "dropped_singular_edge_basis": true,
  "edge_family": "vanishing",
  "evidence": {
    "h": 0.001,
    "rms_residual": 0.13704959793711802,
    "status": "approximate_non_validated_bounded_edge_basis_seed"
  },
  "f_bounded_edge_coeffs": [],
  "f_coeffs": [
    [
      0,
      0,
      0.5
    ],
    [
      0,
      1,
      0.0
    ],
    [
      0,
      2,
      0.0
    ],
    [
      0,
      3,
      0.0
    ],
    [
      0,
      4,
      0.0
    ],
    [
      0,
      5,
      0.0
    ],
    [
      0,
      6,
      0.0
    ],
    [
      1,
      0,
      -1.9575294292742784
    ],
    [
      1,
      1,
      -2.068388631063261
    ],
    [
      1,
      2,
      -3.6539436642284775
    ],
    [
      1,
      3,
      -0.07824867163798843
    ],
    [
      1,
      4,
      -0.2237944355547311
    ],
    [
      1,
      5,
      -0.3707259524290916
    ],
    [
      1,
      6,
      -0.07500405560098217
    ],
    [
      2,
      0,
      3.2149023337942535
    ],
    [
      2,
      1,
      3.5078856836248207
    ],
    [
      2,
      2,
      4.9527787288678455
    ],
    [
      2,
      3,
      -0.49648708338908654
    ],
    [
      2,
      4,
      -0.4971386107903384
    ],
    [
      2,
      5,
      -0.562487701887
    ],
    [
      2,
      6,
      -0.0962245108678228
    ],
    [
      3,
      0,
      -2.247340402987476
    ],
    [
      3,
      1,
      -2.6237901116036166
    ],
    [
      3,
      2,
      -1.2243283748389093
    ],
    [
      3,
      3,
      0.34945793992744517
    ],
    [
      3,
      4,
      -0.40235365670880363
    ],
    [
      3,
      5,
      -0.054464987144014744
    ],
    [
      3,
      6,
      -0.024623611536461035
    ],
    [
      4,
      0,
      -0.0276440419536778
    ],
    [
      4,
      1,
      -0.3151580528223865
    ],
    [
      4,
      2,
      -2.188708710460226
    ],
    [
      4,
      3,
      0.7511432431116798
    ],
    [
      4,
      4,
      0.5180027768392024
    ],
    [
      4,
      5,
      0.20638355620471857
    ],
    [
      4,
      6,
      0.1170650040572729
    ],
    [
      5,
      0,
      0.6491085920005404
    ],
    [
      5,
      1,
      1.433874598490941
    ],
    [
      5,
      2,
      0.14857583041911737
    ],
    [
      5,
      3,
      0.2790860381919827
    ],
    [
      5,
      4,
      0.6557923448462175
    ],
    [
      5,
      5,
      0.19112685327169535
    ],
    [
      5,
      6,
      0.1501518314336458
    ],
    [
      6,
      0,
      0.03701071848020925
    ],
    [
      6,
      1,
      -0.21378719278533995
    ],
    [
      6,
      2,
      0.8504276238231221
    ],
    [
      6,
      3,
      -0.29186991670043533
    ],
    [
      6,
      4,
      0.09691140220051458
    ],
    [
      6,
      5,
      0.3376318945220657
    ],
    [
      6,
      6,
      0.08483759874054836
    ],
    [
      7,
      0,
      -0.0738771154896256
    ],
    [
      7,
      1,
      -0.12810437086220708
    ],
    [
      7,
      2,
      0.13065914293415437
    ],
    [
      7,
      3,
      0.010818114074544688
    ],
    [
      7,
      4,
      0.02780141526981356
    ],
    [
      7,
      5,
      0.054411462966975487
    ],
    [
      7,
      6,
      0.0660587318141172
    ]
  ],
  "f_vanishing_edge_coeffs": [
    [
      0,
      0,
      -0.01893761974518304
    ],
    [
      0,
      1,
      0.029329033323037063
    ],
    [
      0,
      2,
      0.04623866729153731
    ],
    [
      0,
      3,
      0.006392884113384865
    ],
    [
      0,
      4,
      0.13700731923691742
    ],
    [
      0,
      5,
      0.19245997054130462
    ],
    [
      0,
      6,
      -0.3732397076607834
    ],
    [
      0,
      7,
      -0.12144386455685151
    ],
    [
      0,
      8,
      0.8609221372565615
    ],
    [
      1,
      0,
      -0.07624525067141233
    ],
    [
      1,
      1,
      -0.010500649956701823
    ],
    [
      1,
      2,
      -0.12559301234510384
    ],
    [
      1,
      3,
      0.2056882710364926
    ],
    [
      1,
      4,
      -0.8034387623599237
    ],
    [
      1,
      5,
      0.43985314225431943
    ],
    [
      1,
      6,
      0.5864592482776658
    ],
    [
      1,
      7,
      -0.20504355220704748
    ],
    [
      1,
      8,
      -1.1737934108523624
    ],
    [
      2,
      0,
      0.6549533155833119
    ],
    [
      2,
      1,
      -0.16309191180213212
    ],
    [
      2,
      2,
      0.24113103006092607
    ],
    [
      2,
      3,
      0.1505386694265381
    ],
    [
      2,
      4,
      0.4176510139486236
    ],
    [
      2,
      5,
      0.3216798754597028
    ],
    [
      2,
      6,
      -0.0018450380508188092
    ],
    [
      2,
      7,
      -0.20919335709934783
    ],
    [
      2,
      8,
      -0.24873068606459522
    ],
    [
      3,
      0,
      -3.618763028570872
    ],
    [
      3,
      1,
      -0.07696174438159956
    ],
    [
      3,
      2,
      -0.478046884981132
    ],
    [
      3,
      3,
      -1.373475086803378
    ],
    [
      3,
      4,
      -0.5085220232482682
    ],
    [
      3,
      5,
      -0.9765907282295033
    ],
    [
      3,
      6,
      -1.028352664225373
    ],
    [
      3,
      7,
      -0.4006353107677549
    ],
    [
      3,
      8,
      0.4646044155691803
    ],
    [
      4,
      0,
      9.64876167768978
    ],
    [
      4,
      1,
      2.453103211140718
    ],
    [
      4,
      2,
      1.5272422161143848
    ],
    [
      4,
      3,
      1.7147153632172667
    ],
    [
      4,
      4,
      2.535318909832953
    ],
    [
      4,
      5,
      1.477579590809512
    ],
    [
      4,
      6,
      1.1091124780435957
    ],
    [
      4,
      7,
      1.6635345447561851
    ],
    [
      4,
      8,
      2.5095467619294864
    ],
    [
      5,
      0,
      -11.826016083442418
    ],
    [
      5,
      1,
      -5.7627979051941445
    ],
    [
      5,
      2,
      -3.0116336147641887
    ],
    [
      5,
      3,
      -1.5065725280686657
    ],
    [
      5,
      4,
      -0.6909496297326607
    ],
    [
      5,
      5,
      -1.5625921427037006
    ],
    [
      5,
      6,
      -1.5177921738565545
    ],
    [
      5,
      7,
      -0.5079619964292342
    ],
    [
      5,
      8,
      0.750784962588665
    ],
    [
      6,
      0,
      -1.4665149532879804
    ],
    [
      6,
      1,
      1.2408095593563
    ],
    [
      6,
      2,
      0.7705149175349172
    ],
    [
      6,
      3,
      -0.008451338484753003
    ],
    [
      6,
      4,
      -0.6996928945067332
    ],
    [
      6,
      5,
      -1.9760626746952967
    ],
    [
      6,
      6,
      -1.9692446828603127
    ],
    [
      6,
      7,
      -0.9412367069959034
    ],
    [
      6,
      8,
      0.3142361200383914
    ],
    [
      7,
      0,
      16.698688973135656
    ],
    [
      7,
      1,
      8.450716996759738
    ],
    [
      7,
      2,
      4.61470337230622
    ],
    [
      7,
      3,
      2.525667741974941
    ],
    [
      7,
      4,
      1.3139368858925196
    ],
    [
      7,
      5,
      0.1457195667971049
    ],
    [
      7,
      6,
      0.1884941242752259
    ],
    [
      7,
      7,
      1.0385631706213245
    ],
    [
      7,
      8,
      1.9953118710416238
    ],
    [
      8,
      0,
      -11.87554394825487
    ],
    [
      8,
      1,
      -7.718308891826907
    ],
    [
      8,
      2,
      -4.912180124765141
    ],
    [
      8,
      3,
      -2.4670649869199757
    ],
    [
      8,
      4,
      -0.6863967732859985
    ],
    [
      8,
      5,
      0.19445013183933135
    ],
    [
      8,
      6,
      1.3141368165042178
    ],
    [
      8,
      7,
