{
  "B": 1.0,
  "b_order": 6,
  "bounded_edge_b_order": 8,
  "bounded_edge_basis": "(1-q)^i * b^(2j)",
  "bounded_edge_q_order": 8,
  "dropped_singular_edge_basis": true,
  "edge_family": "vanishing",
  "evidence": {
    "h": 0.001,
    "rms_residual": 0.1241831417456493,
    "status": "approximate_non_validated_bounded_edge_basis_seed"
  },
  "f_bounded_edge_coeffs": [],
  "f_coeffs": [
    [
      0,
      0,
      0.5
    ],
    [
      0,
      1,
      0.0
    ],
    [
      0,
      2,
      0.0
    ],
    [
      0,
      3,
      0.0
    ],
    [
      0,
      4,
      0.0
    ],
    [
      0,
      5,
      0.0
    ],
    [
      0,
      6,
      0.0
    ],
    [
      1,
      0,
      -1.9578310791552913
    ],
    [
      1,
      1,
      -2.06714039498283
    ],
    [
      1,
      2,
      -3.6517857933188522
    ],
    [
      1,
      3,
      -0.07798536566013857
    ],
    [
      1,
      4,
      -0.22393284570072228
    ],
    [
      1,
      5,
      -0.3710215313610693
    ],
    [
      1,
      6,
      -0.07490975168975687
    ],
    [
      2,
      0,
      3.214958719093685
    ],
    [
      2,
      1,
      3.5089959746884762
    ],
    [
      2,
      2,
      4.951507493166569
    ],
    [
      2,
      3,
      -0.4978731194777796
    ],
    [
      2,
      4,
      -0.49626450159285607
    ],
    [
      2,
      5,
      -0.5627847920860302
    ],
    [
      2,
      6,
      -0.09422698321900667
    ],
    [
      3,
      0,
      -2.2469525370142844
    ],
    [
      3,
      1,
      -2.6231724904340727
    ],
    [
      3,
      2,
      -1.2256443595560833
    ],
    [
      3,
      3,
      0.3508263205990655
    ],
    [
      3,
      4,
      -0.4011496194057545
    ],
    [
      3,
      5,
      -0.052518905419477416
    ],
    [
      3,
      6,
      -0.02390721072878284
    ],
    [
      4,
      0,
      -0.0272815619586062
    ],
    [
      4,
      1,
      -0.3148328105465206
    ],
    [
      4,
      2,
      -2.190668073638439
    ],
    [
      4,
      3,
      0.7515350034240276
    ],
    [
      4,
      4,
      0.5177908081166087
    ],
    [
      4,
      5,
      0.207381222555405
    ],
    [
      4,
      6,
      0.11651849613271575
    ],
    [
      5,
      0,
      0.6481222173786279
    ],
    [
      5,
      1,
      1.4335844656344996
    ],
    [
      5,
      2,
      0.14772935306750012
    ],
    [
      5,
      3,
      0.28041601097447383
    ],
    [
      5,
      4,
      0.6561860795670265
    ],
    [
      5,
      5,
      0.1869387333696308
    ],
    [
      5,
      6,
      0.1496928873598074
    ],
    [
      6,
      0,
      0.036641258865818
    ],
    [
      6,
      1,
      -0.21265929271094738
    ],
    [
      6,
      2,
      0.8506041479526588
    ],
    [
      6,
      3,
      -0.29268136422891067
    ],
    [
      6,
      4,
      0.09677227518599098
    ],
    [
      6,
      5,
      0.3417549055918434
    ],
    [
      6,
      6,
      0.08250138541632326
    ],
    [
      7,
      0,
      -0.07314935784007966
    ],
    [
      7,
      1,
      -0.12871205514964187
    ],
    [
      7,
      2,
      0.1317577617472243
    ],
    [
      7,
      3,
      0.00852108856956511
    ],
    [
      7,
      4,
      0.027257425056637443
    ],
    [
      7,
      5,
      0.05161195208108607
    ],
    [
      7,
      6,
      0.06558319091539833
    ]
  ],
  "f_vanishing_edge_coeffs": [
    [
      0,
      0,
      -0.01910950533562079
    ],
    [
      0,
      1,
      0.029533334317615123
    ],
    [
      0,
      2,
      0.04672642706219547
    ],
    [
      0,
      3,
      0.0068208406022671735
    ],
    [
      0,
      4,
      0.13759243425640275
    ],
    [
      0,
      5,
      0.19186603909984332
    ],
    [
      0,
      6,
      -0.3732688255342903
    ],
    [
      0,
      7,
      -0.12172889688927407
    ],
    [
      0,
      8,
      0.8602633583519311
    ],
    [
      1,
      0,
      -0.07686826931805751
    ],
    [
      1,
      1,
      -0.008782562150130012
    ],
    [
      1,
      2,
      -0.12417808092546805
    ],
    [
      1,
      3,
      0.20593167831231335
    ],
    [
      1,
      4,
      -0.8048524209260155
    ],
    [
      1,
      5,
      0.4417796284294946
    ],
    [
      1,
      6,
      0.5868912025618809
    ],
    [
      1,
      7,
      -0.20626983575309654
    ],
    [
      1,
      8,
      -1.1757899636773637
    ],
    [
      2,
      0,
      0.6544171061852108
    ],
    [
      2,
      1,
      -0.1632772698608563
    ],
    [
      2,
      2,
      0.24314044641366658
    ],
    [
      2,
      3,
      0.1508654334069081
    ],
    [
      2,
      4,
      0.41780769871878365
    ],
    [
      2,
      5,
      0.32128357526848966
    ],
    [
      2,
      6,
      -0.0016263625868756175
    ],
    [
      2,
      7,
      -0.20966392134621867
    ],
    [
      2,
      8,
      -0.25036128522319806
    ],
    [
      3,
      0,
      -3.620192991649013
    ],
    [
      3,
      1,
      -0.07683162469537945
    ],
    [
      3,
      2,
      -0.4771270912469513
    ],
    [
      3,
      3,
      -1.371750334710363
    ],
    [
      3,
      4,
      -0.5085829455272907
    ],
    [
      3,
      5,
      -0.9778158878976192
    ],
    [
      3,
      6,
      -1.0298838916055169
    ],
    [
      3,
      7,
      -0.40064280710400135
    ],
    [
      3,
      8,
      0.4627182498991879
    ],
    [
      4,
      0,
      9.647434995356736
    ],
    [
      4,
      1,
      2.45640432868387
    ],
    [
      4,
      2,
      1.5295514457535517
    ],
    [
      4,
      3,
      1.7166708204860441
    ],
    [
      4,
      4,
      2.5364940660141535
    ],
    [
      4,
      5,
      1.478014265412225
    ],
    [
      4,
      6,
      1.1081003624279113
    ],
    [
      4,
      7,
      1.6598742104881408
    ],
    [
      4,
      8,
      2.504388691696148
    ],
    [
      5,
      0,
      -11.825704162565481
    ],
    [
      5,
      1,
      -5.761188314072733
    ],
    [
      5,
      2,
      -3.0103557297376837
    ],
    [
      5,
      3,
      -1.5058200574594185
    ],
    [
      5,
      4,
      -0.6909981680648417
    ],
    [
      5,
      5,
      -1.5609343855936024
    ],
    [
      5,
      6,
      -1.51664302338709
    ],
    [
      5,
      7,
      -0.5093923733318965
    ],
    [
      5,
      8,
      0.7477618433995028
    ],
    [
      6,
      0,
      -1.4664349010056772
    ],
    [
      6,
      1,
      1.2407745948033382
    ],
    [
      6,
      2,
      0.7710241887466961
    ],
    [
      6,
      3,
      -0.009586860214515994
    ],
    [
      6,
      4,
      -0.6996707890288374
    ],
    [
      6,
      5,
      -1.9769101504091386
    ],
    [
      6,
      6,
      -1.9684417601075503
    ],
    [
      6,
      7,
      -0.9408527185736255
    ],
    [
      6,
      8,
      0.31191103833667516
    ],
    [
      7,
      0,
      16.69532485457428
    ],
    [
      7,
      1,
      8.448063761483803
    ],
    [
      7,
      2,
      4.611599644817055
    ],
    [
      7,
      3,
      2.5249993736595715
    ],
    [
      7,
      4,
      1.3141460437127621
    ],
    [
      7,
      5,
      0.1457551149193389
    ],
    [
      7,
      6,
      0.19040038272371868
    ],
    [
      7,
      7,
      1.0383423036525168
    ],
    [
      7,
      8,
      1.9928249799035875
    ],
    [
      8,
      0,
      -11.88238285614067
    ],
    [
      8,
      1,
      -7.7215129514328025
    ],
    [
      8,
      2,
      -4.916619788779037
    ],
    [
      8,
      3,
      -2.469516381850076
    ],
    [
      8,
      4,
      -0.6887935778516071
    ],
    [
      8,
      5,
      0.19438941390672945
    ],
    [
      8,
      6,
      1.3121936077312941
    ],
    [
      8,
      7,
