{
  "B": 1.0,
  "b_order": 8,
  "bounded_edge_b_order": 8,
  "bounded_edge_basis": "(1-q)^i * b^(2j)",
  "bounded_edge_q_order": 6,
  "dropped_singular_edge_basis": true,
  "edge_family": "vanishing",
  "evidence": {
    "h": 0.001,
    "rms_residual": 0.27162860645688985,
    "status": "diagnostic_tail_filtered_seed"
  },
  "f_bounded_edge_coeffs": [],
  "f_coeffs": [
    [
      0,
      0,
      0.5
    ],
    [
      2,
      0,
      -0.2346371353570459
    ],
    [
      2,
      1,
      -0.24508748282464612
    ],
    [
      2,
      2,
      -0.17795416834111885
    ],
    [
      2,
      3,
      -0.11494280556793134
    ],
    [
      2,
      4,
      -0.023131487756592666
    ],
    [
      2,
      5,
      -0.012928937939207796
    ],
    [
      2,
      6,
      0.005823952949874951
    ],
    [
      2,
      7,
      -0.04803431979847079
    ],
    [
      2,
      8,
      -0.03721739701081734
    ],
    [
      3,
      0,
      0.3968027283096426
    ],
    [
      3,
      1,
      0.06259825242627802
    ],
    [
      3,
      2,
      -0.01315400551582431
    ],
    [
      3,
      3,
      -0.06446772067198248
    ],
    [
      3,
      4,
      -0.08160516902498868
    ],
    [
      3,
      5,
      -0.031603279969188304
    ],
    [
      3,
      6,
      -0.1256833655663128
    ],
    [
      3,
      7,
      -0.16134036640247287
    ],
    [
      3,
      8,
      -0.15777153719063625
    ],
    [
      4,
      0,
      0.10284299693444028
    ],
    [
      4,
      1,
      0.030827797098234393
    ],
    [
      4,
      2,
      0.02245694189906782
    ],
    [
      4,
      3,
      0.04969048978922486
    ],
    [
      4,
      4,
      -0.029048220550799975
    ],
    [
      4,
      5,
      -0.030647348377186866
    ],
    [
      4,
      6,
      -0.05690809631590373
    ],
    [
      4,
      7,
      -0.09084143020966755
    ],
    [
      4,
      8,
      -0.11062925368917204
    ],
    [
      5,
      0,
      -0.21142247562674404
    ],
    [
      5,
      1,
      -0.0441793073381404
    ],
    [
      5,
      2,
      0.017526953211599274
    ],
    [
      5,
      3,
      -0.04926189800220297
    ],
    [
      5,
      4,
      0.014181528799724143
    ],
    [
      5,
      5,
      0.027639353087198396
    ],
    [
      5,
      6,
      -0.13715242064303246
    ],
    [
      5,
      7,
      -0.05615365843176509
    ],
    [
      5,
      8,
      -0.023107624178327818
    ],
    [
      7,
      0,
      0.05276730443227082
    ],
    [
      7,
      1,
      -0.10238566583724798
    ],
    [
      7,
      2,
      -0.0475347263478514
    ],
    [
      7,
      3,
      0.015519952742575886
    ],
    [
      7,
      4,
      -0.049030117356571166
    ],
    [
      7,
      5,
      0.01644195252133966
    ],
    [
      7,
      6,
      -0.009233769504178998
    ],
    [
      7,
      7,
      0.0037969363967771683
    ],
    [
      7,
      8,
      0.011444096282665347
    ]
  ],
  "f_vanishing_edge_coeffs": [
    [
      0,
      0,
      0.09223011987170776
    ],
    [
      0,
      1,
      -0.04916550773975874
    ],
    [
      0,
      2,
      0.0001439140475723594
    ],
    [
      0,
      3,
      -0.0008278026746741788
    ],
    [
      0,
      4,
      -0.001509381824961882
    ],
    [
      0,
      5,
      0.0003171584022692404
    ],
    [
      0,
      6,
      0.00014872712769444196
    ],
    [
      0,
      7,
      0.0006242628482655467
    ],
    [
      0,
      8,
      -0.0012855909023279533
    ],
    [
      1,
      0,
      0.0
    ],
    [
      1,
      1,
      0.0
    ],
    [
      1,
      2,
      0.0
    ],
    [
      1,
      3,
      0.0
    ],
    [
      1,
      4,
      0.0
    ],
    [
      1,
      5,
      0.0
    ],
    [
      1,
      6,
      0.0
    ],
    [
      1,
      7,
      0.0
    ],
    [
      1,
      8,
      0.0
    ],
    [
      2,
      0,
      0.0
    ],
    [
      2,
      1,
      0.0
    ],
    [
      2,
      2,
      0.0
    ],
    [
      2,
      3,
      0.0
    ],
    [
      2,
      4,
      0.0
    ],
    [
      2,
      5,
      0.0
    ],
    [
      2,
      6,
      0.0
    ],
    [
      2,
      7,
      0.0
    ],
    [
      2,
      8,
      0.0
    ],
    [
      3,
      0,
      0.0
    ],
    [
      3,
      1,
      0.0
    ],
    [
      3,
      2,
      0.0
    ],
    [
      3,
      3,
      0.0
    ],
    [
      3,
      4,
      0.0
    ],
    [
      3,
      5,
      0.0
    ],
    [
      3,
      6,
      0.0
    ],
    [
      3,
      7,
      0.0
    ],
    [
      3,
      8,
      0.0
    ],
    [
      4,
      0,
      0.0
    ],
    [
      4,
      1,
      0.0
    ],
    [
      4,
      2,
      0.0
    ],
    [
      4,
      3,
      0.0
    ],
    [
      4,
      4,
      0.0
    ],
    [
      4,
      5,
      0.0
    ],
    [
      4,
      6,
      0.0
    ],
    [
      4,
      7,
      0.0
    ],
    [
      4,
      8,
      0.0
    ],
    [
      5,
      0,
      0.0
    ],
    [
      5,
      1,
      0.0
    ],
    [
      5,
      2,
      0.0
    ],
    [
      5,
      3,
      0.0
    ],
    [
      5,
      4,
      0.0
    ],
    [
      5,
      5,
      0.0
    ],
    [
      5,
      6,
      0.0
    ],
    [
      5,
      7,
      0.0
    ],
    [
      5,
      8,
      0.0
    ],
    [
      6,
      0,
      1.8257233881976984
    ],
    [
      6,
      1,
      -0.9297434615961333
    ],
    [
      6,
      2,
      -8.226630958618813e-10
    ],
    [
      6,
      3,
      6.3968372631715e-09
    ],
    [
      6,
      4,
      -2.919320105615495e-08
    ],
    [
      6,
      5,
      7.638455791442741e-08
    ],
    [
      6,
      6,
      -1.1485534834748857e-07
    ],
    [
      6,
      7,
      9.181560407995777e-08
    ],
    [
      6,
      8,
      -3.039846319589951e-08
    ]
  ],
  "g_bounded_edge_coeffs": [],