{
  "B": 1.0,
  "b_order": 5,
  "evidence": {
    "h": 0.001,
    "rms_residual": 0.05507716764658723,
    "status": "approximate_non_validated_seed",
    "training_grid_n": 4
  },
  "f_coeffs": [
    [
      0,
      0,
      0.5
    ],
    [
      0,
      1,
      0.4653722490252457
    ],
    [
      0,
      2,
      0.8371790420600403
    ],
    [
      0,
      3,
      0.12545529704290218
    ],
    [
      0,
      4,
      0.1280219026611703
    ],
    [
      0,
      5,
      0.029876189361694415
    ],
    [
      1,
      0,
      -1.9468583976725742
    ],
    [
      1,
      1,
      -2.237625479445999
    ],
    [
      1,
      2,
      -4.09113364197943
    ],
    [
      1,
      3,
      -0.17622538375772184
    ],
    [
      1,
      4,
      -0.18205160456843802
    ],
    [
      1,
      5,
      -0.1356602647839525
    ],
    [
      2,
      0,
      2.9727888429991096
    ],
    [
      2,
      1,
      3.398350962567867
    ],
    [
      2,
      2,
      4.843204192786436
    ],
    [
      2,
      3,
      -0.6201287969973911
    ],
    [
      2,
      4,
      -0.5657979286055071
    ],
    [
      2,
      5,
      -0.41461001989336665
    ],
    [
      3,
      0,
      -2.0496305988958268
    ],
    [
      3,
      1,
      -2.3659829642501173
    ],
    [
      3,
      2,
      -0.8552510339297974
    ],
    [
      3,
      3,
      0.3151517090752915
    ],
    [
      3,
      4,
      -0.5491442705819112
    ],
    [
      3,
      5,
      -0.1590843586118157
    ],
    [
      4,
      0,
      0.1271647431270025
    ],
    [
      4,
      1,
      -0.34579363322361717
    ],
    [
      4,
      2,
      -1.6909299342179125
    ],
    [
      4,
      3,
      1.2663406397388597
    ],
    [
      4,
      4,
      0.463917738694428
    ],
    [
      4,
      5,
      -0.03523372882537923
    ],
    [
      5,
      0,
      0.45974914616720275
    ],
    [
      5,
      1,
      1.1681982594002946
    ],
    [
      5,
      2,
      0.013204383798932752
    ],
    [
      5,
      3,
      0.6836579594227339
    ],
    [
      5,
      4,
      0.5899541838929296
    ],
    [
      5,
      5,
      0.17910248260389752
    ],
    [
      6,
      0,
      -0.05696447808818804
    ],
    [
      6,
      1,
      -0.1492770085227152
    ],
    [
      6,
      2,
      0.4175834749678512
    ],
    [
      6,
      3,
      -0.1911842195233149
    ],
    [
      6,
      4,
      0.030222824039547458
    ],
    [
      6,
      5,
      0.1312415970973827
    ]
  ],
  "g_coeffs": [
    [
      0,
      0,
      1.0
    ],
    [
      0,
      1,
      -1.2555847258994781
    ],
    [
      0,
      2,
      2.147522562117607
    ],
    [
      0,
      3,
      -0.35046219121666944
    ],
    [
      0,
      4,
      -0.6991157408835702
    ],
    [
      0,
      5,
      -0.09475633512558289
    ],
    [
      1,
      0,
      -6.107523877761687
    ],
    [
      1,
      1,
      5.696846093102756
    ],
    [
      1,
      2,
      -3.0632321962805023
    ],
    [
      1,
      3,
      -0.22571319216734564
    ],
    [
      1,
      4,
      -0.5001075806835618
    ],
    [
      1,
      5,
      -0.08974109338497006
    ],
    [
      2,
      0,
      13.889623710261079
    ],
    [
      2,
      1,
      -7.164787696017157
    ],
    [
      2,
      2,
      -1.3200808203106942
    ],
    [
      2,
      3,
      -0.12140718642387992
    ],
    [
      2,
      4,
      -0.29552559715650534
    ],
    [
      2,
      5,
      -0.07847643972514044
    ],
    [
      3,
      0,
      -11.545866874666734
    ],
    [
      3,
      1,
      2.4347192750410693
    ],
    [
      3,
      2,
      4.7702603166763815
    ],
    [
      3,
      3,
      0.018422605359467104
    ],
    [
      3,
      4,
      -0.13850607122362363
    ],
    [
      3,
      5,
      -0.05983243571182256
    ],
    [
      4,
      0,
      0.13982160121201678
    ],
    [
      4,
      1,
      0.5033699530902619
    ],
    [
      4,
      2,
      0.5269027663224619
    ],
    [
      4,
      3,
      0.12446721963580443
    ],
    [
      4,
      4,
      -0.037840115461143194
    ],
    [
      4,
      5,
      -0.03679411132314146
    ],
    [
      5,
      0,
      2.6066152968254057
    ],
    [
      5,
      1,
      0.7103335655298544
    ],
    [
      5,
      2,
      -0.09146331281192742
    ],
    [
      5,
      3,
      -0.06566453791679003
    ],
    [
      5,
      4,
      0.019582371171342434
    ],
    [
      5,
      5,
      -0.011980765594637292
    ],
    [
      6,
      0,
      0.6370005216807784
    ],
    [
      6,
      1,
      0.004658194785104666
    ],
    [
      6,
      2,
      -0.18648678614213426
    ],
    [
      6,
      3,
      -0.046732053785935736
    ],
    [
      6,
      4,
      0.0026948292523297085
    ],
    [
      6,
      5,
      0.012624547176508974
    ]
  ],
  "gamma": 0.45,
  "q_order": 6
}
