{
  "B": 1.0,
  "b_order": 6,
  "edge_b_order": 5,
  "edge_basis": "(1-q)^i * (b^2/(1-b^2))^j",
  "edge_q_order": 5,
  "evidence": {
    "h": 0.001,
    "rms_residual": 0.04740230687603944,
    "status": "approximate_non_validated_edge_basis_seed"
  },
  "f_coeffs": [
    [
      0,
      0,
      0.5
    ],
    [
      0,
      1,
      0.44755353502541273
    ],
    [
      0,
      2,
      0.7511436192551355
    ],
    [
      0,
      3,
      0.0939117567885555
    ],
    [
      0,
      4,
      0.060960775882068455
    ],
    [
      0,
      5,
      0.07136859386253817
    ],
    [
      0,
      6,
      0.04886011887355798
    ],
    [
      1,
      0,
      -1.9576629554885567
    ],
    [
      1,
      1,
      -2.0645912819212078
    ],
    [
      1,
      2,
      -3.6572180358840938
    ],
    [
      1,
      3,
      -0.07941739357079437
    ],
    [
      1,
      4,
      -0.22453445735160069
    ],
    [
      1,
      5,
      -0.3707147057691881
    ],
    [
      1,
      6,
      -0.07509068264029409
    ],
    [
      2,
      0,
      3.215543129664872
    ],
    [
      2,
      1,
      3.5150609555973675
    ],
    [
      2,
      2,
      4.9513895584895895
    ],
    [
      2,
      3,
      -0.4981231010037873
    ],
    [
      2,
      4,
      -0.4991475783881453
    ],
    [
      2,
      5,
      -0.5626899195163626
    ],
    [
      2,
      6,
      -0.09515473047026522
    ],
    [
      3,
      0,
      -2.2464164845370473
    ],
    [
      3,
      1,
      -2.6340175940294883
    ],
    [
      3,
      2,
      -1.2190828024665237
    ],
    [
      3,
      3,
      0.3493804902991299
    ],
    [
      3,
      4,
      -0.4016287067704102
    ],
    [
      3,
      5,
      -0.05472697545183238
    ],
    [
      3,
      6,
      -0.02387678409261891
    ],
    [
      4,
      0,
      -0.02955588655569253
    ],
    [
      4,
      1,
      -0.3178023292160688
    ],
    [
      4,
      2,
      -2.185944335037419
    ],
    [
      4,
      3,
      0.7545009837561846
    ],
    [
      4,
      4,
      0.5205908860772225
    ],
    [
      4,
      5,
      0.20792744828087997
    ],
    [
      4,
      6,
      0.11693543560082877
    ],
    [
      5,
      0,
      0.6479286796026719
    ],
    [
      5,
      1,
      1.4384768676147623
    ],
    [
      5,
      2,
      0.14619156202328046
    ],
    [
      5,
      3,
      0.28509729116032023
    ],
    [
      5,
      4,
      0.6579302492169556
    ],
    [
      5,
      5,
      0.19673781312742544
    ],
    [
      5,
      6,
      0.14843616191148615
    ],
    [
      6,
      0,
      0.040188907037568174
    ],
    [
      6,
      1,
      -0.21110955155354622
    ],
    [
      6,
      2,
      0.841590772012714
    ],
    [
      6,
      3,
      -0.29184955745030666
    ],
    [
      6,
      4,
      0.10150396690037788
    ],
    [
      6,
      5,
      0.336657869100863
    ],
    [
      6,
      6,
      0.08526169043937895
    ],
    [
      7,
      0,
      -0.07062641920525994
    ],
    [
      7,
      1,
      -0.12660348899723775
    ],
    [
      7,
      2,
      0.12180865506319288
    ],
    [
      7,
      3,
      0.009236462574796073
    ],
    [
      7,
      4,
      0.03154398191573694
    ],
    [
      7,
      5,
      0.054843561442422056
    ],
    [
      7,
      6,
      0.0644851037719279
    ]
  ],
  "f_edge_coeffs": [
    [
      0,
      0,
      -0.012135523382800066
    ],
    [
      0,
      1,
      0.02077081251700265
    ],
    [
      0,
      2,
      0.0059905255953445116
    ],
    [
      0,
      3,
      -0.0003771213685045436
    ],
    [
      0,
      4,
      -4.3788448271067355e-05
    ],
    [
      0,
      5,
      5.924439192914176e-06
    ],
    [
      1,
      0,
      -0.0006738421379730024
    ],
    [
      1,
      1,
      -0.05826170071190277
    ],
    [
      1,
      2,
      -0.007164695168011915
    ],
    [
      1,
      3,
      -0.0004043763436557253
    ],
    [
      1,
      4,
      -2.8968698635703716e-05
    ],
    [
      1,
      5,
      4.250165221306432e-06
    ],
    [
      2,
      0,
      0.009886975118712735
    ],
    [
      2,
      1,
      0.051729661899868336
    ],
    [
      2,
      2,
      -0.0031975648112167595
    ],
    [
      2,
      3,
      6.596842937190609e-05
    ],
    [
      2,
      4,
      -6.997626062940447e-05
    ],
    [
      2,
      5,
      3.6906600877546067e-06
    ],
    [
      3,
      0,
      -0.010716507444273575
    ],
    [
      3,
      1,
      -0.006005738392940414
    ],
    [
      3,
      2,
      0.012102662384270825
    ],
    [
      3,
      3,
      0.001373704354508895
    ],
    [
      3,
      4,
      -0.00010277828370158945
    ],
    [
      3,
      5,
      5.508472074301177e-07
    ],
    [
      4,
      0,
      -0.04118282396841461
    ],
    [
      4,
      1,
      -0.05248627010075648
    ],
    [
      4,
      2,
      0.008271999908004146
    ],
    [
      4,
      3,
      0.0015346006098463747
    ],
    [
      4,
      4,
      -0.000178268915291468
    ],
    [
      4,
      5,
      -1.0607845685110902e-05
    ],
    [
      5,
      0,
      -0.011119084609435725
    ],
    [
      5,
      1,
      -0.010438255837114465
    ],
    [
      5,
      2,
      0.0015321716579765252
    ],
    [
      5,
      3,
      0.0005088315866349288
    ],
    [
      5,
      4,
      -6.156598841511043e-05
    ],
    [
      5,
      5,
      -3.822401460992103e-05
    ]
  ],