{
  "B": 1.0,
  "b_order": 6,
  "edge_b_order": 7,
  "edge_basis": "(1-q)^i * (b^2/(1-b^2))^j",
  "edge_q_order": 7,
  "evidence": {
    "h": 0.001,
    "rms_residual": 0.04437404357189991,
    "status": "approximate_non_validated_edge_basis_seed"
  },
  "f_coeffs": [
    [
      0,
      0,
      0.5
    ],
    [
      0,
      1,
      0.4475941425132375
    ],
    [
      0,
      2,
      0.7505366157054252
    ],
    [
      0,
      3,
      0.09433207054619593
    ],
    [
      0,
      4,
      0.06163519529570837
    ],
    [
      0,
      5,
      0.07135022880431126
    ],
    [
      0,
      6,
      0.048804555502333
    ],
    [
      1,
      0,
      -1.9574660813543396
    ],
    [
      1,
      1,
      -2.066633808045249
    ],
    [
      1,
      2,
      -3.6562495001025743
    ],
    [
      1,
      3,
      -0.07852133671004062
    ],
    [
      1,
      4,
      -0.22413087372362298
    ],
    [
      1,
      5,
      -0.37061437191621965
    ],
    [
      1,
      6,
      -0.07496274084820206
    ],
    [
      2,
      0,
      3.2152995651429808
    ],
    [
      2,
      1,
      3.5102384894742724
    ],
    [
      2,
      2,
      4.952724477356675
    ],
    [
      2,
      3,
      -0.4976264713729895
    ],
    [
      2,
      4,
      -0.4984987636722296
    ],
    [
      2,
      5,
      -0.5623342617333693
    ],
    [
      2,
      6,
      -0.09641841609032106
    ],
    [
      3,
      0,
      -2.2462124397962135
    ],
    [
      3,
      1,
      -2.6281042854120455
    ],
    [
      3,
      2,
      -1.2230016798373065
    ],
    [
      3,
      3,
      0.349414577460161
    ],
    [
      3,
      4,
      -0.401929702546544
    ],
    [
      3,
      5,
      -0.05473418714836612
    ],
    [
      3,
      6,
      -0.025760339116853742
    ],
    [
      4,
      0,
      -0.029261554514179874
    ],
    [
      4,
      1,
      -0.31572454390387883
    ],
    [
      4,
      2,
      -2.186034357921448
    ],
    [
      4,
      3,
      0.7517611682494397
    ],
    [
      4,
      4,
      0.5201307455447951
    ],
    [
      4,
      5,
      0.20716341819815018
    ],
    [
      4,
      6,
      0.11680290608825963
    ],
    [
      5,
      0,
      0.6491141987130775
    ],
    [
      5,
      1,
      1.4361588866580035
    ],
    [
      5,
      2,
      0.14713481447783905
    ],
    [
      5,
      3,
      0.2808576982855712
    ],
    [
      5,
      4,
      0.6570058441874065
    ],
    [
      5,
      5,
      0.19520595012378847
    ],
    [
      5,
      6,
      0.14760202680847367
    ],
    [
      6,
      0,
      0.03767947708733033
    ],
    [
      6,
      1,
      -0.21348449273356868
    ],
    [
      6,
      2,
      0.8473278530560538
    ],
    [
      6,
      3,
      -0.29102592694257723
    ],
    [
      6,
      4,
      0.09852222484922571
    ],
    [
      6,
      5,
      0.3391001163825275
    ],
    [
      6,
      6,
      0.08327310688276218
    ],
    [
      7,
      0,
      -0.071948471441711
    ],
    [
      7,
      1,
      -0.12714631433036622
    ],
    [
      7,
      2,
      0.12585306306880908
    ],
    [
      7,
      3,
      0.010174354046670756
    ],
    [
      7,
      4,
      0.030093983488608117
    ],
    [
      7,
      5,
      0.054406998650810674
    ],
    [
      7,
      6,
      0.06497622415646476
    ]
  ],
  "f_edge_coeffs": [
    [
      0,
      0,
      -0.016353313927772416
    ],
    [
      0,
      1,
      0.025059457621211062
    ],
    [
      0,
      2,
      0.007198162563213304
    ],
    [
      0,
      3,
      -0.0005377335091642176
    ],
    [
      0,
      4,
      -7.505773202271134e-05
    ],
    [
      0,
      5,
      5.308502393674575e-06
    ],
    [
      0,
      6,
      1.7862053356247445e-06
    ],
    [
      0,
      7,
      3.6106763949690373e-07
    ],
    [
      1,
      0,
      0.004731919412524678
    ],
    [
      1,
      1,
      -0.07011698311555901
    ],
    [
      1,
      2,
      -0.00708659298849538
    ],
    [
      1,
      3,
      -0.0004659863952110419
    ],
    [
      1,
      4,
      -4.6956525477777863e-05
    ],
    [
      1,
      5,
      5.804293791337729e-06
    ],
    [
      1,
      6,
      1.4134791154852142e-06
    ],
    [
      1,
      7,
      2.9753788028276293e-07
    ],
    [
      2,
      0,
      -0.0001309587452211628
    ],
    [
      2,
      1,
      0.05998637927443951
    ],
    [
      2,
      2,
      -0.0037021897751814596
    ],
    [
      2,
      3,
      6.916930100018073e-05
    ],
    [
      2,
      4,
      -8.575457333832273e-05
    ],
    [
      2,
      5,
      2.905771009704026e-06
    ],
    [
      2,
      6,
      9.043469292436879e-07
    ],
    [
      2,
      7,
      1.8604937953396184e-07
    ],
    [
      3,
      0,
      -0.011238362582608049
    ],
    [
      3,
      1,
      -0.003008541522774976
    ],
    [
      3,
      2,
      0.011664013175339228
    ],
    [
      3,
      3,
      0.001536883179698047
    ],
    [
      3,
      4,
      -0.00010227169755335369
    ],
    [
      3,
      5,
      3.1048756032748894e-07
    ],
    [
      3,
      6,
      8.117819142690199e-07
    ],
    [
      3,
      7,
      1.6208541402681852e-07
    ],
    [
      4,
      0,
      -0.0393832154711173
    ],
    [
      4,
      1,
      -0.05365517081896862
    ],
    [
      4,
      2,
      0.008508652235346865
    ],
    [
      4,
      3,
      0.0019097761805146663
    ],
    [
      4,
      4,
      -0.00016497452136349293
    ],
    [
      4,
      5,
      -1.382422488850889e-05
    ],
    [
      4,
      6,
      -1.5506498647264192e-07
    ],
    [
      4,
      7,
      1.146885647692308e-07
    ],
    [
      5,
      0,
      -0.009466187798168841
    ],
    [
      5,
      1,
      -0.021414595703105353
    ],
    [
      5,
      2,
      0.002236149289386388
    ],
    [
      5,
      3,
      0.0010815474196941973
    ],
    [
      5,
      4,
      -6.328930918543933e-05
    ],
    [
      5,
      5,
      -5.6989881092981317e-05
    ],
    [
      5,
      6,
      -3.971007752295539e-06
    ],
    [
      5,
      7,
      -1.3961227692260545e-07
    ],
    [
      6,
      0,
      -0.014526347711515718
    ],
    [
      6,
      1,
      -0.017104063941614116
    ],
    [
      6,
      2,
      0.0010691747942831171
    ],
    [
      6,
      3,
      0.0006213010852956221
    ],
    [
      6,
      4,
      -2.061546618613803e-05
    ],
    [
      6,
      5,
      -3.056206258757759e-05
    ],
    [
      6,
      6,
      -1.3588036987255899e-05
    ],
    [
      6,
      7,
      -8.694720436577445e-07
    ],
    [
      7,
      0,
      -0.008119818388230986
    ],
    [
      7,
      1,
      -0.0030246460944308973
    ],
    [
      7,
      2,
      -1.2570929393509093e-05
    ],
    [
      7,
      3,
      0.00027135810216521094
    ],
    [
      7,
      4,
      -1.6041262916271112e-05
    ],
    [
      7,
      5,
      -1.555869474722364e-05
    ],
    [
      7,
      6,
      -6.393070366055275e-06
    ],
    [
      7,
      7,
      -2.4943957663824658e-06
    ]
  ],