{
  "B": 1.0,
  "b_order": 6,
  "evidence": {
    "h": 0.001,
    "rms_residual": 0.024189830613472258,
    "status": "approximate_non_validated_seed",
    "training_grid_n": 17
  },
  "f_coeffs": [
    [
      0,
      0,
      0.5
    ],
    [
      0,
      1,
      0.4539215114125323
    ],
    [
      0,
      2,
      0.761776609163651
    ],
    [
      0,
      3,
      0.08860999576294673
    ],
    [
      0,
      4,
      0.07653680143307101
    ],
    [
      0,
      5,
      0.05918265928430515
    ],
    [
      0,
      6,
      0.01740979535852904
    ],
    [
      1,
      0,
      -1.947153090703181
    ],
    [
      1,
      1,
      -2.0935243337263327
    ],
    [
      1,
      2,
      -3.7752460515348893
    ],
    [
      1,
      3,
      -0.1098529123260918
    ],
    [
      1,
      4,
      -0.23065998791319406
    ],
    [
      1,
      5,
      -0.3374748952490069
    ],
    [
      1,
      6,
      -0.03359114566685417
    ],
    [
      2,
      0,
      3.1888164660429426
    ],
    [
      2,
      1,
      3.5195066082689
    ],
    [
      2,
      2,
      4.928556522623878
    ],
    [
      2,
      3,
      -0.5321349058001872
    ],
    [
      2,
      4,
      -0.49533702250922557
    ],
    [
      2,
      5,
      -0.5693206159824016
    ],
    [
      2,
      6,
      -0.049789444109658056
    ],
    [
      3,
      0,
      -2.2185989926627996
    ],
    [
      3,
      1,
      -2.5725587127521954
    ],
    [
      3,
      2,
      -1.1526170325819856
    ],
    [
      3,
      3,
      0.4022666842232776
    ],
    [
      3,
      4,
      -0.4024621922379609
    ],
    [
      3,
      5,
      -0.07452352487068178
    ],
    [
      3,
      6,
      -0.03384298095244467
    ],
    [
      4,
      0,
      -0.022618238320537033
    ],
    [
      4,
      1,
      -0.3114477736342077
    ],
    [
      4,
      2,
      -2.144635945014314
    ],
    [
      4,
      3,
      0.8904435657660197
    ],
    [
      4,
      4,
      0.5562197477168865
    ],
    [
      4,
      5,
      0.18222931121002103
    ],
    [
      4,
      6,
      -0.0007037944019994517
    ],
    [
      5,
      0,
      0.6364444127516505
    ],
    [
      5,
      1,
      1.3487700317999005
    ],
    [
      5,
      2,
      0.07710965310047399
    ],
    [
      5,
      3,
      0.3693692497016397
    ],
    [
      5,
      4,
      0.6739445798710104
    ],
    [
      5,
      5,
      0.15530815858433494
    ],
    [
      5,
      6,
      0.060293466752803254
    ],
    [
      6,
      0,
      0.003701665875184827
    ],
    [
      6,
      1,
      -0.2566525990769499
    ],
    [
      6,
      2,
      0.7399376108642196
    ],
    [
      6,
      3,
      -0.21454737191669582
    ],
    [
      6,
      4,
      0.15840368952882095
    ],
    [
      6,
      5,
      0.30923164119997537
    ],
    [
      6,
      6,
      -0.005406712516476419
    ],
    [
      7,
      0,
      -0.024334794526532165
    ],
    [
      7,
      1,
      -0.018797023173849323
    ],
    [
      7,
      2,
      0.046539630276782
    ],
    [
      7,
      3,
      -0.007149671920945555
    ],
    [
      7,
      4,
      0.03338486798037288
    ],
    [
      7,
      5,
      0.024005462225979216
    ],
    [
      7,
      6,
      0.002430172279430636
    ]
  ],
  "g_coeffs": [
    [
      0,
      0,
      1.0
    ],
    [
      0,
      1,
      -1.276799114325228
    ],
    [
      0,
      2,
      1.9741108757786587
    ],
    [
      0,
      3,
      -0.20343899851373715
    ],
    [
      0,
      4,
      -0.547763588881983
    ],
    [
      0,
      5,
      0.009537063273102931
    ],
    [
      0,
      6,
      0.023560202184323982
    ],
    [
      1,
      0,
      -6.235850712840677
    ],
    [
      1,
      1,
      5.750193796133831
    ],
    [
      1,
      2,
      -2.819986356975109
    ],
    [
      1,
      3,
      0.10286186877888144
    ],
    [
      1,
      4,
      -0.3378778020380095
    ],
    [
      1,
      5,
      -0.06972157181014038
    ],
    [
      1,
      6,
      0.005003086652979865
    ],
    [
      2,
      0,
      14.229519930086045
    ],
    [
      2,
      1,
      -7.298338594294731
    ],
    [
      2,
      2,
      -1.1824840959409084
    ],
    [
      2,
      3,
      0.09338026185708508
    ],
    [
      2,
      4,
      -0.204803057123277
    ],
    [
      2,
      5,
      -0.10158452884722989
    ],
    [
      2,
      6,
      -0.0033545099711564056
    ],
    [
      3,
      0,
      -11.859640507617765
    ],
    [
      3,
      1,
      2.3304516482125055
    ],
    [
      3,
      2,
      4.7214772260379085
    ],
    [
      3,
      3,
      0.07544032943635032
    ],
    [
      3,
      4,
      -0.12267454489292473
    ],
    [
      3,
      5,
      -0.10436432055607443
    ],
    [
      3,
      6,
      -0.005950852607943194
    ],
    [
      4,
      0,
      0.06166458043596722
    ],
    [
      4,
      1,
      0.5140730112645191
    ],
    [
      4,
      2,
      0.3490194944927535
    ],
    [
      4,
      3,
      0.07255417297829844
    ],
    [
      4,
      4,
      -0.06542490609490849
    ],
    [
      4,
      5,
      -0.08194138353115392
    ],
    [
      4,
      6,
      -0.005056638581124472
    ],
    [
      5,
      0,
      2.7533306895865954
    ],
    [
      5,
      1,
      0.8489686539292705
    ],
    [
      5,
      2,
      -0.3109895797396663
    ],
    [
      5,
      3,
      -0.15967669188218236
    ],
    [
      5,
      4,
      -0.015299569245248074
    ],
    [
      5,
      5,
      -0.04056493842918105
    ],
    [
      5,
      6,
      -0.002192835854584041
    ],
    [
      6,
      0,
      0.5990442942441463
    ],
    [
      6,
      1,
      0.276125036406588
    ],
    [
      6,
      2,
      -0.37077610529156235
    ],
    [
      6,
      3,
      -0.12763314426735584
    ],
    [
      6,
      4,
      -0.011763109616644871
    ],
    [
      6,
      5,
      0.01161756253897114
    ],
    [
      6,
      6,
      0.001560815145404898
    ],
    [
      7,
      0,
      -0.021150498350172513
    ],
    [
      7,
      1,
      0.04947247439870214
    ],
    [
      7,
      2,
      -0.003374642051664246
    ],
    [
      7,
      3,
      -0.0022135357814308068
    ],
    [
      7,
      4,
      0.0032428801341147016
    ],
    [
      7,
      5,
      0.0053391642516165
    ],
    [
      7,
      6,
      0.005475904364526465
    ]
  ],
  "gamma": 0.45,
  "q_order": 7
}
