{
  "B": 1.0,
  "b_order": 6,
  "evidence": {
    "h": 0.001,
    "rms_residual": 0.05578420332848304,
    "status": "approximate_non_validated_seed",
    "training_grid_n": 17
  },
  "f_coeffs": [
    [
      0,
      0,
      0.5
    ],
    [
      0,
      1,
      0.45132317744612316
    ],
    [
      0,
      2,
      0.7605832952069448
    ],
    [
      0,
      3,
      0.08936359220109227
    ],
    [
      0,
      4,
      0.06074149268843764
    ],
    [
      0,
      5,
      0.07084291789810036
    ],
    [
      0,
      6,
      0.02998377652752467
    ],
    [
      1,
      0,
      -1.9499355218760503
    ],
    [
      1,
      1,
      -2.082563070076732
    ],
    [
      1,
      2,
      -3.715659974425539
    ],
    [
      1,
      3,
      -0.10293686040285707
    ],
    [
      1,
      4,
      -0.22713755752141934
    ],
    [
      1,
      5,
      -0.3560393938538185
    ],
    [
      1,
      6,
      -0.0505652696896877
    ],
    [
      2,
      0,
      3.213683883114387
    ],
    [
      2,
      1,
      3.5379378181942784
    ],
    [
      2,
      2,
      4.950879347081577
    ],
    [
      2,
      3,
      -0.5180825821663775
    ],
    [
      2,
      4,
      -0.48819172057334836
    ],
    [
      2,
      5,
      -0.5617748660060348
    ],
    [
      2,
      6,
      -0.09457301808325348
    ],
    [
      3,
      0,
      -2.238637986206337
    ],
    [
      3,
      1,
      -2.607714658981605
    ],
    [
      3,
      2,
      -1.187973229682349
    ],
    [
      3,
      3,
      0.36107458052417196
    ],
    [
      3,
      4,
      -0.4066208012194224
    ],
    [
      3,
      5,
      -0.05903018434009343
    ],
    [
      3,
      6,
      -0.05123161039117334
    ],
    [
      4,
      0,
      -0.03702440870264821
    ],
    [
      4,
      1,
      -0.32936267611456094
    ],
    [
      4,
      2,
      -2.1664121984565186
    ],
    [
      4,
      3,
      0.8113737045324794
    ],
    [
      4,
      4,
      0.5430041598316824
    ],
    [
      4,
      5,
      0.2067934544649661
    ],
    [
      4,
      6,
      0.07273316603142604
    ],
    [
      5,
      0,
      0.6367347675424438
    ],
    [
      5,
      1,
      1.3853789209527931
    ],
    [
      5,
      2,
      0.09821971980838226
    ],
    [
      5,
      3,
      0.3120051861486518
    ],
    [
      5,
      4,
      0.6613158897325707
    ],
    [
      5,
      5,
      0.18025952576147106
    ],
    [
      5,
      6,
      0.1042398070283849
    ],
    [
      6,
      0,
      0.03841114321274066
    ],
    [
      6,
      1,
      -0.22098173390240097
    ],
    [
      6,
      2,
      0.8067419673122261
    ],
    [
      6,
      3,
      -0.26388357700853227
    ],
    [
      6,
      4,
      0.1289137675011747
    ],
    [
      6,
      5,
      0.3427080718044815
    ],
    [
      6,
      6,
      0.04618221640003768
    ],
    [
      7,
      0,
      -0.04342488348174611
    ],
    [
      7,
      1,
      -0.07477743996212874
    ],
    [
      7,
      2,
      0.0846720854346938
    ],
    [
      7,
      3,
      0.0043052175375413995
    ],
    [
      7,
      4,
      0.050985147484453916
    ],
    [
      7,
      5,
      0.047750154417977544
    ],
    [
      7,
      6,
      0.051316130750479715
    ]
  ],
  "g_coeffs": [
    [
      0,
      0,
      1.0
    ],
    [
      0,
      1,
      -1.2828451376921297
    ],
    [
      0,
      2,
      1.9374193573807805
    ],
    [
      0,
      3,
      -0.18029040626779733
    ],
    [
      0,
      4,
      -0.5125384817781052
    ],
    [
      0,
      5,
      0.04493162330161678
    ],
    [
      0,
      6,
      0.05476206762016245
    ],
    [
      1,
      0,
      -6.2556689356911725
    ],
    [
      1,
      1,
      5.74105363164975
    ],
    [
      1,
      2,
      -2.792036854045004
    ],
    [
      1,
      3,
      0.15691795906796197
    ],
    [
      1,
      4,
      -0.3043285971348197
    ],
    [
      1,
      5,
      -0.05421536680964846
    ],
    [
      1,
      6,
      0.009985575936933208
    ],
    [
      2,
      0,
      14.305134895951348
    ],
    [
      2,
      1,
      -7.328121169241473
    ],
    [
      2,
      2,
      -1.1429767313408894
    ],
    [
      2,
      3,
      0.1392072426124339
    ],
    [
      2,
      4,
      -0.18311551667231787
    ],
    [
      2,
      5,
      -0.09696753448443092
    ],
    [
      2,
      6,
      -0.0072259597554244995
    ],
    [
      3,
      0,
      -11.93020514716318
    ],
    [
      3,
      1,
      2.31555213350239
    ],
    [
      3,
      2,
      4.743152871276063
    ],
    [
      3,
      3,
      0.09579315002755925
    ],
    [
      3,
      4,
      -0.11785555441377375
    ],
    [
      3,
      5,
      -0.10869027274384344
    ],
    [
      3,
      6,
      -0.013806901045059567
    ],
    [
      4,
      0,
      0.019432691858874994
    ],
    [
      4,
      1,
      0.5112497995031703
    ],
    [
      4,
      2,
      0.3464163913238609
    ],
    [
      4,
      3,
      0.06923469457059994
    ],
    [
      4,
      4,
      -0.07374515961976659
    ],
    [
      4,
      5,
      -0.09154723076476788
    ],
    [
      4,
      6,
      -0.013831368442304651
    ],
    [
      5,
      0,
      2.800372825136431
    ],
    [
      5,
      1,
      0.8490181157648183
    ],
    [
      5,
      2,
      -0.32990989948826105
    ],
    [
      5,
      3,
      -0.1763455913764436
    ],
    [
      5,
      4,
      -0.029409731148803738
    ],
    [
      5,
      5,
      -0.05093260180022232
    ],
    [
      5,
      6,
      -0.009270159095593937
    ],
    [
      6,
      0,
      0.6416176116599266
    ],
    [
      6,
      1,
      0.27913534292213454
    ],
    [
      6,
      2,
      -0.39266925725544266
    ],
    [
      6,
      3,
      -0.14618054772565145
    ],
    [
      6,
      4,
      -0.024570037314570747
    ],
    [
      6,
      5,
      0.004355340440663991
    ],
    [
      6,
      6,
      -0.0018909046586031888
    ],
    [
      7,
      0,
      -0.0583467966750268
    ],
    [
      7,
      1,
      0.06395754547768576
    ],
    [
      7,
      2,
      -0.015443879443753536
    ],
    [
      7,
      3,
      -0.013483583858652202
    ],
    [
      7,
      4,
      -0.0030868071689095036
    ],
    [
      7,
      5,
      0.0037449700093248536
    ],
    [
      7,
      6,
      0.0067427243730214335
    ]
  ],
  "gamma": 0.45,
  "q_order": 7
}
