{
  "B": 1.0,
  "b_order": 6,
  "bounded_edge_b_order": 8,
  "bounded_edge_basis": "(1-q)^i * b^(2j)",
  "bounded_edge_q_order": 6,
  "dropped_singular_edge_basis": true,
  "edge_family": "vanishing",
  "evidence": {
    "h": 0.001,
    "rms_residual": 0.2809532564188643,
    "status": "approximate_non_validated_bounded_edge_basis_seed"
  },
  "f_bounded_edge_coeffs": [],
  "f_coeffs": [
    [
      0,
      0,
      0.5
    ],
    [
      0,
      1,
      0.0
    ],
    [
      0,
      2,
      0.0
    ],
    [
      0,
      3,
      0.0
    ],
    [
      0,
      4,
      0.0
    ],
    [
      0,
      5,
      0.0
    ],
    [
      0,
      6,
      0.0
    ],
    [
      1,
      0,
      0.0
    ],
    [
      1,
      1,
      0.0
    ],
    [
      1,
      2,
      0.0
    ],
    [
      1,
      3,
      0.0
    ],
    [
      1,
      4,
      0.0
    ],
    [
      1,
      5,
      0.0
    ],
    [
      1,
      6,
      0.0
    ],
    [
      2,
      0,
      -0.039898427921877776
    ],
    [
      2,
      1,
      -0.11651286769434085
    ],
    [
      2,
      2,
      -0.04144699456738781
    ],
    [
      2,
      3,
      0.015181669354668584
    ],
    [
      2,
      4,
      0.00011151912903071225
    ],
    [
      2,
      5,
      0.013688256020849478
    ],
    [
      2,
      6,
      0.026881477762308835
    ],
    [
      3,
      0,
      0.1455809165200121
    ],
    [
      3,
      1,
      0.05080576036381761
    ],
    [
      3,
      2,
      0.004086145197204087
    ],
    [
      3,
      3,
      -0.004824897540115282
    ],
    [
      3,
      4,
      -0.0021871271200599642
    ],
    [
      3,
      5,
      0.01895438601457894
    ],
    [
      3,
      6,
      -0.0027810742635488604
    ],
    [
      4,
      0,
      0.012026611371386855
    ],
    [
      4,
      1,
      0.02952341056331348
    ],
    [
      4,
      2,
      0.022819199589908218
    ],
    [
      4,
      3,
      0.018093138507158362
    ],
    [
      4,
      4,
      0.0059375862848015295
    ],
    [
      4,
      5,
      -0.005551118202567163
    ],
    [
      4,
      6,
      0.007172549380614883
    ],
    [
      5,
      0,
      -0.053233866822801616
    ],
    [
      5,
      1,
      0.0011177248500003345
    ],
    [
      5,
      2,
      0.018157053527691206
    ],
    [
      5,
      3,
      -0.01347226676798576
    ],
    [
      5,
      4,
      -0.006767873912057062
    ],
    [
      5,
      5,
      0.013896921929546698
    ],
    [
      5,
      6,
      -0.022394206234091562
    ],
    [
      6,
      0,
      0.01663883023551045
    ],
    [
      6,
      1,
      -0.0318479613611779
    ],
    [
      6,
      2,
      0.044761608510451245
    ],
    [
      6,
      3,
      0.006747980365072806
    ],
    [
      6,
      4,
      -0.01136737929553499
    ],
    [
      6,
      5,
      -0.0002659955346738462
    ],
    [
      6,
      6,
      -0.0034741782205282125
    ],
    [
      7,
      0,
      0.07637006755273479
    ],
    [
      7,
      1,
      -0.04129392727062938
    ],
    [
      7,
      2,
      -0.007862544458856814
    ],
    [
      7,
      3,
      0.017833190940596693
    ],
    [
      7,
      4,
      -0.04378046225510575
    ],
    [
      7,
      5,
      0.0058254152760544384
    ],
    [
      7,
      6,
      0.016434899430211675
    ]
  ],
  "f_vanishing_edge_coeffs": [
    [
      0,
      0,
      0.09223011987170776
    ],
    [
      0,
      1,
      -0.04916550773975874
    ],
    [
      0,
      2,
      0.0001439140475723594
    ],
    [
      0,
      3,
      -0.0008278026746741788
    ],
    [
      0,
      4,
      -0.001509381824961882
    ],
    [
      0,
      5,
      0.0003171584022692404
    ],
    [
      0,
      6,
      0.00014872712769444196
    ],
    [
      0,
      7,
      0.0006242628482655467
    ],
    [
      0,
      8,
      -0.0012855909023279533
    ],
    [
      1,
      0,
      0.0
    ],
    [
      1,
      1,
      0.0
    ],
    [
      1,
      2,
      0.0
    ],
    [
      1,
      3,
      0.0
    ],
    [
      1,
      4,
      0.0
    ],
    [
      1,
      5,
      0.0
    ],
    [
      1,
      6,
      0.0
    ],
    [
      1,
      7,
      0.0
    ],
    [
      1,
      8,
      0.0
    ],
    [
      2,
      0,
      0.0
    ],
    [
      2,
      1,
      0.0
    ],
    [
      2,
      2,
      0.0
    ],
    [
      2,
      3,
      0.0
    ],
    [
      2,
      4,
      0.0
    ],
    [
      2,
      5,
      0.0
    ],
    [
      2,
      6,
      0.0
    ],
    [
      2,
      7,
      0.0
    ],
    [
      2,
      8,
      0.0
    ],
    [
      3,
      0,
      0.0
    ],
    [
      3,
      1,
      0.0
    ],
    [
      3,
      2,
      0.0
    ],
    [
      3,
      3,
      0.0
    ],
    [
      3,
      4,
      0.0
    ],
    [
      3,
      5,
      0.0
    ],
    [
      3,
      6,
      0.0
    ],
    [
      3,
      7,
      0.0
    ],
    [
      3,
      8,
      0.0
    ],
    [
      4,
      0,
      0.0
    ],
    [
      4,
      1,
      0.0
    ],
    [
      4,
      2,
      0.0
    ],
    [
      4,
      3,
      0.0
    ],
    [
      4,
      4,
      0.0
    ],
    [
      4,
      5,
      0.0
    ],
    [
      4,
      6,
      0.0
    ],
    [
      4,
      7,
      0.0
    ],
    [
      4,
      8,
      0.0
    ],
    [
      5,
      0,
      0.0
    ],
    [
      5,
      1,
      0.0
    ],
    [
      5,
      2,
      0.0
    ],
    [
      5,
      3,
      0.0
    ],
    [
      5,
      4,
      0.0
    ],
    [
      5,
      5,
      0.0
    ],
    [
      5,
      6,
      0.0
    ],
    [
      5,
      7,
      0.0
    ],
    [
      5,
      8,
      0.0
    ],
    [
      6,
      0,
      1.8257233881976984
    ],
    [
      6,
      1,
      -0.9297434615961333
    ],
    [
      6,
      2,
      -8.226630958618813e-10
    ],
    [
      6,
      3,
      6.3968372631715e-09
    ],
    [
      6,
      4,
      -2.919320105615495e-08
    ],
    [
      6,
      5,
      7.638455791442741e-08
    ],
    [
      6,
      6,
      -1.1485534834748857e-07
    ],
    [
      6,
      7,
      9.181560407995777e-08
    ],
    [
      6,
      8,
      -3.039846319589951e-08
    ]
  ],
  "g_bounded_edge_coeffs": [],