{
  "B": 1.0,
  "b_order": 8,
  "bounded_edge_b_order": 8,
  "bounded_edge_basis": "(1-q)^i * b^(2j)",
  "bounded_edge_q_order": 6,
  "dropped_singular_edge_basis": true,
  "edge_family": "vanishing",
  "evidence": {
    "h": 0.001,
    "rms_residual": 0.2885514019724002,
    "status": "approximate_non_validated_bounded_edge_basis_seed"
  },
  "f_bounded_edge_coeffs": [],
  "f_coeffs": [
    [
      0,
      0,
      0.5
    ],
    [
      0,
      1,
      0.0
    ],
    [
      0,
      2,
      0.0
    ],
    [
      0,
      3,
      0.0
    ],
    [
      0,
      4,
      0.0
    ],
    [
      0,
      5,
      0.0
    ],
    [
      0,
      6,
      0.0
    ],
    [
      0,
      7,
      0.0
    ],
    [
      0,
      8,
      0.0
    ],
    [
      1,
      0,
      0.0
    ],
    [
      1,
      1,
      0.0
    ],
    [
      1,
      2,
      0.0
    ],
    [
      1,
      3,
      0.0
    ],
    [
      1,
      4,
      0.0
    ],
    [
      1,
      5,
      0.0
    ],
    [
      1,
      6,
      0.0
    ],
    [
      1,
      7,
      0.0
    ],
    [
      1,
      8,
      0.0
    ],
    [
      2,
      0,
      -0.1317073597694363
    ],
    [
      2,
      1,
      -0.19146098465274458
    ],
    [
      2,
      2,
      -0.12231829418462928
    ],
    [
      2,
      3,
      -0.0094110486575571
    ],
    [
      2,
      4,
      -0.003015630295381172
    ],
    [
      2,
      5,
      0.017981981709532316
    ],
    [
      2,
      6,
      0.04011028345178612
    ],
    [
      2,
      7,
      0.028593300759001176
    ],
    [
      2,
      8,
      0.01213089142618438
    ],
    [
      3,
      0,
      0.2633408448328989
    ],
    [
      3,
      1,
      0.064817785223078
    ],
    [
      3,
      2,
      0.002870433624049681
    ],
    [
      3,
      3,
      -0.03414215247398279
    ],
    [
      3,
      4,
      -0.06495573604634507
    ],
    [
      3,
      5,
      0.009309218225621882
    ],
    [
      3,
      6,
      -0.09609174297114875
    ],
    [
      3,
      7,
      -0.09484550834052946
    ],
    [
      3,
      8,
      -0.08933906523339705
    ],
    [
      4,
      0,
      0.06253586665706327
    ],
    [
      4,
      1,
      0.06301058232445123
    ],
    [
      4,
      2,
      0.022133173337299115
    ],
    [
      4,
      3,
      0.04969455880924582
    ],
    [
      4,
      4,
      -0.04347882917597491
    ],
    [
      4,
      5,
      -0.02138541690152796
    ],
    [
      4,
      6,
      -0.043816713366667356
    ],
    [
      4,
      7,
      -0.05256453710489611
    ],
    [
      4,
      8,
      -0.054952457718134576
    ],
    [
      5,
      0,
      -0.11003788434117678
    ],
    [
      5,
      1,
      -0.03337752108303862
    ],
    [
      5,
      2,
      0.0038165373276994874
    ],
    [
      5,
      3,
      -0.01971682323819423
    ],
    [
      5,
      4,
      -0.00788264603876608
    ],
    [
      5,
      5,
      0.04981008841679673
    ],
    [
      5,
      6,
      -0.07204794834077966
    ],
    [
      5,
      7,
      -0.029419294425468742
    ],
    [
      5,
      8,
      -0.012908935764494193
    ],
    [
      6,
      0,
      -0.07273807603335584
    ],
    [
      6,
      1,
      -0.05829512804195579
    ],
    [
      6,
      2,
      0.07296362661665923
    ],
    [
      6,
      3,
      0.020921284178757472
    ],
    [
      6,
      4,
      0.02726961333653078
    ],
    [
      6,
      5,
      -0.01932314592879107
    ],
    [
      6,
      6,
      -0.033511762741621993
    ],
    [
      6,
      7,
      -0.004609496469135877
    ],
    [
      6,
      8,
      -0.005659557715738379
    ],
    [
      7,
      0,
      0.04086109675077164
    ],
    [
      7,
      1,
      -0.07428197542281091
    ],
    [
      7,
      2,
      -0.017067241618853396
    ],
    [
      7,
      3,
      0.046706446256466284
    ],
    [
      7,
      4,
      -0.06445699880082251
    ],
    [
      7,
      5,
      0.0017274651210193908
    ],
    [
      7,
      6,
      -0.035679120612184013
    ],
    [
      7,
      7,
      -0.013321762195969396
    ],
    [
      7,
      8,
      0.014142726974974566
    ],
    [
      8,
      0,
      0.021000849314208897
    ],
    [
      8,
      1,
      -0.014842296282436555
    ],
    [
      8,
      2,
      -0.001007604617347604
    ],
    [
      8,
      3,
      0.02511288550605153
    ],
    [
      8,
      4,
      -0.013886998022589473
    ],
    [
      8,
      5,
      0.03350773081222161
    ],
    [
      8,
      6,
      0.02790927752344165
    ],
    [
      8,
      7,
      0.010311916029421194
    ],
    [
      8,
      8,
      -0.04829402127788188
    ],
    [
      9,
      0,
      0.16924017648221734
    ],
    [
      9,
      1,
      -0.010678750416373794
    ],
    [
      9,
      2,
      -0.01881390587679454
    ],
    [
      9,
      3,
      -0.022417520122405696
    ],
    [
      9,
      4,
      0.0011791742147319504
    ],
    [
      9,
      5,
      0.016258501352103282
    ],
    [
      9,
      6,
      0.03626714728028924
    ],
    [
      9,
      7,
      0.014152522300110127
    ],
    [
      9,
      8,
      0.009977669994678473
    ]
  ],