{
  "B": 1.0,
  "b_order": 6,
  "edge_b_order": 4,
  "edge_basis": "(1-q)^i * (b^2/(1-b^2))^j",
  "edge_q_order": 4,
  "evidence": {
    "h": 0.001,
    "rms_residual": 0.06546390145560345,
    "status": "approximate_non_validated_edge_basis_seed"
  },
  "f_coeffs": [
    [
      0,
      0,
      0.5
    ],
    [
      0,
      1,
      0.44755353502541273
    ],
    [
      0,
      2,
      0.7511436192551355
    ],
    [
      0,
      3,
      0.0939117567885555
    ],
    [
      0,
      4,
      0.060960775882068455
    ],
    [
      0,
      5,
      0.07136859386253817
    ],
    [
      0,
      6,
      0.04886011887355798
    ],
    [
      1,
      0,
      -1.9576629554885567
    ],
    [
      1,
      1,
      -2.0645912819212078
    ],
    [
      1,
      2,
      -3.6572180358840938
    ],
    [
      1,
      3,
      -0.07941739357079437
    ],
    [
      1,
      4,
      -0.22453445735160069
    ],
    [
      1,
      5,
      -0.3707147057691881
    ],
    [
      1,
      6,
      -0.07509068264029409
    ],
    [
      2,
      0,
      3.215543129664872
    ],
    [
      2,
      1,
      3.5150609555973675
    ],
    [
      2,
      2,
      4.9513895584895895
    ],
    [
      2,
      3,
      -0.4981231010037873
    ],
    [
      2,
      4,
      -0.4991475783881453
    ],
    [
      2,
      5,
      -0.5626899195163626
    ],
    [
      2,
      6,
      -0.09515473047026522
    ],
    [
      3,
      0,
      -2.2464164845370473
    ],
    [
      3,
      1,
      -2.6340175940294883
    ],
    [
      3,
      2,
      -1.2190828024665237
    ],
    [
      3,
      3,
      0.3493804902991299
    ],
    [
      3,
      4,
      -0.4016287067704102
    ],
    [
      3,
      5,
      -0.05472697545183238
    ],
    [
      3,
      6,
      -0.02387678409261891
    ],
    [
      4,
      0,
      -0.02955588655569253
    ],
    [
      4,
      1,
      -0.3178023292160688
    ],
    [
      4,
      2,
      -2.185944335037419
    ],
    [
      4,
      3,
      0.7545009837561846
    ],
    [
      4,
      4,
      0.5205908860772225
    ],
    [
      4,
      5,
      0.20792744828087997
    ],
    [
      4,
      6,
      0.11693543560082877
    ],
    [
      5,
      0,
      0.6479286796026719
    ],
    [
      5,
      1,
      1.4384768676147623
    ],
    [
      5,
      2,
      0.14619156202328046
    ],
    [
      5,
      3,
      0.28509729116032023
    ],
    [
      5,
      4,
      0.6579302492169556
    ],
    [
      5,
      5,
      0.19673781312742544
    ],
    [
      5,
      6,
      0.14843616191148615
    ],
    [
      6,
      0,
      0.040188907037568174
    ],
    [
      6,
      1,
      -0.21110955155354622
    ],
    [
      6,
      2,
      0.841590772012714
    ],
    [
      6,
      3,
      -0.29184955745030666
    ],
    [
      6,
      4,
      0.10150396690037788
    ],
    [
      6,
      5,
      0.336657869100863
    ],
    [
      6,
      6,
      0.08526169043937895
    ],
    [
      7,
      0,
      -0.07062641920525994
    ],
    [
      7,
      1,
      -0.12660348899723775
    ],
    [
      7,
      2,
      0.12180865506319288
    ],
    [
      7,
      3,
      0.009236462574796073
    ],
    [
      7,
      4,
      0.03154398191573694
    ],
    [
      7,
      5,
      0.054843561442422056
    ],
    [
      7,
      6,
      0.0644851037719279
    ]
  ],
  "f_edge_coeffs": [
    [
      0,
      0,
      -0.010653598072943762
    ],
    [
      0,
      1,
      0.018268760174302727
    ],
    [
      0,
      2,
      0.00514762362816413
    ],
    [
      0,
      3,
      -0.00025111968393013237
    ],
    [
      0,
      4,
      -2.63534871286242e-05
    ],
    [
      1,
      0,
      -0.0031525009785968883
    ],
    [
      1,
      1,
      -0.048843826670188786
    ],
    [
      1,
      2,
      -0.006972754306297553
    ],
    [
      1,
      3,
      -0.0003796960560480107
    ],
    [
      1,
      4,
      -1.8502509686320815e-05
    ],
    [
      2,
      0,
      0.016433215874140344
    ],
    [
      2,
      1,
      0.04505949492214082
    ],
    [
      2,
      2,
      -0.0025815106763497583
    ],
    [
      2,
      3,
      1.9489861245725672e-05
    ],
    [
      2,
      4,
      -6.426996479641954e-05
    ],
    [
      3,
      0,
      -0.013808518121921966
    ],
    [
      3,
      1,
      -0.012161502745979555
    ],
    [
      3,
      2,
      0.012817124661904074
    ],
    [
      3,
      3,
      0.0012081899172798848
    ],
    [
      3,
      4,
      -9.900665751005624e-05
    ],
    [
      4,
      0,
      -0.04746103768904442
    ],
    [
      4,
      1,
      -0.049585228191879695
    ],
    [
      4,
      2,
      0.008097331137002608
    ],
    [
      4,
      3,
      0.0012104968210264518
    ],
    [
      4,
      4,
      -0.00016388988721276407
    ]
  ],