{
  "B": 1.0,
  "b_order": 6,
  "edge_b_order": 4,
  "edge_basis": "(1-q)^i * (b^2/(1-b^2))^j",
  "edge_q_order": 4,
  "evidence": {
    "h": 0.001,
    "rms_residual": 0.052573663782048474,
    "status": "approximate_non_validated_edge_basis_seed"
  },
  "f_coeffs": [
    [
      0,
      0,
      0.5
    ],
    [
      0,
      1,
      0.44783705103463567
    ],
    [
      0,
      2,
      0.7561465309689714
    ],
    [
      0,
      3,
      0.09140727836364747
    ],
    [
      0,
      4,
      0.05953774157773468
    ],
    [
      0,
      5,
      0.06932039994717486
    ],
    [
      0,
      6,
      0.04657211784090113
    ],
    [
      1,
      0,
      -1.9535106567285685
    ],
    [
      1,
      1,
      -2.0644400450568416
    ],
    [
      1,
      2,
      -3.6766211022105417
    ],
    [
      1,
      3,
      -0.08203730819140265
    ],
    [
      1,
      4,
      -0.2249577793001913
    ],
    [
      1,
      5,
      -0.3725341962563453
    ],
    [
      1,
      6,
      -0.07342312500448374
    ],
    [
      2,
      0,
      3.220675595174957
    ],
    [
      2,
      1,
      3.530449911827205
    ],
    [
      2,
      2,
      4.953402683536341
    ],
    [
      2,
      3,
      -0.5000744233241634
    ],
    [
      2,
      4,
      -0.5037881050148929
    ],
    [
      2,
      5,
      -0.565448353413237
    ],
    [
      2,
      6,
      -0.09673479805025126
    ],
    [
      3,
      0,
      -2.250715015367943
    ],
    [
      3,
      1,
      -2.639037183686341
    ],
    [
      3,
      2,
      -1.2035503255045095
    ],
    [
      3,
      3,
      0.34437684986945993
    ],
    [
      3,
      4,
      -0.4065443551523493
    ],
    [
      3,
      5,
      -0.060271918251479754
    ],
    [
      3,
      6,
      -0.026983997929494904
    ],
    [
      4,
      0,
      -0.04054931128429536
    ],
    [
      4,
      1,
      -0.3249207667544537
    ],
    [
      4,
      2,
      -2.1875596386295753
    ],
    [
      4,
      3,
      0.7659378095583843
    ],
    [
      4,
      4,
      0.5184023294933541
    ],
    [
      4,
      5,
      0.20525293848694182
    ],
    [
      4,
      6,
      0.10772840579176515
    ],
    [
      5,
      0,
      0.648585368949751
    ],
    [
      5,
      1,
      1.4262765906670936
    ],
    [
      5,
      2,
      0.13603525118701454
    ],
    [
      5,
      3,
      0.28816004755230135
    ],
    [
      5,
      4,
      0.64977205236698
    ],
    [
      5,
      5,
      0.20093917243894185
    ],
    [
      5,
      6,
      0.14582262917235445
    ],
    [
      6,
      0,
      0.05176423982836808
    ],
    [
      6,
      1,
      -0.211445234775335
    ],
    [
      6,
      2,
      0.8253571625511952
    ],
    [
      6,
      3,
      -0.2761051420079064
    ],
    [
      6,
      4,
      0.11288968773169362
    ],
    [
      6,
      5,
      0.34446648355520015
    ],
    [
      6,
      6,
      0.09283387153213613
    ],
    [
      7,
      0,
      -0.06441588459964641
    ],
    [
      7,
      1,
      -0.10889689036260543
    ],
    [
      7,
      2,
      0.1045682126309504
    ],
    [
      7,
      3,
      0.01400503370707
    ],
    [
      7,
      4,
      0.04503291501988649
    ],
    [
      7,
      5,
      0.06526606901987367
    ],
    [
      7,
      6,
      0.06934589229335664
    ]
  ],
  "f_edge_coeffs": [
    [
      0,
      0,
      -0.007764276017119843
    ],
    [
      0,
      1,
      0.01762989138045203
    ],
    [
      0,
      2,
      0.005065203654780361
    ],
    [
      0,
      3,
      -0.0002479426740430567
    ],
    [
      0,
      4,
      -3.9156131341669016e-05
    ],
    [
      1,
      0,
      -0.0037539150787032024
    ],
    [
      1,
      1,
      -0.048071781610118096
    ],
    [
      1,
      2,
      -0.0066621765041503635
    ],
    [
      1,
      3,
      -0.0003426117434011372
    ],
    [
      1,
      4,
      -1.843740768832605e-05
    ],
    [
      2,
      0,
      0.013991210609645489
    ],
    [
      2,
      1,
      0.046571721287619654
    ],
    [
      2,
      2,
      -0.0024256228435224603
    ],
    [
      2,
      3,
      5.583164228924766e-05
    ],
    [
      2,
      4,
      -4.3648807998144154e-05
    ],
    [
      3,
      0,
      -0.012077334704180672
    ],
    [
      3,
      1,
      -0.010001726401454396
    ],
    [
      3,
      2,
      0.011795595010587771
    ],
    [
      3,
      3,
      0.0011290028439176853
    ],
    [
      3,
      4,
      -7.226677702721311e-05
    ],
    [
      4,
      0,
      -0.031104853961672903
    ],
    [
      4,
      1,
      -0.039422087507820384
    ],
    [
      4,
      2,
      0.005271296743371233
    ],
    [
      4,
      3,
      0.000967813479322946
    ],
    [
      4,
      4,
      -0.00011742122434258792
    ]
  ],