{
  "B": 1.0,
  "b_order": 6,
  "bounded_edge_b_order": 8,
  "bounded_edge_basis": "(1-q)^i * b^(2j)",
  "bounded_edge_q_order": 8,
  "dropped_singular_edge_basis": true,
  "edge_family": "vanishing",
  "evidence": {
    "h": 0.001,
    "rms_residual": 0.10636566955344509,
    "status": "approximate_non_validated_bounded_edge_basis_seed"
  },
  "f_bounded_edge_coeffs": [],
  "f_coeffs": [
    [
      0,
      0,
      0.5
    ],
    [
      0,
      1,
      0.0
    ],
    [
      0,
      2,
      0.0
    ],
    [
      0,
      3,
      0.0
    ],
    [
      0,
      4,
      0.0
    ],
    [
      0,
      5,
      0.0
    ],
    [
      0,
      6,
      0.0
    ],
    [
      1,
      0,
      -1.9642552284276988
    ],
    [
      1,
      1,
      -2.0375726671820105
    ],
    [
      1,
      2,
      -3.5693769233160793
    ],
    [
      1,
      3,
      -0.07377124235479912
    ],
    [
      1,
      4,
      -0.2205002491024748
    ],
    [
      1,
      5,
      -0.3670599303970727
    ],
    [
      1,
      6,
      -0.07208935832467785
    ],
    [
      2,
      0,
      3.2071257880187742
    ],
    [
      2,
      1,
      3.5492957048195573
    ],
    [
      2,
      2,
      4.923704305783573
    ],
    [
      2,
      3,
      -0.5215844842982084
    ],
    [
      2,
      4,
      -0.46731299056713277
    ],
    [
      2,
      5,
      -0.5289338257968265
    ],
    [
      2,
      6,
      -0.09052435617160108
    ],
    [
      3,
      0,
      -2.229806488238559
    ],
    [
      3,
      1,
      -2.6146472162648644
    ],
    [
      3,
      2,
      -1.2309090795672148
    ],
    [
      3,
      3,
      0.3178394262112789
    ],
    [
      3,
      4,
      -0.36688187196994393
    ],
    [
      3,
      5,
      -0.03176653659533158
    ],
    [
      3,
      6,
      -0.049880547111208644
    ],
    [
      4,
      0,
      -0.004024416512558653
    ],
    [
      4,
      1,
      -0.3515395103933508
    ],
    [
      4,
      2,
      -2.20190524083324
    ],
    [
      4,
      3,
      0.7111548664637907
    ],
    [
      4,
      4,
      0.5255134043323304
    ],
    [
      4,
      5,
      0.2224466454824099
    ],
    [
      4,
      6,
      0.08773854927801812
    ],
    [
      5,
      0,
      0.6053982033648228
    ],
    [
      5,
      1,
      1.4202180206497717
    ],
    [
      5,
      2,
      0.14741933428600698
    ],
    [
      5,
      3,
      0.28042460186127827
    ],
    [
      5,
      4,
      0.6512118249218555
    ],
    [
      5,
      5,
      0.2261349461787295
    ],
    [
      5,
      6,
      0.09893454935603432
    ],
    [
      6,
      0,
      0.031807000798926066
    ],
    [
      6,
      1,
      -0.18502225685227267
    ],
    [
      6,
      2,
      0.8459684320164625
    ],
    [
      6,
      3,
      -0.2626402887989423
    ],
    [
      6,
      4,
      0.059331992528021266
    ],
    [
      6,
      5,
      0.3380056064426893
    ],
    [
      6,
      6,
      0.05783196085960152
    ],
    [
      7,
      0,
      -0.05835418675851193
    ],
    [
      7,
      1,
      -0.10590503135166093
    ],
    [
      7,
      2,
      0.09368851154067527
    ],
    [
      7,
      3,
      -0.026075362755163683
    ],
    [
      7,
      4,
      0.03567798873670748
    ],
    [
      7,
      5,
      0.013056526423552851
    ],
    [
      7,
      6,
      0.05082519366389176
    ]
  ],
  "f_vanishing_edge_coeffs": [
    [
      0,
      0,
      -0.02885893152284629
    ],
    [
      0,
      1,
      0.049896126829164264
    ],
    [
      0,
      2,
      0.06830439359675897
    ],
    [
      0,
      3,
      -0.0006560792378941425
    ],
    [
      0,
      4,
      0.1614230268139956
    ],
    [
      0,
      5,
      0.20288397062202568
    ],
    [
      0,
      6,
      -0.3501144241574846
    ],
    [
      0,
      7,
      -0.13571099605403747
    ],
    [
      0,
      8,
      0.8384187121133063
    ],
    [
      1,
      0,
      -0.09431796635038821
    ],
    [
      1,
      1,
      0.006884154882513862
    ],
    [
      1,
      2,
      -0.08815719304811596
    ],
    [
      1,
      3,
      0.22761199367528326
    ],
    [
      1,
      4,
      -0.7969656049840105
    ],
    [
      1,
      5,
      0.4341091414667489
    ],
    [
      1,
      6,
      0.5759361730753769
    ],
    [
      1,
      7,
      -0.19743382623850256
    ],
    [
      1,
      8,
      -1.19623407285605
    ],
    [
      2,
      0,
      0.6359745096971525
    ],
    [
      2,
      1,
      -0.16171047726434415
    ],
    [
      2,
      2,
      0.28324007674236745
    ],
    [
      2,
      3,
      0.17710554279419072
    ],
    [
      2,
      4,
      0.41779033071614385
    ],
    [
      2,
      5,
      0.324605572313913
    ],
    [
      2,
      6,
      -0.029081184549696396
    ],
    [
      2,
      7,
      -0.23126942431978997
    ],
    [
      2,
      8,
      -0.28848520049923454
    ],
    [
      3,
      0,
      -3.7080046123496095
    ],
    [
      3,
      1,
      -0.07538475478110167
    ],
    [
      3,
      2,
      -0.4501406793376048
    ],
    [
      3,
      3,
      -1.3312919712728863
    ],
    [
      3,
      4,
      -0.5086852732220898
    ],
    [
      3,
      5,
      -0.9829216569397721
    ],
    [
      3,
      6,
      -1.041054655332689
    ],
    [
      3,
      7,
      -0.43810132945259284
    ],
    [
      3,
      8,
      0.42803093264511854
    ],
    [
      4,
      0,
      9.646046006644431
    ],
    [
      4,
      1,
      2.467644781278354
    ],
    [
      4,
      2,
      1.544673702170251
    ],
    [
      4,
      3,
      1.8074225037498874
    ],
    [
      4,
      4,
      2.61047160641959
    ],
    [
      4,
      5,
      1.4414087207649653
    ],
    [
      4,
      6,
      1.0682861864942597
    ],
    [
      4,
      7,
      1.5984575465479214
    ],
    [
      4,
      8,
      2.268004586078492
    ],
    [
      5,
      0,
      -11.85077598547267
    ],
    [
      5,
      1,
      -5.647039260109966
    ],
    [
      5,
      2,
      -2.917995523834049
    ],
    [
      5,
      3,
      -1.4008427374425478
    ],
    [
      5,
      4,
      -0.6849620530395667
    ],
    [
      5,
      5,
      -1.5074421932806543
    ],
    [
      5,
      6,
      -1.5431043208015445
    ],
    [
      5,
      7,
      -0.5350721115880458
    ],
    [
      5,
      8,
      0.7090960012353528
    ],
    [
      6,
      0,
      -1.4687151986891502
    ],
    [
      6,
      1,
      1.2584743433720986
    ],
    [
      6,
      2,
      0.7948915544226658
    ],
    [
      6,
      3,
      0.010650515989349268
    ],
    [
      6,
      4,
      -0.7249010712833385
    ],
    [
      6,
      5,
      -2.0126566498356135
    ],
    [
      6,
      6,
      -2.0345918586718885
    ],
    [
      6,
      7,
      -0.993176075131158
    ],
    [
      6,
      8,
      0.2694676386735763
    ],
    [
      7,
      0,
      16.61156995512513
    ],
    [
      7,
      1,
      8.524549664782274
    ],
    [
      7,
      2,
      4.4406895502542065
    ],
    [
      7,
      3,
      2.58098805153532
    ],
    [
      7,
      4,
      1.320564991804881
    ],
    [
      7,
      5,
      0.1362002038110252
    ],
    [
      7,
      6,
      0.18288072040635392
    ],
    [
      7,
      7,
      0.9982932572489386
    ],
    [
      7,
      8,
      1.8058844675953971
    ],
    [
      8,
      0,
      -12.225428898402546
    ],
    [
      8,
      1,
      -8.129318907392998
    ],
    [
      8,
      2,
      -5.3958677929051175
    ],
    [
      8,
      3,
      -2.6262968870265855
    ],
    [
      8,
      4,
      -0.7366555033141048
    ],
    [
      8,
      5,
      0.15969227360790966
    ],
    [
      8,
      6,
      1.3328630082510957
    ],
    [
      8,
