{
  "B": 1.0,
  "b_order": 6,
  "edge_b_order": 4,
  "edge_basis": "(1-q)^i * (b^2/(1-b^2))^j",
  "edge_q_order": 4,
  "evidence": {
    "h": 0.001,
    "rms_residual": 0.04992268844029309,
    "status": "approximate_non_validated_edge_basis_seed"
  },
  "f_coeffs": [
    [
      0,
      0,
      0.5
    ],
    [
      0,
      1,
      0.4474088877192725
    ],
    [
      0,
      2,
      0.7521545746458346
    ],
    [
      0,
      3,
      0.09325632121219321
    ],
    [
      0,
      4,
      0.06091655489563953
    ],
    [
      0,
      5,
      0.07120870214540309
    ],
    [
      0,
      6,
      0.048798822576829895
    ],
    [
      1,
      0,
      -1.9573020920305293
    ],
    [
      1,
      1,
      -2.0627393345606966
    ],
    [
      1,
      2,
      -3.659732484271003
    ],
    [
      1,
      3,
      -0.08061434339098714
    ],
    [
      1,
      4,
      -0.22514971519457222
    ],
    [
      1,
      5,
      -0.3715727074118845
    ],
    [
      1,
      6,
      -0.07458568658502758
    ],
    [
      2,
      0,
      3.21696595009133
    ],
    [
      2,
      1,
      3.521909158124098
    ],
    [
      2,
      2,
      4.952363955909646
    ],
    [
      2,
      3,
      -0.49848672664302585
    ],
    [
      2,
      4,
      -0.49861853553825924
    ],
    [
      2,
      5,
      -0.5631244322850016
    ],
    [
      2,
      6,
      -0.09562850949807729
    ],
    [
      3,
      0,
      -2.2486591065188093
    ],
    [
      3,
      1,
      -2.640236610110682
    ],
    [
      3,
      2,
      -1.2165363664502082
    ],
    [
      3,
      3,
      0.3487265879633856
    ],
    [
      3,
      4,
      -0.40271832736865276
    ],
    [
      3,
      5,
      -0.05458011587051196
    ],
    [
      3,
      6,
      -0.0227132682114456
    ],
    [
      4,
      0,
      -0.033393487679356786
    ],
    [
      4,
      1,
      -0.3211212941246625
    ],
    [
      4,
      2,
      -2.186113508709142
    ],
    [
      4,
      3,
      0.7574949306838726
    ],
    [
      4,
      4,
      0.5210558443991057
    ],
    [
      4,
      5,
      0.20865812765140473
    ],
    [
      4,
      6,
      0.11299406706469654
    ],
    [
      5,
      0,
      0.6497105549899803
    ],
    [
      5,
      1,
      1.4363732922180665
    ],
    [
      5,
      2,
      0.14341201901102604
    ],
    [
      5,
      3,
      0.2826696442612731
    ],
    [
      5,
      4,
      0.654831968177327
    ],
    [
      5,
      5,
      0.19595583991249335
    ],
    [
      5,
      6,
      0.1506943663297737
    ],
    [
      6,
      0,
      0.04648211424201729
    ],
    [
      6,
      1,
      -0.2065175207233869
    ],
    [
      6,
      2,
      0.8388369648101787
    ],
    [
      6,
      3,
      -0.28652439585757067
    ],
    [
      6,
      4,
      0.10637493645160505
    ],
    [
      6,
      5,
      0.3373827605966142
    ],
    [
      6,
      6,
      0.086834343328092
    ],
    [
      7,
      0,
      -0.07203513232129877
    ],
    [
      7,
      1,
      -0.12382540253774248
    ],
    [
      7,
      2,
      0.11411495358758902
    ],
    [
      7,
      3,
      0.00996148158880113
    ],
    [
      7,
      4,
      0.03417665133203489
    ],
    [
      7,
      5,
      0.05674117899199683
    ],
    [
      7,
      6,
      0.06517657165008317
    ]
  ],
  "f_edge_coeffs": [
    [
      0,
      0,
      -0.00884083044209109
    ],
    [
      0,
      1,
      0.01764798429305374
    ],
    [
      0,
      2,
      0.005123834005590663
    ],
    [
      0,
      3,
      -0.00022705829958305832
    ],
    [
      0,
      4,
      -3.1402401565492943e-05
    ],
    [
      1,
      0,
      -0.0037637025408409712
    ],
    [
      1,
      1,
      -0.049427435274508
    ],
    [
      1,
      2,
      -0.006742191992790373
    ],
    [
      1,
      3,
      -0.00037316083899175426
    ],
    [
      1,
      4,
      -2.936095589743808e-05
    ],
    [
      2,
      0,
      0.014041985879063157
    ],
    [
      2,
      1,
      0.04599113124769963
    ],
    [
      2,
      2,
      -0.0023092991083831257
    ],
    [
      2,
      3,
      3.259900494860316e-05
    ],
    [
      2,
      4,
      -6.014376476525292e-05
    ],
    [
      3,
      0,
      -0.013877664682989635
    ],
    [
      3,
      1,
      -0.012526094889254897
    ],
    [
      3,
      2,
      0.01237538948654419
    ],
    [
      3,
      3,
      0.0011580371209962727
    ],
    [
      3,
      4,
      -8.409530433652118e-05
    ],
    [
      4,
      0,
      -0.04136596107210701
    ],
    [
      4,
      1,
      -0.044685990372600945
    ],
    [
      4,
      2,
      0.006614710949981135
    ],
    [
      4,
      3,
      0.0011006684037154425
    ],
    [
      4,
      4,
      -0.00011376462807084901
    ]
  ],