{
  "B": 1.0,
  "b_order": 6,
  "edge_b_order": 6,
  "edge_basis": "(1-q)^i * (b^2/(1-b^2))^j",
  "edge_q_order": 6,
  "evidence": {
    "h": 0.001,
    "rms_residual": 0.04580008860156014,
    "status": "approximate_non_validated_edge_basis_seed"
  },
  "f_coeffs": [
    [
      0,
      0,
      0.5
    ],
    [
      0,
      1,
      0.44755592615546225
    ],
    [
      0,
      2,
      0.7507983997882289
    ],
    [
      0,
      3,
      0.09404131030236347
    ],
    [
      0,
      4,
      0.061063167406648446
    ],
    [
      0,
      5,
      0.07143756661559515
    ],
    [
      0,
      6,
      0.04894251081293193
    ],
    [
      1,
      0,
      -1.9576201226342083
    ],
    [
      1,
      1,
      -2.0657063976212986
    ],
    [
      1,
      2,
      -3.6562658806523585
    ],
    [
      1,
      3,
      -0.07878591206748792
    ],
    [
      1,
      4,
      -0.22432788928140737
    ],
    [
      1,
      5,
      -0.3707794798600725
    ],
    [
      1,
      6,
      -0.07518522347336735
    ],
    [
      2,
      0,
      3.2156420830645525
    ],
    [
      2,
      1,
      3.512131162470047
    ],
    [
      2,
      2,
      4.951272173566011
    ],
    [
      2,
      3,
      -0.49758075093212434
    ],
    [
      2,
      4,
      -0.4987664430608911
    ],
    [
      2,
      5,
      -0.562543750722568
    ],
    [
      2,
      6,
      -0.095661129446373
    ],
    [
      3,
      0,
      -2.2459874228164063
    ],
    [
      3,
      1,
      -2.630424857635242
    ],
    [
      3,
      2,
      -1.2205262921998918
    ],
    [
      3,
      3,
      0.3478626160053046
    ],
    [
      3,
      4,
      -0.40233293383569485
    ],
    [
      3,
      5,
      -0.05347805045539889
    ],
    [
      3,
      6,
      -0.02430208574152682
    ],
    [
      4,
      0,
      -0.029167804387651496
    ],
    [
      4,
      1,
      -0.3165013172925555
    ],
    [
      4,
      2,
      -2.184900303853186
    ],
    [
      4,
      3,
      0.7530874073813117
    ],
    [
      4,
      4,
      0.521577757027193
    ],
    [
      4,
      5,
      0.20888781931401626
    ],
    [
      4,
      6,
      0.11521096591051361
    ],
    [
      5,
      0,
      0.6480758678442883
    ],
    [
      5,
      1,
      1.4371750211107857
    ],
    [
      5,
      2,
      0.1464977474179869
    ],
    [
      5,
      3,
      0.2836068888564557
    ],
    [
      5,
      4,
      0.657374282928325
    ],
    [
      5,
      5,
      0.19618818017215572
    ],
    [
      5,
      6,
      0.14812781544623102
    ],
    [
      6,
      0,
      0.03855776478213949
    ],
    [
      6,
      1,
      -0.21253737171885453
    ],
    [
      6,
      2,
      0.8442812520400638
    ],
    [
      6,
      3,
      -0.2915127718768012
    ],
    [
      6,
      4,
      0.09815383618548879
    ],
    [
      6,
      5,
      0.33754451407243613
    ],
    [
      6,
      6,
      0.0838957225572387
    ],
    [
      7,
      0,
      -0.07098077680079351
    ],
    [
      7,
      1,
      -0.12699679775177303
    ],
    [
      7,
      2,
      0.1239768489676701
    ],
    [
      7,
      3,
      0.009152005838356908
    ],
    [
      7,
      4,
      0.030746107671150696
    ],
    [
      7,
      5,
      0.05464264014271441
    ],
    [
      7,
      6,
      0.06435630022526552
    ]
  ],
  "f_edge_coeffs": [
    [
      0,
      0,
      -0.014587384233868827
    ],
    [
      0,
      1,
      0.023112558514781938
    ],
    [
      0,
      2,
      0.006628195300817534
    ],
    [
      0,
      3,
      -0.00046820145117560253
    ],
    [
      0,
      4,
      -5.984470696637136e-05
    ],
    [
      0,
      5,
      6.471488522796383e-06
    ],
    [
      0,
      6,
      1.3148332818986454e-06
    ],
    [
      1,
      0,
      0.002354945616793308
    ],
    [
      1,
      1,
      -0.06470358851436323
    ],
    [
      1,
      2,
      -0.007203872711543344
    ],
    [
      1,
      3,
      -0.00044349997282165513
    ],
    [
      1,
      4,
      -3.771620233814525e-05
    ],
    [
      1,
      5,
      6.402553832168245e-06
    ],
    [
      1,
      6,
      8.293846174741407e-07
    ],
    [
      2,
      0,
      0.005565561586022367
    ],
    [
      2,
      1,
      0.056241577249961434
    ],
    [
      2,
      2,
      -0.0035180163162891404
    ],
    [
      2,
      3,
      6.567640969937927e-05
    ],
    [
      2,
      4,
      -7.823800292676145e-05
    ],
    [
      2,
      5,
      4.0845339896929695e-06
    ],
    [
      2,
      6,
      7.067882900649658e-07
    ],
    [
      3,
      0,
      -0.012296351487638272
    ],
    [
      3,
      1,
      -0.004387471230706724
    ],
    [
      3,
      2,
      0.011842281744871805
    ],
    [
      3,
      3,
      0.001474806475283775
    ],
    [
      3,
      4,
      -0.00010156028081887751
    ],
    [
      3,
      5,
      8.65451127712713e-07
    ],
    [
      3,
      6,
      6.381174229901244e-07
    ],
    [
      4,
      0,
      -0.038789556805527044
    ],
    [
      4,
      1,
      -0.053191235932259044
    ],
    [
      4,
      2,
      0.008479285133645448
    ],
    [
      4,
      3,
      0.00176516900088665
    ],
    [
      4,
      4,
      -0.0001717665201694923
    ],
    [
      4,
      5,
      -1.3616682819787296e-05
    ],
    [
      4,
      6,
      -1.593381152741985e-07
    ],
    [
      5,
      0,
      -0.009123113933673186
    ],
    [
      5,
      1,
      -0.015967533828120543
    ],
    [
      5,
      2,
      0.0020710857434776834
    ],
    [
      5,
      3,
      0.0008632648649875578
    ],
    [
      5,
      4,
      -7.1508315025482e-05
    ],
    [
      5,
      5,
      -5.477695894836733e-05
    ],
    [
      5,
      6,
      -2.8887100827102404e-06
    ],
    [
      6,
      0,
      -0.012198874291560023
    ],
    [
      6,
      1,
      -0.008973441090617708
    ],
    [
      6,
      2,
      0.0005453453007676118
    ],
    [
      6,
      3,
      0.0003288021143639891
    ],
    [
      6,
      4,
      -1.9865065776057524e-05
    ],
    [
      6,
      5,
      -2.110327475816553e-05
    ],
    [
      6,
      6,
      -9.42378634184614e-06
    ]
  ],