{
  "B": 1.0,
  "b_order": 3,
  "evidence": {
    "cross_check_grid_n": 17,
    "cross_check_max_abs_residual": 0.01916071910463,
    "cross_check_rms_residual": 0.006015751253749,
    "h": 0.001,
    "rms_residual": 0.00608169287192,
    "status": "approximate_non_validated_seed",
    "training_grid_n": 15
  },
  "f_coeffs": [
    [0, 0, 0.5],
    [0, 1, 0.6339988885693],
    [0, 2, 0.9534054944273],
    [0, 3, 0.2447995027188],
    [1, 0, -2.032615109897],
    [1, 1, -2.139093359186],
    [1, 2, -4.412332686033],
    [1, 3, -0.1700351880143],
    [2, 0, 2.640416340022],
    [2, 1, 3.153496041824],
    [2, 2, 4.030639281328],
    [2, 3, -0.6032087220831],
    [3, 0, -1.67847706078],
    [3, 1, -1.795767614335],
    [3, 2, -0.2091442002792],
    [3, 3, -0.1774695606098],
    [4, 0, 0.1512210433168],
    [4, 1, -0.07977142631946],
    [4, 2, -0.7617193564088],
    [4, 3, 0.5550786922218]
  ],
  "g_coeffs": [
    [0, 0, 1.0],
    [0, 1, -1.055054561069],
    [0, 2, 2.18672301659],
    [0, 3, 0.02817806984767],
    [1, 0, -6.174984133026],
    [1, 1, 5.340596330085],
    [1, 2, -3.771243363591],
    [1, 3, -0.01431371014999],
    [2, 0, 11.8976169531],
    [2, 1, -6.014525241027],
    [2, 2, -1.738904373945],
    [2, 3, 0.02997269521418],
    [3, 0, -8.684968068965],
    [3, 1, 3.288211558063],
    [3, 2, 4.588389604506],
    [3, 3, 0.1206424376109],
    [4, 0, 1.205823244175],
    [4, 1, 0.4421016637926],
    [4, 2, 0.497448727057],
    [4, 3, 0.198511029969]
  ],
  "gamma": 0.45,
  "q_order": 4
}
