{
  "B": 1.0,
  "b_order": 6,
  "edge_b_order": 6,
  "edge_basis": "(1-q)^i * (b^2/(1-b^2))^j",
  "edge_q_order": 6,
  "evidence": {
    "h": 0.001,
    "rms_residual": 0.045400023662803095,
    "status": "approximate_non_validated_edge_basis_seed"
  },
  "f_coeffs": [
    [
      0,
      0,
      0.5
    ],
    [
      0,
      1,
      0.4475941425132375
    ],
    [
      0,
      2,
      0.7505366157054252
    ],
    [
      0,
      3,
      0.09433207054619593
    ],
    [
      0,
      4,
      0.06163519529570837
    ],
    [
      0,
      5,
      0.07135022880431126
    ],
    [
      0,
      6,
      0.048804555502333
    ],
    [
      1,
      0,
      -1.9574660813543396
    ],
    [
      1,
      1,
      -2.066633808045249
    ],
    [
      1,
      2,
      -3.6562495001025743
    ],
    [
      1,
      3,
      -0.07852133671004062
    ],
    [
      1,
      4,
      -0.22413087372362298
    ],
    [
      1,
      5,
      -0.37061437191621965
    ],
    [
      1,
      6,
      -0.07496274084820206
    ],
    [
      2,
      0,
      3.2152995651429808
    ],
    [
      2,
      1,
      3.5102384894742724
    ],
    [
      2,
      2,
      4.952724477356675
    ],
    [
      2,
      3,
      -0.4976264713729895
    ],
    [
      2,
      4,
      -0.4984987636722296
    ],
    [
      2,
      5,
      -0.5623342617333693
    ],
    [
      2,
      6,
      -0.09641841609032106
    ],
    [
      3,
      0,
      -2.2462124397962135
    ],
    [
      3,
      1,
      -2.6281042854120455
    ],
    [
      3,
      2,
      -1.2230016798373065
    ],
    [
      3,
      3,
      0.349414577460161
    ],
    [
      3,
      4,
      -0.401929702546544
    ],
    [
      3,
      5,
      -0.05473418714836612
    ],
    [
      3,
      6,
      -0.025760339116853742
    ],
    [
      4,
      0,
      -0.029261554514179874
    ],
    [
      4,
      1,
      -0.31572454390387883
    ],
    [
      4,
      2,
      -2.186034357921448
    ],
    [
      4,
      3,
      0.7517611682494397
    ],
    [
      4,
      4,
      0.5201307455447951
    ],
    [
      4,
      5,
      0.20716341819815018
    ],
    [
      4,
      6,
      0.11680290608825963
    ],
    [
      5,
      0,
      0.6491141987130775
    ],
    [
      5,
      1,
      1.4361588866580035
    ],
    [
      5,
      2,
      0.14713481447783905
    ],
    [
      5,
      3,
      0.2808576982855712
    ],
    [
      5,
      4,
      0.6570058441874065
    ],
    [
      5,
      5,
      0.19520595012378847
    ],
    [
      5,
      6,
      0.14760202680847367
    ],
    [
      6,
      0,
      0.03767947708733033
    ],
    [
      6,
      1,
      -0.21348449273356868
    ],
    [
      6,
      2,
      0.8473278530560538
    ],
    [
      6,
      3,
      -0.29102592694257723
    ],
    [
      6,
      4,
      0.09852222484922571
    ],
    [
      6,
      5,
      0.3391001163825275
    ],
    [
      6,
      6,
      0.08327310688276218
    ],
    [
      7,
      0,
      -0.071948471441711
    ],
    [
      7,
      1,
      -0.12714631433036622
    ],
    [
      7,
      2,
      0.12585306306880908
    ],
    [
      7,
      3,
      0.010174354046670756
    ],
    [
      7,
      4,
      0.030093983488608117
    ],
    [
      7,
      5,
      0.054406998650810674
    ],
    [
      7,
      6,
      0.06497622415646476
    ]
  ],
  "f_edge_coeffs": [
    [
      0,
      0,
      -0.015017322340321344
    ],
    [
      0,
      1,
      0.02363368629245544
    ],
    [
      0,
      2,
      0.0066320443852901445
    ],
    [
      0,
      3,
      -0.0004691841910439045
    ],
    [
      0,
      4,
      -6.023227547257026e-05
    ],
    [
      0,
      5,
      6.4013282512558125e-06
    ],
    [
      0,
      6,
      1.3097816369063223e-06
    ],
    [
      1,
      0,
      0.0022723128718360346
    ],
    [
      1,
      1,
      -0.06508881196643573
    ],
    [
      1,
      2,
      -0.007245813590310137
    ],
    [
      1,
      3,
      -0.0004471905464991703
    ],
    [
      1,
      4,
      -3.817874139531553e-05
    ],
    [
      1,
      5,
      6.6154282625217e-06
    ],
    [
      1,
      6,
      1.0553139342412227e-06
    ],
    [
      2,
      0,
      0.005677311374523266
    ],
    [
      2,
      1,
      0.05618027523908942
    ],
    [
      2,
      2,
      -0.0035582750090489873
    ],
    [
      2,
      3,
      6.467257183089539e-05
    ],
    [
      2,
      4,
      -7.913243788527553e-05
    ],
    [
      2,
      5,
      3.944532964958682e-06
    ],
    [
      2,
      6,
      7.766844411394913e-07
    ],
    [
      3,
      0,
      -0.0121188983492464
    ],
    [
      3,
      1,
      -0.003916626326901316
    ],
    [
      3,
      2,
      0.011865877443784284
    ],
    [
      3,
      3,
      0.0014849479399740002
    ],
    [
      3,
      4,
      -0.00010105650691408931
    ],
    [
      3,
      5,
      8.41212686442629e-07
    ],
    [
      3,
      6,
      6.751516312106612e-07
    ],
    [
      4,
      0,
      -0.03921402428109947
    ],
    [
      4,
      1,
      -0.053845313849777504
    ],
    [
      4,
      2,
      0.00857737679288344
    ],
    [
      4,
      3,
      0.0017887669442695467
    ],
    [
      4,
      4,
      -0.00016995867348085404
    ],
    [
      4,
      5,
      -1.3683690624497943e-05
    ],
    [
      4,
      6,
      -2.3823319604989454e-07
    ],
    [
      5,
      0,
      -0.009393980456564041
    ],
    [
      5,
      1,
      -0.016659286019746877
    ],
    [
      5,
      2,
      0.0022783479356292854
    ],
    [
      5,
      3,
      0.0008990968206869758
    ],
    [
      5,
      4,
      -7.056515873410327e-05
    ],
    [
      5,
      5,
      -5.5838654394154516e-05
    ],
    [
      5,
      6,
      -3.4666404586662507e-06
    ],
    [
      6,
      0,
      -0.013562916000770258
    ],
    [
      6,
      1,
      -0.010302848545045526
    ],
    [
      6,
      2,
      0.0008428009834049695
    ],
    [
      6,
      3,
      0.0003688585523444306
    ],
    [
      6,
      4,
      -2.4675325763865858e-05
    ],
    [
      6,
      5,
      -2.5114661120325e-05
    ],
    [
      6,
      6,
      -1.1285695730709815e-05
    ]
  ],