{
  "B": 1.0,
  "b_order": 6,
  "bounded_edge_b_order": 8,
  "bounded_edge_basis": "(1-q)^i * b^(2j)",
  "bounded_edge_q_order": 8,
  "dropped_singular_edge_basis": true,
  "edge_family": "vanishing",
  "evidence": {
    "h": 0.001,
    "rms_residual": 0.07038569837819839,
    "status": "approximate_non_validated_bounded_edge_basis_seed"
  },
  "f_bounded_edge_coeffs": [],
  "f_coeffs": [
    [
      0,
      0,
      0.5
    ],
    [
      0,
      1,
      0.0
    ],
    [
      0,
      2,
      0.0
    ],
    [
      0,
      3,
      0.0
    ],
    [
      0,
      4,
      0.0
    ],
    [
      0,
      5,
      0.0
    ],
    [
      0,
      6,
      0.0
    ],
    [
      1,
      0,
      -1.9817841137630667
    ],
    [
      1,
      1,
      -1.885001898900572
    ],
    [
      1,
      2,
      -3.0096198829051737
    ],
    [
      1,
      3,
      0.04839459303685637
    ],
    [
      1,
      4,
      -0.15664918972816202
    ],
    [
      1,
      5,
      -0.2718415553183932
    ],
    [
      1,
      6,
      -0.0826701475793732
    ],
    [
      2,
      0,
      3.2644333705631214
    ],
    [
      2,
      1,
      3.778952749626528
    ],
    [
      2,
      2,
      4.347492439632219
    ],
    [
      2,
      3,
      -0.4279442543111361
    ],
    [
      2,
      4,
      -0.40907558327256754
    ],
    [
      2,
      5,
      -0.5191500572445977
    ],
    [
      2,
      6,
      0.10848831461930969
    ],
    [
      3,
      0,
      -2.4024136540933143
    ],
    [
      3,
      1,
      -2.7194373246361283
    ],
    [
      3,
      2,
      -1.2947295262847227
    ],
    [
      3,
      3,
      0.3461267871472684
    ],
    [
      3,
      4,
      -0.34548523429534345
    ],
    [
      3,
      5,
      -0.03553908639653592
    ],
    [
      3,
      6,
      0.1816659061553328
    ],
    [
      4,
      0,
      0.16064989883277103
    ],
    [
      4,
      1,
      -0.24886545479930644
    ],
    [
      4,
      2,
      -2.0344353170860225
    ],
    [
      4,
      3,
      0.7222402126267413
    ],
    [
      4,
      4,
      0.3317504509491063
    ],
    [
      4,
      5,
      0.32237667288726046
    ],
    [
      4,
      6,
      0.26139186277786153
    ],
    [
      5,
      0,
      0.6619425167017181
    ],
    [
      5,
      1,
      1.0571039068607142
    ],
    [
      5,
      2,
      0.42913670895875755
    ],
    [
      5,
      3,
      0.13904522841292632
    ],
    [
      5,
      4,
      0.626828327451805
    ],
    [
      5,
      5,
      0.42725485616982195
    ],
    [
      5,
      6,
      -0.3478496370527737
    ],
    [
      6,
      0,
      -0.1367271974728248
    ],
    [
      6,
      1,
      -0.18125064602049817
    ],
    [
      6,
      2,
      0.8996357778002659
    ],
    [
      6,
      3,
      -0.21664017248734582
    ],
    [
      6,
      4,
      -0.2521881106622055
    ],
    [
      6,
      5,
      0.0375959429047835
    ],
    [
      6,
      6,
      -0.11435403920742752
    ],
    [
      7,
      0,
      -0.0660631576045217
    ],
    [
      7,
      1,
      0.0883936847905645
    ],
    [
      7,
      2,
      -0.07003234857262801
    ],
    [
      7,
      3,
      -0.5157991642146446
    ],
    [
      7,
      4,
      0.028091867573129977
    ],
    [
      7,
      5,
      -0.0632846703528515
    ],
    [
      7,
      6,
      -0.19590111057022289
    ]
  ],
  "f_vanishing_edge_coeffs": [
    [
      0,
      0,
      -0.0992726912476372
    ],
    [
      0,
      1,
      0.21429146430986906
    ],
    [
      0,
      2,
      0.29924573724290787
    ],
    [
      0,
      3,
      0.031763642328493685
    ],
    [
      0,
      4,
      0.26434009397025326
    ],
    [
      0,
      5,
      0.26637210258086214
    ],
    [
      0,
      6,
      -0.2166988143401183
    ],
    [
      0,
      7,
      -0.13816108552683415
    ],
    [
      0,
      8,
      0.4559372363389669
    ],
    [
      1,
      0,
      0.008744128758505585
    ],
    [
      1,
      1,
      0.07239971231703042
    ],
    [
      1,
      2,
      -0.1282116757363597
    ],
    [
      1,
      3,
      0.2291419158927797
    ],
    [
      1,
      4,
      -0.5324899276397785
    ],
    [
      1,
      5,
      0.4177954250677293
    ],
    [
      1,
      6,
      0.4632630362312169
    ],
    [
      1,
      7,
      -0.334565170392339
    ],
    [
      1,
      8,
      -1.3068047327393173
    ],
    [
      2,
      0,
      -1.0583626130278887
    ],
    [
      2,
      1,
      -0.5009766313023567
    ],
    [
      2,
      2,
      0.5325187323669529
    ],
    [
      2,
      3,
      -0.24065159605629485
    ],
    [
      2,
      4,
      0.01646653506752601
    ],
    [
      2,
      5,
      -0.22673254072998464
    ],
    [
      2,
      6,
      -0.3899514339184753
    ],
    [
      2,
      7,
      -0.36140159265279936
    ],
    [
      2,
      8,
      -0.23585491283523358
    ],
    [
      3,
      0,
      4.350716096524513
    ],
    [
      3,
      1,
      3.082839695921619
    ],
    [
      3,
      2,
      -0.016672900780949924
    ],
    [
      3,
      3,
      0.18830424201238286
    ],
    [
      3,
      4,
      0.8612520748030272
    ],
    [
      3,
      5,
      0.3667989201606115
    ],
    [
      3,
      6,
      0.3630301951812475
    ],
    [
      3,
      7,
      0.8563026199398729
    ],
    [
      3,
      8,
      1.441464900521121
    ],
    [
      4,
      0,
      -10.42900270054232
    ],
    [
      4,
      1,
      -5.8073837623783335
    ],
    [
      4,
      2,
      -1.4118505683988787
    ],
    [
      4,
      3,
      -0.3770488984270821
    ],
    [
      4,
      4,
      -0.4579302362643365
    ],
    [
      4,
      5,
      -1.2963148582004582
    ],
    [
      4,
      6,
      -1.277333397771617
    ],
    [
      4,
      7,
      -0.6049988521670256
    ],
    [
      4,
      8,
      0.19883246422910142
    ],
    [
      5,
      0,
      6.339805012126051
    ],
    [
      5,
      1,
      3.5452741866288777
    ],
    [
      5,
      2,
      2.1801363401701113
    ],
    [
      5,
      3,
      0.8328027824338283
    ],
    [
      5,
      4,
      -0.02423241736621651
    ],
    [
      5,
      5,
      -0.8345514809087791
    ],
    [
      5,
      6,
      -0.798671796650709
    ],
    [
      5,
      7,
      -0.242604821059011
    ],
    [
      5,
      8,
      0.3917436679087812
    ],
    [
      6,
      0,
      15.45830774050785
    ],
    [
      6,
      1,
      6.544578617482773
    ],
    [
      6,
      2,
      2.050215483639551
    ],
    [
      6,
      3,
      1.1060213347242671
    ],
    [
      6,
      4,
      1.239946234656679
    ],
    [
      6,
      5,
      1.1560188719974256
    ],
    [
      6,
      6,
      1.3088405907218075
    ],
    [
      6,
      7,
      1.595814989325747
    ],
    [
      6,
      8,
      1.8326343606361675
    ],
    [
      7,
      0,
      -30.383878296825834
    ],
    [
      7,
      1,
      -12.219557920485842
    ],
    [
      7,
      2,
      -7.96329096069132
    ],
    [
      7,
      3,
      -4.670976318854931
    ],
    [
      7,
      4,
      -2.1517283523506885
    ],
    [
      7,
      5,
      -0.9224928114850174
    ],
    [
      7,
      6,
      -0.22638632035687462
    ],
    [
      7,
      7,
      0.2195868217393383
    ],
    [
      7,
      8,
      0.49390326706744236
    ],
    [
      8,
      0,
      14.804217937022857
    ],
    [
      8,
      1,
      4.912994955550153
    ],
    [
      8,
      2,
      4.04454218138272
    ],
    [
      8,
      3,
      2.478434007672461
    ],
    [
      8,
      4,
      1.5542308128428446
    ],
    [
      8,
      5,
      0.5204964734275553
    ],
    [
      8,
      6,
      -0.29243035719613547
    ],
    [
      8,
      7,
