{
  "B": 1.0,
  "b_order": 6,
  "bounded_edge_b_order": 8,
  "bounded_edge_basis": "(1-q)^i * b^(2j)",
  "bounded_edge_q_order": 8,
  "dropped_singular_edge_basis": true,
  "edge_family": "vanishing",
  "evidence": {
    "h": 0.001,
    "rms_residual": 0.044267416166569006,
    "status": "approximate_non_validated_bounded_edge_basis_seed"
  },
  "f_bounded_edge_coeffs": [],
  "f_coeffs": [
    [
      0,
      0,
      0.5
    ],
    [
      0,
      1,
      0.0
    ],
    [
      0,
      2,
      0.0
    ],
    [
      0,
      3,
      0.0
    ],
    [
      0,
      4,
      0.0
    ],
    [
      0,
      5,
      0.0
    ],
    [
      0,
      6,
      0.0
    ],
    [
      1,
      0,
      -1.9808843739273647
    ],
    [
      1,
      1,
      -1.921201970490447
    ],
    [
      1,
      2,
      -3.0603894513719103
    ],
    [
      1,
      3,
      0.00029862988585703434
    ],
    [
      1,
      4,
      -0.17720709694633424
    ],
    [
      1,
      5,
      -0.2615680612763466
    ],
    [
      1,
      6,
      -0.0711131596011934
    ],
    [
      2,
      0,
      3.2590810422394725
    ],
    [
      2,
      1,
      3.767538940503325
    ],
    [
      2,
      2,
      4.352992233583395
    ],
    [
      2,
      3,
      -0.4480781680053798
    ],
    [
      2,
      4,
      -0.4326971743169917
    ],
    [
      2,
      5,
      -0.5157281668618627
    ],
    [
      2,
      6,
      0.06533105033889461
    ],
    [
      3,
      0,
      -2.40616177809946
    ],
    [
      3,
      1,
      -2.6811545452983703
    ],
    [
      3,
      2,
      -1.2762509878490218
    ],
    [
      3,
      3,
      0.3207841847208774
    ],
    [
      3,
      4,
      -0.34174588395337013
    ],
    [
      3,
      5,
      -0.021683370161003218
    ],
    [
      3,
      6,
      0.1896638156999234
    ],
    [
      4,
      0,
      0.16998317756372072
    ],
    [
      4,
      1,
      -0.26647407636916376
    ],
    [
      4,
      2,
      -2.0307337893683246
    ],
    [
      4,
      3,
      0.722475658301554
    ],
    [
      4,
      4,
      0.31268307365045
    ],
    [
      4,
      5,
      0.2803201624094923
    ],
    [
      4,
      6,
      0.22354156540647127
    ],
    [
      5,
      0,
      0.666588592376752
    ],
    [
      5,
      1,
      1.105748585853477
    ],
    [
      5,
      2,
      0.43605395511335937
    ],
    [
      5,
      3,
      0.1354158946703724
    ],
    [
      5,
      4,
      0.66458649071961
    ],
    [
      5,
      5,
      0.47336425118890846
    ],
    [
      5,
      6,
      -0.3552023514400926
    ],
    [
      6,
      0,
      -0.17186609542818823
    ],
    [
      6,
      1,
      -0.20825218723510466
    ],
    [
      6,
      2,
      0.9270014953088579
    ],
    [
      6,
      3,
      -0.24200120828841526
    ],
    [
      6,
      4,
      -0.26428869051445597
    ],
    [
      6,
      5,
      0.06474613412870804
    ],
    [
      6,
      6,
      -0.06052038409244234
    ],
    [
      7,
      0,
      -0.038839397697142515
    ],
    [
      7,
      1,
      0.06417908976820312
    ],
    [
      7,
      2,
      -0.07048856777061097
    ],
    [
      7,
      3,
      -0.47461449258031774
    ],
    [
      7,
      4,
      0.036546264387309846
    ],
    [
      7,
      5,
      -0.04624721179615554
    ],
    [
      7,
      6,
      -0.2073814391241306
    ]
  ],
  "f_vanishing_edge_coeffs": [
    [
      0,
      0,
      -0.09182733210424994
    ],
    [
      0,
      1,
      0.1909318057015736
    ],
    [
      0,
      2,
      0.30370144190461146
    ],
    [
      0,
      3,
      0.024087652151693957
    ],
    [
      0,
      4,
      0.2695772092179972
    ],
    [
      0,
      5,
      0.39263482094345575
    ],
    [
      0,
      6,
      -0.35811965614116975
    ],
    [
      0,
      7,
      -0.1500001124445513
    ],
    [
      0,
      8,
      0.5319994223863617
    ],
    [
      1,
      0,
      -0.23638125312189984
    ],
    [
      1,
      1,
      0.12979685469761332
    ],
    [
      1,
      2,
      0.0197113726308799
    ],
    [
      1,
      3,
      0.35116302174431413
    ],
    [
      1,
      4,
      -0.7698752362070114
    ],
    [
      1,
      5,
      0.5781496822551623
    ],
    [
      1,
      6,
      0.5637404138917594
    ],
    [
      1,
      7,
      -0.2883268072675086
    ],
    [
      1,
      8,
      -1.3618551765320719
    ],
    [
      2,
      0,
      0.7132398421046714
    ],
    [
      2,
      1,
      0.09868836389683339
    ],
    [
      2,
      2,
      0.49963417746664407
    ],
    [
      2,
      3,
      0.27120426385904683
    ],
    [
      2,
      4,
      0.5060262349386795
    ],
    [
      2,
      5,
      0.3018412878012108
    ],
    [
      2,
      6,
      -0.14274226019670921
    ],
    [
      2,
      7,
      -0.22820122767652073
    ],
    [
      2,
      8,
      -0.4408586171187463
    ],
    [
      3,
      0,
      -4.596935283191371
    ],
    [
      3,
      1,
      0.02913094522727653
    ],
    [
      3,
      2,
      -0.1784593125741919
    ],
    [
      3,
      3,
      -1.4299328565500722
    ],
    [
      3,
      4,
      -0.505303844037981
    ],
    [
      3,
      5,
      -1.0746307034767886
    ],
    [
      3,
      6,
      -1.1064017453025388
    ],
    [
      3,
      7,
      -0.5808617416868447
    ],
    [
      3,
      8,
      0.38391585689953767
    ],
    [
      4,
      0,
      10.41718487527909
    ],
    [
      4,
      1,
      2.933733568853237
    ],
    [
      4,
      2,
      1.9131181947979674
    ],
    [
      4,
      3,
      1.8508414826612782
    ],
    [
      4,
      4,
      2.68705666718944
    ],
    [
      4,
      5,
      1.335757226312192
    ],
    [
      4,
      6,
      0.9133225901899595
    ],
    [
      4,
      7,
      1.4200928813471174
    ],
    [
      4,
      8,
      1.8539058111651088
    ],
    [
      5,
      0,
      -12.630056841221307
    ],
    [
      5,
      1,
      -5.2980469457058295
    ],
    [
      5,
      2,
      -2.9927874784238853
    ],
    [
      5,
      3,
      -1.789360064568019
    ],
    [
      5,
      4,
      -0.5612594258860293
    ],
    [
      5,
      5,
      -1.780326154756823
    ],
    [
      5,
      6,
      -1.65243384555936
    ],
    [
      5,
      7,
      -0.3065409341103508
    ],
    [
      5,
      8,
      0.7444255000418826
    ],
    [
      6,
      0,
      -1.1978080691966415
    ],
    [
      6,
      1,
      1.381890246196919
    ],
    [
      6,
      2,
      0.935517514552877
    ],
    [
      6,
      3,
      -0.10080907009663831
    ],
    [
      6,
      4,
      -0.6845382912228906
    ],
    [
      6,
      5,
      -1.9940676721529327
    ],
    [
      6,
      6,
      -2.01017321055512
    ],
    [
      6,
      7,
      -1.1987035047173131
    ],
    [
      6,
      8,
      0.23606427408047634
    ],
    [
      7,
      0,
      15.821148255224111
    ],
    [
      7,
      1,
      7.261113815091134
    ],
    [
      7,
      2,
      3.9879646394660115
    ],
    [
      7,
      3,
      2.511796495658441
    ],
    [
      7,
      4,
      1.5632648110416694
    ],
    [
      7,
      5,
      -0.09387100907626342
    ],
    [
      7,
      6,
      -0.02299459161134905
    ],
    [
      7,
      7,
      0.9973596465709151
    ],
    [
      7,
      8,
      1.6874557509927461
    ],
    [
      8,
      0,
      -13.326951193479726
    ],
    [
      8,
      1,
      -7.3590316500049795
    ],
    [
      8,
      2,
      -5.945989172028046
    ],
    [
      8,
      3,
      -2.766711535066141
    ],
    [
      8,
      4,
      -0.9015982455144742
    ],
    [
      8,
      5,
      0.19081528812167722
    ],
    [
      8,
      6,
      1.2905447349530552
    ],
    [
      8,
      7,
