{
  "B": 1.0,
  "b_order": 6,
  "bounded_edge_b_order": 8,
  "bounded_edge_basis": "(1-q)^i * b^(2j)",
  "bounded_edge_q_order": 8,
  "dropped_singular_edge_basis": true,
  "edge_family": "vanishing",
  "evidence": {
    "h": 0.001,
    "rms_residual": 0.06029883488349726,
    "status": "approximate_non_validated_bounded_edge_basis_seed"
  },
  "f_bounded_edge_coeffs": [],
  "f_coeffs": [
    [
      0,
      0,
      0.5
    ],
    [
      0,
      1,
      0.0
    ],
    [
      0,
      2,
      0.0
    ],
    [
      0,
      3,
      0.0
    ],
    [
      0,
      4,
      0.0
    ],
    [
      0,
      5,
      0.0
    ],
    [
      0,
      6,
      0.0
    ],
    [
      1,
      0,
      -1.9818775126933168
    ],
    [
      1,
      1,
      -1.8853956082291476
    ],
    [
      1,
      2,
      -3.0100421312844987
    ],
    [
      1,
      3,
      0.0482103717061973
    ],
    [
      1,
      4,
      -0.15657390680205188
    ],
    [
      1,
      5,
      -0.27175530648483215
    ],
    [
      1,
      6,
      -0.08254987212420123
    ],
    [
      2,
      0,
      3.264467416722277
    ],
    [
      2,
      1,
      3.779110770423451
    ],
    [
      2,
      2,
      4.347712718059987
    ],
    [
      2,
      3,
      -0.4278866082000159
    ],
    [
      2,
      4,
      -0.40951686731196085
    ],
    [
      2,
      5,
      -0.5192661857204874
    ],
    [
      2,
      6,
      0.10853676567061965
    ],
    [
      3,
      0,
      -2.4023768222984674
    ],
    [
      3,
      1,
      -2.719284522913435
    ],
    [
      3,
      2,
      -1.2946403613843136
    ],
    [
      3,
      3,
      0.3460602858506778
    ],
    [
      3,
      4,
      -0.34605005130774674
    ],
    [
      3,
      5,
      -0.03586331392345513
    ],
    [
      3,
      6,
      0.18180493729385952
    ],
    [
      4,
      0,
      0.16072016548349952
    ],
    [
      4,
      1,
      -0.24868298911919035
    ],
    [
      4,
      2,
      -2.0341316656776427
    ],
    [
      4,
      3,
      0.7225459282789772
    ],
    [
      4,
      4,
      0.33207333317333504
    ],
    [
      4,
      5,
      0.3225283888502614
    ],
    [
      4,
      6,
      0.26106353973781415
    ],
    [
      5,
      0,
      0.6620271063853703
    ],
    [
      5,
      1,
      1.057104878721196
    ],
    [
      5,
      2,
      0.4288769018045617
    ],
    [
      5,
      3,
      0.1395668447679279
    ],
    [
      5,
      4,
      0.6271251185423723
    ],
    [
      5,
      5,
      0.4270913400673103
    ],
    [
      5,
      6,
      -0.3480109606149152
    ],
    [
      6,
      0,
      -0.1368486416937451
    ],
    [
      6,
      1,
      -0.18145102692631626
    ],
    [
      6,
      2,
      0.8995986534213017
    ],
    [
      6,
      3,
      -0.21714352280670188
    ],
    [
      6,
      4,
      -0.2518757244476363
    ],
    [
      6,
      5,
      0.037334559085528365
    ],
    [
      6,
      6,
      -0.11417772326008326
    ],
    [
      7,
      0,
      -0.06610660764850229
    ],
    [
      7,
      1,
      0.08833344126840478
    ],
    [
      7,
      2,
      -0.07002176892036865
    ],
    [
      7,
      3,
      -0.5159516895608228
    ],
    [
      7,
      4,
      0.028205240878281065
    ],
    [
      7,
      5,
      -0.06264034455453292
    ],
    [
      7,
      6,
      -0.19584771547320154
    ]
  ],
  "f_vanishing_edge_coeffs": [
    [
      0,
      0,
      -0.09189982474578831
    ],
    [
      0,
      1,
      0.2153347206439695
    ],
    [
      0,
      2,
      0.3026418400457006
    ],
    [
      0,
      3,
      0.019078114343198352
    ],
    [
      0,
      4,
      0.2580073364826329
    ],
    [
      0,
      5,
      0.3884090397153977
    ],
    [
      0,
      6,
      -0.3623530246841816
    ],
    [
      0,
      7,
      -0.1585210512068554
    ],
    [
      0,
      8,
      0.5319057946503263
    ],
    [
      1,
      0,
      -0.22849031892771193
    ],
    [
      1,
      1,
      0.13546778208708957
    ],
    [
      1,
      2,
      0.009877616167574831
    ],
    [
      1,
      3,
      0.3513548643282218
    ],
    [
      1,
      4,
      -0.7856440372735516
    ],
    [
      1,
      5,
      0.5821268510967978
    ],
    [
      1,
      6,
      0.5553598206905913
    ],
    [
      1,
      7,
      -0.291529061988269
    ],
    [
      1,
      8,
      -1.3793506758612168
    ],
    [
      2,
      0,
      0.7170926840828521
    ],
    [
      2,
      1,
      0.15184658237734375
    ],
    [
      2,
      2,
      0.5206708590080489
    ],
    [
      2,
      3,
      0.2861336922706294
    ],
    [
      2,
      4,
      0.518237855680245
    ],
    [
      2,
      5,
      0.2995069190301583
    ],
    [
      2,
      6,
      -0.15048650851423243
    ],
    [
      2,
      7,
      -0.22607316286721446
    ],
    [
      2,
      8,
      -0.4439202687481245
    ],
    [
      3,
      0,
      -4.608129357222699
    ],
    [
      3,
      1,
      0.05630515951015222
    ],
    [
      3,
      2,
      -0.18759589760966816
    ],
    [
      3,
      3,
      -1.423246479024844
    ],
    [
      3,
      4,
      -0.5089295798478253
    ],
    [
      3,
      5,
      -1.0786415850812001
    ],
    [
      3,
      6,
      -1.1189883262855154
    ],
    [
      3,
      7,
      -0.6086251938561669
    ],
    [
      3,
      8,
      0.3612570966983163
    ],
    [
      4,
      0,
      10.421994390790923
    ],
    [
      4,
      1,
      2.981917190460557
    ],
    [
      4,
      2,
      1.9631233955109737
    ],
    [
      4,
      3,
      1.8881717404812415
    ],
    [
      4,
      4,
      2.651666603085938
    ],
    [
      4,
      5,
      1.3300054762426003
    ],
    [
      4,
      6,
      0.9115287124452165
    ],
    [
      4,
      7,
      1.4102710531821985
    ],
    [
      4,
      8,
      1.8183558564340132
    ],
    [
      5,
      0,
      -12.614441239625169
    ],
    [
      5,
      1,
      -5.2211468778499315
    ],
    [
      5,
      2,
      -2.9445230560706794
    ],
    [
      5,
      3,
      -1.766555444157762
    ],
    [
      5,
      4,
      -0.5369725884035457
    ],
    [
      5,
      5,
      -1.793554440286467
    ],
    [
      5,
      6,
      -1.618785140135027
    ],
    [
      5,
      7,
      -0.3110525738346765
    ],
    [
      5,
      8,
      0.7156815820873239
    ],
    [
      6,
      0,
      -1.1980291075442815
    ],
    [
      6,
      1,
      1.4030564636729752
    ],
    [
      6,
      2,
      0.9123274535617412
    ],
    [
      6,
      3,
      -0.10358508156536429
    ],
    [
      6,
      4,
      -0.6948576247717023
    ],
    [
      6,
      5,
      -1.9744301316787067
    ],
    [
      6,
      6,
      -2.011515454423163
    ],
    [
      6,
      7,
      -1.199241313162522
    ],
    [
      6,
      8,
      0.20706777667078208
    ],
    [
      7,
      0,
      15.799745333565852
    ],
    [
      7,
      1,
      7.382448493925283
    ],
    [
      7,
      2,
      3.9699547944917657
    ],
    [
      7,
      3,
      2.5308280743482277
    ],
    [
      7,
      4,
      1.5656750853125294
    ],
    [
      7,
      5,
      -0.13270003611128234
    ],
    [
      7,
      6,
      -0.004227670559018185
    ],
    [
      7,
      7,
      1.00093467779891
    ],
    [
      7,
      8,
      1.6470038654592942
    ],
    [
      8,
      0,
      -13.351031396898312
    ],
    [
      8,
      1,
      -7.318376140579819
    ],
    [
      8,
      2,
      -5.876874529156537
    ],
    [
      8,
      3,
      -2.806729760492748
    ],
    [
      8,
      4,
      -0.8852705852902627
    ],
    [
      8,
      5,
      0.1849619634547816
    ],
    [
      8,
      6,
      1.2422931800036932
    ],
    [
      8,
      7,
