{
  "B": 1.0,
  "b_order": 6,
  "edge_b_order": 9,
  "edge_basis": "(1-q)^i * (b^2/(1-b^2))^j",
  "edge_q_order": 9,
  "evidence": {
    "h": 0.001,
    "rms_residual": 0.042256343641816164,
    "status": "approximate_non_validated_edge_basis_seed"
  },
  "f_coeffs": [
    [
      0,
      0,
      0.5
    ],
    [
      0,
      1,
      0.44764095638977164
    ],
    [
      0,
      2,
      0.7498164141439871
    ],
    [
      0,
      3,
      0.09503733923664344
    ],
    [
      0,
      4,
      0.06185402793120849
    ],
    [
      0,
      5,
      0.07127866415312677
    ],
    [
      0,
      6,
      0.04855328138457922
    ],
    [
      1,
      0,
      -1.9576011908406086
    ],
    [
      1,
      1,
      -2.0678944051009784
    ],
    [
      1,
      2,
      -3.654283290442714
    ],
    [
      1,
      3,
      -0.07816760156658938
    ],
    [
      1,
      4,
      -0.22397077188124956
    ],
    [
      1,
      5,
      -0.37069203747982443
    ],
    [
      1,
      6,
      -0.0750158889685478
    ],
    [
      2,
      0,
      3.215017146354258
    ],
    [
      2,
      1,
      3.508417575918056
    ],
    [
      2,
      2,
      4.952599904754284
    ],
    [
      2,
      3,
      -0.4967757265405828
    ],
    [
      2,
      4,
      -0.49731482169002444
    ],
    [
      2,
      5,
      -0.5623630530379551
    ],
    [
      2,
      6,
      -0.09595763680855478
    ],
    [
      3,
      0,
      -2.247196149074846
    ],
    [
      3,
      1,
      -2.624416239172359
    ],
    [
      3,
      2,
      -1.2239625842328954
    ],
    [
      3,
      3,
      0.3497408881157374
    ],
    [
      3,
      4,
      -0.40230235942162934
    ],
    [
      3,
      5,
      -0.05517411319654783
    ],
    [
      3,
      6,
      -0.024540422633453927
    ],
    [
      4,
      0,
      -0.027730459021791325
    ],
    [
      4,
      1,
      -0.3156193819737068
    ],
    [
      4,
      2,
      -2.1875382643946892
    ],
    [
      4,
      3,
      0.7510974398374781
    ],
    [
      4,
      4,
      0.5191153802790723
    ],
    [
      4,
      5,
      0.20691364372709029
    ],
    [
      4,
      6,
      0.11691084048016755
    ],
    [
      5,
      0,
      0.6489576263145819
    ],
    [
      5,
      1,
      1.4340989705712328
    ],
    [
      5,
      2,
      0.14759323390550097
    ],
    [
      5,
      3,
      0.2799671171636656
    ],
    [
      5,
      4,
      0.6561429575018831
    ],
    [
      5,
      5,
      0.19151607679745633
    ],
    [
      5,
      6,
      0.14962590597642092
    ],
    [
      6,
      0,
      0.037108146606732936
    ],
    [
      6,
      1,
      -0.21292832283402124
    ],
    [
      6,
      2,
      0.8495257069410882
    ],
    [
      6,
      3,
      -0.2921202551179104
    ],
    [
      6,
      4,
      0.0969205196590218
    ],
    [
      6,
      5,
      0.33796080359478914
    ],
    [
      6,
      6,
      0.08481675943065607
    ],
    [
      7,
      0,
      -0.07336044353826875
    ],
    [
      7,
      1,
      -0.12836229097652274
    ],
    [
      7,
      2,
      0.130056923129345
    ],
    [
      7,
      3,
      0.010537626691096343
    ],
    [
      7,
      4,
      0.027971162670786337
    ],
    [
      7,
      5,
      0.055598821296355405
    ],
    [
      7,
      6,
      0.06477516038589869
    ]
  ],
  "f_edge_coeffs": [
    [
      0,
      0,
      -0.018491616770102432
    ],
    [
      0,
      1,
      0.027255917438943192
    ],
    [
      0,
      2,
      0.008075832945134816
    ],
    [
      0,
      3,
      -0.000627766325643136
    ],
    [
      0,
      4,
      -9.549409831344757e-05
    ],
    [
      0,
      5,
      2.8273269331825794e-06
    ],
    [
      0,
      6,
      1.82133132148116e-06
    ],
    [
      0,
      7,
      5.62401590701295e-07
    ],
    [
      0,
      8,
      1.213991567502623e-07
    ],
    [
      0,
      9,
      2.139135363216807e-08
    ],
    [
      1,
      0,
      0.007015979161789108
    ],
    [
      1,
      1,
      -0.07564257365158868
    ],
    [
      1,
      2,
      -0.006850801912424085
    ],
    [
      1,
      3,
      -0.0005033582540244756
    ],
    [
      1,
      4,
      -5.9129045391517404e-05
    ],
    [
      1,
      5,
      4.5690124098256075e-06
    ],
    [
      1,
      6,
      1.7754728918197458e-06
    ],
    [
      1,
      7,
      6.440385073430754e-07
    ],
    [
      1,
      8,
      1.342132387055297e-07
    ],
    [
      1,
      9,
      2.4738954501336917e-08
    ],
    [
      2,
      0,
      -0.005715234146150673
    ],
    [
      2,
      1,
      0.06236981200625647
    ],
    [
      2,
      2,
      -0.003822741312814478
    ],
    [
      2,
      3,
      5.454198037399478e-05
    ],
    [
      2,
      4,
      -9.662290841586046e-05
    ],
    [
      2,
      5,
      8.660405233571904e-07
    ],
    [
      2,
      6,
      7.768316623768897e-07
    ],
    [
      2,
      7,
      3.1262942114780633e-07
    ],
    [
      2,
      8,
      7.523982251019036e-08
    ],
    [
      2,
      9,
      1.538369452503e-08
    ],
    [
      3,
      0,
      -0.015586889375703338
    ],
    [
      3,
      1,
      -0.00023768510839002218
    ],
    [
      3,
      2,
      0.011536013937347116
    ],
    [
      3,
      3,
      0.001582876861736606
    ],
    [
      3,
      4,
      -0.00010586686356250318
    ],
    [
      3,
      5,
      -1.075126648588366e-06
    ],
    [
      3,
      6,
      6.321496136916172e-07
    ],
    [
      3,
      7,
      2.1298871033209603e-07
    ],
    [
      3,
      8,
      4.446328162099772e-08
    ],
    [
      3,
      9,
      7.827120796297478e-09
    ],
    [
      4,
      0,
      -0.03687166730283851
    ],
    [
      4,
      1,
      -0.05452238564047602
    ],
    [
      4,
      2,
      0.008478989054673796
    ],
    [
      4,
      3,
      0.002040928073258838
    ],
    [
      4,
      4,
      -0.0001589073739951963
    ],
    [
      4,
      5,
      -1.411251716095545e-05
    ],
    [
      4,
      6,
      -2.5104482819949235e-07
    ],
    [
      4,
      7,
      1.4088993709639375e-07
    ],
    [
      4,
      8,
      2.1738181332112725e-08
    ],
    [
      4,
      9,
      1.3375773105453559e-09
    ],
    [
      5,
      0,
      -0.010222427544040649
    ],
    [
      5,
      1,
      -0.029831910872262248
    ],
    [
      5,
      2,
      0.002474343465131417
    ],
    [
      5,
      3,
      0.0013087937021996946
    ],
    [
      5,
      4,
      -4.840911195806514e-05
    ],
    [
      5,
      5,
      -5.697966958295186e-05
    ],
    [
      5,
      6,
      -4.295077528810935e-06
    ],
    [
      5,
      7,
      -2.5559752058467216e-07
    ],
    [
      5,
      8,
      -3.5789469607510967e-08
    ],
    [
      5,
      9,
      -8.114978225854433e-09
    ],
    [
      6,
      0,
      -0.021012754552862622
    ],
    [
      6,
      1,
      -0.02845117256412945
    ],
    [
      6,
      2,
      0.001392490929082159
    ],
    [
      6,
      3,
      0.0009551570778944015
    ],
    [
      6,
      4,
      -2.1051798918590678e-06
    ],
    [
      6,
      5,
      -3.259150110739049e-05
    ],
    [
      6,
      6,
      -1.4978406903253668e-05
    ],
    [
      6,
      7,
      -1.4478151012897142e-06
    ],
    [
      6,
      8,
      -1.8529388340369216e-07
    ],
    [
      6,
      9,
      -2.5603768534249314e-08
    ],
    [
      7,
      0,
      -0.013727566008741487
    ],
    [
      7,
      1,
      -0.0034382477186865436
    ],
    [
      7,
      2,
      0.0007041090170096325
    ],
    [
      7,
      3,
      0.0006680733895628566
    ],
    [
      7,
      4,
      -5.837680586597647e-06
    ],
    [
      7,
      5,
      -2.355221756519904e-05
    ],
    [
      7,
