{
  "B": 1.0,
  "b_order": 6,
  "edge_b_order": 7,
  "edge_basis": "(1-q)^i * (b^2/(1-b^2))^j",
  "edge_q_order": 7,
  "evidence": {
    "h": 0.001,
    "rms_residual": 0.044007607882900424,
    "status": "approximate_non_validated_edge_basis_seed"
  },
  "f_coeffs": [
    [
      0,
      0,
      0.5
    ],
    [
      0,
      1,
      0.44757967168607926
    ],
    [
      0,
      2,
      0.7499613408266499
    ],
    [
      0,
      3,
      0.09469892345160356
    ],
    [
      0,
      4,
      0.06178718571673559
    ],
    [
      0,
      5,
      0.07121748545849531
    ],
    [
      0,
      6,
      0.04863296636483184
    ],
    [
      1,
      0,
      -1.9574662921580748
    ],
    [
      1,
      1,
      -2.067519948166554
    ],
    [
      1,
      2,
      -3.6546186686128492
    ],
    [
      1,
      3,
      -0.07841270535325943
    ],
    [
      1,
      4,
      -0.2240317028490338
    ],
    [
      1,
      5,
      -0.37071917514284125
    ],
    [
      1,
      6,
      -0.07490509620346775
    ],
    [
      2,
      0,
      3.2148661675170906
    ],
    [
      2,
      1,
      3.508977941431127
    ],
    [
      2,
      2,
      4.952089057242157
    ],
    [
      2,
      3,
      -0.49703753175109877
    ],
    [
      2,
      4,
      -0.4974904061290146
    ],
    [
      2,
      5,
      -0.5625883200970073
    ],
    [
      2,
      6,
      -0.09659793674004966
    ],
    [
      3,
      0,
      -2.2468606233383626
    ],
    [
      3,
      1,
      -2.6249327965258256
    ],
    [
      3,
      2,
      -1.223071751798014
    ],
    [
      3,
      3,
      0.3501304806998316
    ],
    [
      3,
      4,
      -0.401770639292348
    ],
    [
      3,
      5,
      -0.054464845820481264
    ],
    [
      3,
      6,
      -0.024865733535638552
    ],
    [
      4,
      0,
      -0.028055099555824452
    ],
    [
      4,
      1,
      -0.3165111789522712
    ],
    [
      4,
      2,
      -2.1870868382511013
    ],
    [
      4,
      3,
      0.751061346646557
    ],
    [
      4,
      4,
      0.5189174047240419
    ],
    [
      4,
      5,
      0.2076090923201112
    ],
    [
      4,
      6,
      0.1161152840920537
    ],
    [
      5,
      0,
      0.6489341263291789
    ],
    [
      5,
      1,
      1.435047928568703
    ],
    [
      5,
      2,
      0.14706498673406873
    ],
    [
      5,
      3,
      0.28002135779443155
    ],
    [
      5,
      4,
      0.6557559991991563
    ],
    [
      5,
      5,
      0.1927017945538122
    ],
    [
      5,
      6,
      0.14938209577354408
    ],
    [
      6,
      0,
      0.03713066349368137
    ],
    [
      6,
      1,
      -0.21296506965119508
    ],
    [
      6,
      2,
      0.8491014827994114
    ],
    [
      6,
      3,
      -0.29121061100489865
    ],
    [
      6,
      4,
      0.09721302328544734
    ],
    [
      6,
      5,
      0.3381670547458244
    ],
    [
      6,
      6,
      0.08485709310372862
    ],
    [
      7,
      0,
      -0.07271520577732768
    ],
    [
      7,
      1,
      -0.1280713165118002
    ],
    [
      7,
      2,
      0.1287083984220859
    ],
    [
      7,
      3,
      0.009490849428606373
    ],
    [
      7,
      4,
      0.02926294861623908
    ],
    [
      7,
      5,
      0.05590802756845535
    ],
    [
      7,
      6,
      0.06385999499986975
    ]
  ],
  "f_edge_coeffs": [
    [
      0,
      0,
      -0.016481276498422553
    ],
    [
      0,
      1,
      0.02524830736899998
    ],
    [
      0,
      2,
      0.007218090742745274
    ],
    [
      0,
      3,
      -0.0005386588667612162
    ],
    [
      0,
      4,
      -7.526716026686148e-05
    ],
    [
      0,
      5,
      5.24881702448366e-06
    ],
    [
      0,
      6,
      1.7625716302144385e-06
    ],
    [
      0,
      7,
      3.545676742813845e-07
    ],
    [
      1,
      0,
      0.0043773092237544605
    ],
    [
      1,
      1,
      -0.06999851109720187
    ],
    [
      1,
      2,
      -0.0071041416026793305
    ],
    [
      1,
      3,
      -0.00046929406426136157
    ],
    [
      1,
      4,
      -4.744405077918756e-05
    ],
    [
      1,
      5,
      5.937574028392308e-06
    ],
    [
      1,
      6,
      1.5795249095250718e-06
    ],
    [
      1,
      7,
      4.076141577582712e-07
    ],
    [
      2,
      0,
      -0.00029683697255702805
    ],
    [
      2,
      1,
      0.059940507938881796
    ],
    [
      2,
      2,
      -0.003727978251385188
    ],
    [
      2,
      3,
      6.479685127114209e-05
    ],
    [
      2,
      4,
      -8.748272209249298e-05
    ],
    [
      2,
      5,
      2.480858427575829e-06
    ],
    [
      2,
      6,
      8.472686157803826e-07
    ],
    [
      2,
      7,
      2.0987163573519788e-07
    ],
    [
      3,
      0,
      -0.011293672556585083
    ],
    [
      3,
      1,
      -0.0031878738071738325
    ],
    [
      3,
      2,
      0.011688099870022915
    ],
    [
      3,
      3,
      0.001539370634649584
    ],
    [
      3,
      4,
      -0.00010309941447883946
    ],
    [
      3,
      5,
      -3.081722063786778e-08
    ],
    [
      3,
      6,
      7.347501448421931e-07
    ],
    [
      3,
      7,
      1.644025582419662e-07
    ],
    [
      4,
      0,
      -0.03890750383030306
    ],
    [
      4,
      1,
      -0.05385181181772713
    ],
    [
      4,
      2,
      0.008570228743350358
    ],
    [
      4,
      3,
      0.0019215885918427572
    ],
    [
      4,
      4,
      -0.00016445718999037962
    ],
    [
      4,
      5,
      -1.3884358429714767e-05
    ],
    [
      4,
      6,
      -1.7472493627027464e-07
    ],
    [
      4,
      7,
      1.259851686153169e-07
    ],
    [
      5,
      0,
      -0.010407967227820294
    ],
    [
      5,
      1,
      -0.022122232182708274
    ],
    [
      5,
      2,
      0.0023729412371717904
    ],
    [
      5,
      3,
      0.0011028837936387498
    ],
    [
      5,
      4,
      -6.207710158392822e-05
    ],
    [
      5,
      5,
      -5.70426368516581e-05
    ],
    [
      5,
      6,
      -4.018271942004432e-06
    ],
    [
      5,
      7,
      -1.486951174919365e-07
    ],
    [
      6,
      0,
      -0.016619983438973827
    ],
    [
      6,
      1,
      -0.018893678433201947
    ],
    [
      6,
      2,
      0.0012416392019219823
    ],
    [
      6,
      3,
      0.0006508435913308609
    ],
    [
      6,
      4,
      -2.060741996883013e-05
    ],
    [
      6,
      5,
      -3.131355319190823e-05
    ],
    [
      6,
      6,
      -1.3907206413586728e-05
    ],
    [
      6,
      7,
      -9.92435999438814e-07
    ],
    [
      7,
      0,
      -0.0069931172340638136
    ],
    [
      7,
      1,
      -0.002708430858203418
    ],
    [
      7,
      2,
      0.00025807488116645893
    ],
    [
      7,
      3,
      0.00029990842484391123
    ],
    [
      7,
      4,
      -2.065983708851704e-05
    ],
    [
      7,
      5,
      -1.8161423712434487e-05
    ],
    [
      7,
      6,
      -7.434569289369094e-06
    ],
    [
      7,
      7,
      -2.9052860943246725e-06
    ]
  ],