{
  "B": 1.0,
  "b_order": 6,
  "edge_b_order": 4,
  "edge_basis": "(1-q)^i * (b^2/(1-b^2))^j",
  "edge_q_order": 4,
  "evidence": {
    "h": 0.001,
    "rms_residual": 0.05112833140565635,
    "status": "approximate_non_validated_edge_basis_seed"
  },
  "f_coeffs": [
    [
      0,
      0,
      0.5
    ],
    [
      0,
      1,
      0.44706263009985764
    ],
    [
      0,
      2,
      0.7535940281212659
    ],
    [
      0,
      3,
      0.0923517830537647
    ],
    [
      0,
      4,
      0.060270300125154316
    ],
    [
      0,
      5,
      0.07054602834766174
    ],
    [
      0,
      6,
      0.047926956916927894
    ],
    [
      1,
      0,
      -1.955359618361679
    ],
    [
      1,
      1,
      -2.0623536076613447
    ],
    [
      1,
      2,
      -3.6656254794781473
    ],
    [
      1,
      3,
      -0.08114694124971288
    ],
    [
      1,
      4,
      -0.22614881827787878
    ],
    [
      1,
      5,
      -0.37223349742713335
    ],
    [
      1,
      6,
      -0.07336246233896948
    ],
    [
      2,
      0,
      3.219063397890908
    ],
    [
      2,
      1,
      3.5261041316790687
    ],
    [
      2,
      2,
      4.952202987848054
    ],
    [
      2,
      3,
      -0.4999086434797961
    ],
    [
      2,
      4,
      -0.5030015361072439
    ],
    [
      2,
      5,
      -0.5630203282752835
    ],
    [
      2,
      6,
      -0.09620489044102107
    ],
    [
      3,
      0,
      -2.250133449394491
    ],
    [
      3,
      1,
      -2.641857605538503
    ],
    [
      3,
      2,
      -1.210140872432021
    ],
    [
      3,
      3,
      0.3472855061808385
    ],
    [
      3,
      4,
      -0.40495629388585613
    ],
    [
      3,
      5,
      -0.05902763795308697
    ],
    [
      3,
      6,
      -0.023424700396045457
    ],
    [
      4,
      0,
      -0.03832183682171187
    ],
    [
      4,
      1,
      -0.32317666313672244
    ],
    [
      4,
      2,
      -2.188157400550285
    ],
    [
      4,
      3,
      0.760602072442782
    ],
    [
      4,
      4,
      0.517816090331754
    ],
    [
      4,
      5,
      0.204848724305096
    ],
    [
      4,
      6,
      0.1094004132796782
    ],
    [
      5,
      0,
      0.6515757182479556
    ],
    [
      5,
      1,
      1.4336070349976264
    ],
    [
      5,
      2,
      0.13994192015409657
    ],
    [
      5,
      3,
      0.2851427860208158
    ],
    [
      5,
      4,
      0.6561466909130442
    ],
    [
      5,
      5,
      0.2005432008264917
    ],
    [
      5,
      6,
      0.14988739931981682
    ],
    [
      6,
      0,
      0.0496281544167231
    ],
    [
      6,
      1,
      -0.20952039538938763
    ],
    [
      6,
      2,
      0.8352116358813781
    ],
    [
      6,
      3,
      -0.2810486759142821
    ],
    [
      6,
      4,
      0.11227273572774787
    ],
    [
      6,
      5,
      0.34261852390970615
    ],
    [
      6,
      6,
      0.09143894258238897
    ],
    [
      7,
      0,
      -0.06997894943006217
    ],
    [
      7,
      1,
      -0.11587564587918048
    ],
    [
      7,
      2,
      0.10864636793676732
    ],
    [
      7,
      3,
      0.00867792156241817
    ],
    [
      7,
      4,
      0.036818436052261844
    ],
    [
      7,
      5,
      0.05833816710151555
    ],
    [
      7,
      6,
      0.07076247673996197
    ]
  ],
  "f_edge_coeffs": [
    [
      0,
      0,
      -0.008361943889478583
    ],
    [
      0,
      1,
      0.01805664241828319
    ],
    [
      0,
      2,
      0.005130701766127361
    ],
    [
      0,
      3,
      -0.00023843999616538145
    ],
    [
      0,
      4,
      -3.6592067050743224e-05
    ],
    [
      1,
      0,
      -0.003796040394653826
    ],
    [
      1,
      1,
      -0.049001212979990307
    ],
    [
      1,
      2,
      -0.006707247600214294
    ],
    [
      1,
      3,
      -0.00035904895675213595
    ],
    [
      1,
      4,
      -2.4009511849430536e-05
    ],
    [
      2,
      0,
      0.013905978983552194
    ],
    [
      2,
      1,
      0.045682565698658126
    ],
    [
      2,
      2,
      -0.0023923617527742895
    ],
    [
      2,
      3,
      4.689876584952379e-05
    ],
    [
      2,
      4,
      -4.910457716334888e-05
    ],
    [
      3,
      0,
      -0.013297033500052596
    ],
    [
      3,
      1,
      -0.011240390564300413
    ],
    [
      3,
      2,
      0.012002928448217844
    ],
    [
      3,
      3,
      0.001145114187134119
    ],
    [
      3,
      4,
      -7.305096926126776e-05
    ],
    [
      4,
      0,
      -0.036332243247206256
    ],
    [
      4,
      1,
      -0.041370714072924024
    ],
    [
      4,
      2,
      0.005757896799266839
    ],
    [
      4,
      3,
      0.001028737251953757
    ],
    [
      4,
      4,
      -0.00010856276358841466
    ]
  ],