{
  "B": 1.0,
  "b_order": 8,
  "bounded_edge_b_order": 8,
  "bounded_edge_basis": "(1-q)^i * b^(2j)",
  "bounded_edge_q_order": 6,
  "dropped_singular_edge_basis": true,
  "edge_family": "vanishing",
  "evidence": {
    "h": 0.001,
    "rms_residual": 0.2639657016830312,
    "status": "approximate_non_validated_bounded_edge_basis_seed"
  },
  "f_bounded_edge_coeffs": [],
  "f_coeffs": [
    [
      0,
      0,
      0.5
    ],
    [
      0,
      1,
      0.0
    ],
    [
      0,
      2,
      0.0
    ],
    [
      0,
      3,
      0.0
    ],
    [
      0,
      4,
      0.0
    ],
    [
      0,
      5,
      0.0
    ],
    [
      0,
      6,
      0.0
    ],
    [
      0,
      7,
      0.0
    ],
    [
      0,
      8,
      0.0
    ],
    [
      1,
      0,
      0.0
    ],
    [
      1,
      1,
      0.0
    ],
    [
      1,
      2,
      0.0
    ],
    [
      1,
      3,
      0.0
    ],
    [
      1,
      4,
      0.0
    ],
    [
      1,
      5,
      0.0
    ],
    [
      1,
      6,
      0.0
    ],
    [
      1,
      7,
      0.0
    ],
    [
      1,
      8,
      0.0
    ],
    [
      2,
      0,
      -0.2668384446273117
    ],
    [
      2,
      1,
      -0.26414452988577497
    ],
    [
      2,
      2,
      -0.20731801992437665
    ],
    [
      2,
      3,
      -0.1375775109028636
    ],
    [
      2,
      4,
      -0.029923817887889233
    ],
    [
      2,
      5,
      -0.02844759909224786
    ],
    [
      2,
      6,
      -0.020233033303430504
    ],
    [
      2,
      7,
      -0.054429612115454766
    ],
    [
      2,
      8,
      -0.051434479756565524
    ],
    [
      3,
      0,
      0.4483770264463863
    ],
    [
      3,
      1,
      0.07087634558240595
    ],
    [
      3,
      2,
      -0.01663565097544591
    ],
    [
      3,
      3,
      -0.07842669860158871
    ],
    [
      3,
      4,
      -0.10080441680737826
    ],
    [
      3,
      5,
      -0.04680701376415877
    ],
    [
      3,
      6,
      -0.12586045029469697
    ],
    [
      3,
      7,
      -0.18373386742252648
    ],
    [
      3,
      8,
      -0.18508364369904032
    ],
    [
      4,
      0,
      0.10542582097871965
    ],
    [
      4,
      1,
      0.017815187831485443
    ],
    [
      4,
      2,
      0.01365294489355608
    ],
    [
      4,
      3,
      0.06897070560111997
    ],
    [
      4,
      4,
      -0.015426931597447183
    ],
    [
      4,
      5,
      -0.06942473736998367
    ],
    [
      4,
      6,
      -0.06275034030158634
    ],
    [
      4,
      7,
      -0.1078099375827483
    ],
    [
      4,
      8,
      -0.09857177608076655
    ],
    [
      5,
      0,
      -0.26109612690953443
    ],
    [
      5,
      1,
      -0.05042588965725315
    ],
    [
      5,
      2,
      0.028982789625079233
    ],
    [
      5,
      3,
      -0.03407865549778533
    ],
    [
      5,
      4,
      0.024220140531483393
    ],
    [
      5,
      5,
      0.037633547341928385
    ],
    [
      5,
      6,
      -0.13953320387005305
    ],
    [
      5,
      7,
      -0.06792895793834576
    ],
    [
      5,
      8,
      -0.036396011672533965
    ],
    [
      6,
      0,
      -0.19758597902669547
    ],
    [
      6,
      1,
      -0.09103507452920988
    ],
    [
      6,
      2,
      0.03926469722785457
    ],
    [
      6,
      3,
      0.08451637954683375
    ],
    [
      6,
      4,
      0.04941292054480135
    ],
    [
      6,
      5,
      -0.005861609327572784
    ],
    [
      6,
      6,
      -0.04796536347842362
    ],
    [
      6,
      7,
      -0.00041947227407662874
    ],
    [
      6,
      8,
      -0.07195331276208108
    ],
    [
      7,
      0,
      0.12305554307854631
    ],
    [
      7,
      1,
      -0.10369674285222207
    ],
    [
      7,
      2,
      -0.05330961903065047
    ],
    [
      7,
      3,
      -0.006461793602554377
    ],
    [
      7,
      4,
      -0.047891818928689975
    ],
    [
      7,
      5,
      0.04170238826459472
    ],
    [
      7,
      6,
      -0.010295939691204577
    ],
    [
      7,
      7,
      -0.0023553851658799116
    ],
    [
      7,
      8,
      0.04142298008592792
    ]
  ],
  "f_vanishing_edge_coeffs": [
    [
      0,
      0,
      0.09223011987170776
    ],
    [
      0,
      1,
      -0.04916550773975874
    ],
    [
      0,
      2,
      0.0001439140475723594
    ],
    [
      0,
      3,
      -0.0008278026746741788
    ],
    [
      0,
      4,
      -0.001509381824961882
    ],
    [
      0,
      5,
      0.0003171584022692404
    ],
    [
      0,
      6,
      0.00014872712769444196
    ],
    [
      0,
      7,
      0.0006242628482655467
    ],
    [
      0,
      8,
      -0.0012855909023279533
    ],
    [
      1,
      0,
      0.0
    ],
    [
      1,
      1,
      0.0
    ],
    [
      1,
      2,
      0.0
    ],
    [
      1,
      3,
      0.0
    ],
    [
      1,
      4,
      0.0
    ],
    [
      1,
      5,
      0.0
    ],
    [
      1,
      6,
      0.0
    ],
    [
      1,
      7,
      0.0
    ],
    [
      1,
      8,
      0.0
    ],
    [
      2,
      0,
      0.0
    ],
    [
      2,
      1,
      0.0
    ],
    [
      2,
      2,
      0.0
    ],
    [
      2,
      3,
      0.0
    ],
    [
      2,
      4,
      0.0
    ],
    [
      2,
      5,
      0.0
    ],
    [
      2,
      6,
      0.0
    ],
    [
      2,
      7,
      0.0
    ],
    [
      2,
      8,
      0.0
    ],
    [
      3,
      0,
      0.0
    ],
    [
      3,
      1,
      0.0
    ],
    [
      3,
      2,
      0.0
    ],
    [
      3,
      3,
      0.0
    ],
    [
      3,
      4,
      0.0
    ],
    [
      3,
      5,
      0.0
    ],
    [
      3,
      6,
      0.0
    ],
    [
      3,
      7,
      0.0
    ],
    [
      3,
      8,
      0.0
    ],
    [
      4,
      0,
      0.0
    ],
    [
      4,
      1,
      0.0
    ],
    [
      4,
      2,
      0.0
    ],
    [
      4,
      3,
      0.0
    ],
    [
      4,
      4,
      0.0
    ],
    [
      4,
      5,
      0.0
    ],
    [
      4,
      6,
      0.0
    ],
    [
      4,
      7,
      0.0
    ],
    [
      4,
      8,
      0.0
    ],
    [
      5,
      0,
      0.0
    ],
    [
      5,
      1,
      0.0
    ],
    [
      5,
      2,
      0.0
    ],
    [
      5,
      3,
      0.0
    ],
    [
      5,
      4,
      0.0
    ],
    [
      5,
      5,
      0.0
    ],
    [
      5,
      6,
      0.0
    ],
    [
      5,
      7,
      0.0
    ],
    [
      5,
      8,
      0.0
    ],
    [
      6,
      0,
      1.8257233881976984
    ],
    [
      6,
      1,
      -0.9297434615961333
    ],
    [
      6,
      2,
      -8.226630958618813e-10
    ],
    [
      6,
      3,
      6.3968372631715e-09
    ],
    [
      6,
      4,
      -2.919320105615495e-08
    ],
    [
      6,
      5,
      7.638455791442741e-08
    ],
    [
      6,
      6,
      -1.1485534834748857e-07
    ],
    [
      6,
      7,
      9.181560407995777e-08
    ],
    [
      6,
      8,
      -3.039846319589951e-08
    ]
  ],
  "g_bounded_edge_coeffs": [],