{
  "B": 1.0,
  "b_order": 6,
  "bounded_edge_b_order": 8,
  "bounded_edge_basis": "(1-q)^i * b^(2j)",
  "bounded_edge_q_order": 0,
  "dropped_singular_edge_basis": true,
  "edge_family": "vanishing",
  "evidence": {
    "h": 0.001,
    "rms_residual": 0.6569228674555736,
    "status": "approximate_non_validated_bounded_edge_basis_seed"
  },
  "f_bounded_edge_coeffs": [],
  "f_coeffs": [
    [
      0,
      0,
      0.5
    ],
    [
      0,
      1,
      0.0
    ],
    [
      0,
      2,
      0.0
    ],
    [
      0,
      3,
      0.0
    ],
    [
      0,
      4,
      0.0
    ],
    [
      0,
      5,
      0.0
    ],
    [
      0,
      6,
      0.0
    ],
    [
      1,
      0,
      0.0
    ],
    [
      1,
      1,
      0.0
    ],
    [
      1,
      2,
      0.0
    ],
    [
      1,
      3,
      0.0
    ],
    [
      1,
      4,
      0.0
    ],
    [
      1,
      5,
      0.0
    ],
    [
      1,
      6,
      0.0
    ],
    [
      2,
      0,
      -0.019858973391403075
    ],
    [
      2,
      1,
      -0.0004436050635874537
    ],
    [
      2,
      2,
      -0.0020341390882352398
    ],
    [
      2,
      3,
      -0.0025588139124287043
    ],
    [
      2,
      4,
      -0.001325136024478178
    ],
    [
      2,
      5,
      -0.0012167287148535583
    ],
    [
      2,
      6,
      -0.000198039871001603
    ],
    [
      3,
      0,
      -0.007836335800418162
    ],
    [
      3,
      1,
      0.002713881549326071
    ],
    [
      3,
      2,
      0.0007472811836429895
    ],
    [
      3,
      3,
      -0.003786506850991805
    ],
    [
      3,
      4,
      0.002638311090190972
    ],
    [
      3,
      5,
      -0.00011501304547854928
    ],
    [
      3,
      6,
      0.004628777347123758
    ],
    [
      4,
      0,
      -0.00011821572849766689
    ],
    [
      4,
      1,
      0.004769233157296913
    ],
    [
      4,
      2,
      -0.0007344124752760365
    ],
    [
      4,
      3,
      -2.143000314376223e-05
    ],
    [
      4,
      4,
      0.0007315278038731552
    ],
    [
      4,
      5,
      -4.488695267511626e-05
    ],
    [
      4,
      6,
      -0.0016491095751281235
    ],
    [
      5,
      0,
      0.002060048107066942
    ],
    [
      5,
      1,
      0.0036366013750429474
    ],
    [
      5,
      2,
      0.0036727015718871735
    ],
    [
      5,
      3,
      0.0030370499541794785
    ],
    [
      5,
      4,
      0.00026286389602540194
    ],
    [
      5,
      5,
      -0.0026305052176969243
    ],
    [
      5,
      6,
      -0.003061960030971966
    ],
    [
      6,
      0,
      0.0005380664285742787
    ],
    [
      6,
      1,
      0.0013156990528297259
    ],
    [
      6,
      2,
      0.0004965443246385385
    ],
    [
      6,
      3,
      0.0014978854630567427
    ],
    [
      6,
      4,
      0.006057342989414072
    ],
    [
      6,
      5,
      0.0008655163751278628
    ],
    [
      6,
      6,
      0.0006078650052079302
    ],
    [
      7,
      0,
      -0.002427017507272822
    ],
    [
      7,
      1,
      0.00147009661888195
    ],
    [
      7,
      2,
      -8.60052377042622e-05
    ],
    [
      7,
      3,
      0.0006784987310940367
    ],
    [
      7,
      4,
      0.0027874238863862854
    ],
    [
      7,
      5,
      -0.0022240627644138757
    ],
    [
      7,
      6,
      0.004266003572507426
    ]
  ],
  "f_vanishing_edge_coeffs": [
    [
      0,
      0,
      1.9035892795223108
    ],
    [
      0,
      1,
      -0.9777460704527418
    ],
    [
      0,
      2,
      -0.0003737035908036401
    ],
    [
      0,
      3,
      -0.0010854028011714693
    ],
    [
      0,
      4,
      -0.0010125049273039307
    ],
    [
      0,
      5,
      -0.0016041523820400395
    ],
    [
      0,
      6,
      -0.0016996236701831008
    ],
    [
      0,
      7,
      0.002587380322896433
    ],
    [
      0,
      8,
      -0.0014466775524630332
    ]
  ],
  "g_bounded_edge_coeffs": [],
  "g_coeffs": [
    [
      0,
      0,
      1.0
    ],
    [
      0,
      1,
      0.0
    ],
    [
      0,
      2,
      0.0
    ],
    [
      0,
      3,
      0.0
    ],
    [
      0,
      4,
      0.0
    ],
    [
      0,
      5,
      0.0
    ],
    [
      0,
      6,
      0.0
    ],
    [
      1,
      0,
      0.0
    ],
    [
      1,
      1,
      0.0
    ],
    [
      1,
      2,
      0.0
    ],
    [
      1,
      3,
      0.0
    ],
    [
      1,
      4,
      0.0
    ],
    [
      1,
      5,
      0.0
    ],
    [
      1,
      6,
      0.0
    ],
    [
      2,
      0,
      -0.06468837428917378
    ],
    [
      2,
      1,
      0.08916414924581793
    ],
    [
      2,
      2,
      -0.012725653641887427
    ],
    [
      2,
      3,
      -0.004541694410364182
    ],
    [
      2,
      4,
      0.0011779369371688279
    ],
    [
      2,
      5,
      0.0015883071355204366
    ],
    [
      2,
      6,
      0.00023825072516568484
    ],
    [
      3,
      0,
      0.007441843582385894
    ],
    [
      3,
      1,
      0.02686754308095139
    ],
    [
      3,
      2,
      -0.014429892727101129
    ],
    [
      3,
      3,
      -0.003123428500785946
    ],
    [
      3,
      4,
      0.0012665482866090357
    ],
    [
      3,
      5,
      0.001154100591038455
    ],
    [
      3,
      6,
      -0.00016642000067270822
    ],
    [
      4,
      0,
      0.053249187191339586
    ],
    [
      4,
      1,
      -0.011313019982092814
    ],
    [
      4,
      2,
      -0.014217591636723028
    ],
    [
      4,
      3,
      -0.001515211381520823
    ],
    [
      4,
      4,
      0.0018915975857430778
    ],
    [
      4,
      5,
      0.0013997443286465814
    ],
    [
      4,
      6,
      5.874729481371798e-05
    ],
    [
      5,
      0,
      0.06250124375016457
    ],
    [
      5,
      1,
      -0.03253361484639096
    ],
    [
      5,
      2,
      -0.013038667252562157
    ],
    [
      5,
      3,
      -0.00010719991524618341
    ],
    [
      5,
      4,
      0.0025552073893500373
    ],
    [
      5,
      5,
      0.001810957360787872
    ],
    [
      5,
      6,
      0.00045638878215487923
    ],
    [
      6,
      0,
      0.026120219363704095
    ],
    [
      6,
      1,
      -0.04311417399994271
    ],
    [
      6,
      2,
      -0.011532743874209848
    ],
    [
      6,
      3,
      0.0009765218688247418
    ],
    [
      6,
      4,
      0.0030796886496155126
    ],
    [
      6,
      5,
      0.002186357744505154
    ],
    [
      6,
      6,
      0.0008427188864399722
    ],
    [
      7,
      0,
      -0.01859368652948676
    ],
    [
      7,
      1,
      -0.047384635355045876
    ],
    [
      7,
      2,
      -0.010032355831083247
    ],
    [
      7,
      3,
      0.0017389776463337264
    ],
    [
      7,
      4,
      0.003426684847124016
    ],
    [
      7,
      5,
      0.0024621583994019086
    ],
    [
      7,
      6,
      0.0011546471369675904
    ]
  ],
  "g_vanishing_edge_coeffs": [
    [
      0,
      0,
      0.06403445918076135
    ],
    [
      0,
      1,
      -1.038127835035378
    ],
    [
      0,
      2,
      -0.013315792082869279
    ],
    [
      0,
      3,
      -0.004269457823567624
    ],
    [
      0,
      4,
      0.0010837454743090709
    ],
    [
      0,
      5,
      0.0014386487661845345
    ],
    [
      0,
      6,
      -8.506985718294236e-06
    ],
    [
      0,
      7,
      -0.0012872009519776437
    ],
    [
      0,
      8,
      -0.002317601760035309
    ]
  ],
  "gamma": 0.45,
  "q_order": 7,
  "vanishing_edge_basis": "q^vanishing_edge_power * (1-q)^i * b^(2j)",
  "vanishing_edge_power": 2.2222222222222223
}
