{
  "B": 1.0,
  "b_order": 6,
  "bounded_edge_b_order": 8,
  "bounded_edge_basis": "(1-q)^i * b^(2j)",
  "bounded_edge_q_order": 0,
  "dropped_singular_edge_basis": true,
  "edge_family": "vanishing",
  "evidence": {
    "h": 0.001,
    "rms_residual": 0.6035328110997888,
    "status": "approximate_non_validated_bounded_edge_basis_seed"
  },
  "f_bounded_edge_coeffs": [],
  "f_coeffs": [
    [
      0,
      0,
      0.5
    ],
    [
      0,
      1,
      0.0
    ],
    [
      0,
      2,
      0.0
    ],
    [
      0,
      3,
      0.0
    ],
    [
      0,
      4,
      0.0
    ],
    [
      0,
      5,
      0.0
    ],
    [
      0,
      6,
      0.0
    ],
    [
      1,
      0,
      0.0
    ],
    [
      1,
      1,
      0.0
    ],
    [
      1,
      2,
      0.0
    ],
    [
      1,
      3,
      0.0
    ],
    [
      1,
      4,
      0.0
    ],
    [
      1,
      5,
      0.0
    ],
    [
      1,
      6,
      0.0
    ],
    [
      2,
      0,
      -0.09965355411654218
    ],
    [
      2,
      1,
      -0.015450328202366737
    ],
    [
      2,
      2,
      -0.01924412432019683
    ],
    [
      2,
      3,
      -0.013060631013009043
    ],
    [
      2,
      4,
      0.014730182940176108
    ],
    [
      2,
      5,
      -0.012631715540293503
    ],
    [
      2,
      6,
      -0.005662407579841777
    ],
    [
      3,
      0,
      0.007500396118006724
    ],
    [
      3,
      1,
      0.034828306892158656
    ],
    [
      3,
      2,
      0.008691996762871128
    ],
    [
      3,
      3,
      0.008718554947809716
    ],
    [
      3,
      4,
      -0.0053367446080658035
    ],
    [
      3,
      5,
      0.014666868074346494
    ],
    [
      3,
      6,
      -0.002350221783610839
    ],
    [
      4,
      0,
      0.025168662577041548
    ],
    [
      4,
      1,
      0.03089978616870789
    ],
    [
      4,
      2,
      -0.00035107228272902846
    ],
    [
      4,
      3,
      0.009812869665228041
    ],
    [
      4,
      4,
      -0.0022649548444481273
    ],
    [
      4,
      5,
      0.0011507874083531635
    ],
    [
      4,
      6,
      0.0010354267280883855
    ],
    [
      5,
      0,
      0.0014965694427438794
    ],
    [
      5,
      1,
      0.011921500133901487
    ],
    [
      5,
      2,
      0.02398772067985294
    ],
    [
      5,
      3,
      0.00041699665695579943
    ],
    [
      5,
      4,
      0.009793638491564729
    ],
    [
      5,
      5,
      -0.014631138450622147
    ],
    [
      5,
      6,
      -0.002745808604728124
    ],
    [
      6,
      0,
      -0.000316247194600099
    ],
    [
      6,
      1,
      -0.005477595579391259
    ],
    [
      6,
      2,
      0.017543357008186225
    ],
    [
      6,
      3,
      0.013569922933424003
    ],
    [
      6,
      4,
      -0.009153491567428527
    ],
    [
      6,
      5,
      0.026847311662285447
    ],
    [
      6,
      6,
      0.006113548491463042
    ],
    [
      7,
      0,
      -0.02013380849825394
    ],
    [
      7,
      1,
      -0.008705763560695325
    ],
    [
      7,
      2,
      -0.030911561867329247
    ],
    [
      7,
      3,
      -0.00660768317451162
    ],
    [
      7,
      4,
      0.009564837587357225
    ],
    [
      7,
      5,
      -0.00531554429422231
    ],
    [
      7,
      6,
      0.022450168385506557
    ]
  ],
  "f_vanishing_edge_coeffs": [
    [
      0,
      0,
      1.8446023974341534
    ],
    [
      0,
      1,
      -0.9833101547951739
    ],
    [
      0,
      2,
      0.0028782809514471853
    ],
    [
      0,
      3,
      -0.01655605349348356
    ],
    [
      0,
      4,
      -0.030187636499237613
    ],
    [
      0,
      5,
      0.006343168045384802
    ],
    [
      0,
      6,
      0.002974542553888837
    ],
    [
      0,
      7,
      0.012485256965310922
    ],
    [
      0,
      8,
      -0.025711818046559046
    ]
  ],
  "g_bounded_edge_coeffs": [],
  "g_coeffs": [
    [
      0,
      0,
      1.0
    ],
    [
      0,
      1,
      0.0
    ],
    [
      0,
      2,
      0.0
    ],
    [
      0,
      3,
      0.0
    ],
    [
      0,
      4,
      0.0
    ],
    [
      0,
      5,
      0.0
    ],
    [
      0,
      6,
      0.0
    ],
    [
      1,
      0,
      0.0
    ],
    [
      1,
      1,
      0.0
    ],
    [
      1,
      2,
      0.0
    ],
    [
      1,
      3,
      0.0
    ],
    [
      1,
      4,
      0.0
    ],
    [
      1,
      5,
      0.0
    ],
    [
      1,
      6,
      0.0
    ],
    [
      2,
      0,
      -0.5072105255682166
    ],
    [
      2,
      1,
      0.31144866388415643
    ],
    [
      2,
      2,
      -0.14816604781396744
    ],
    [
      2,
      3,
      0.008748432607683317
    ],
    [
      2,
      4,
      -0.008138480409406687
    ],
    [
      2,
      5,
      -0.05870464704497899
    ],
    [
      2,
      6,
      -0.09723013637420598
    ],
    [
      3,
      0,
      0.45869144938889905
    ],
    [
      3,
      1,
      0.058727994537886144
    ],
    [
      3,
      2,
      -0.12539101109363587
    ],
    [
      3,
      3,
      0.013540238384255285
    ],
    [
      3,
      4,
      0.018684190523541942
    ],
    [
      3,
      5,
      -0.004379383333274452
    ],
    [
      3,
      6,
      -0.024610381684553834
    ],
    [
      4,
      0,
      0.5816687960628076
    ],
    [
      4,
      1,
      -0.1424749505670649
    ],
    [
      4,
      2,
      -0.09897229651762095
    ],
    [
      4,
      3,
      0.014883928807115815
    ],
    [
      4,
      4,
      0.023593695429182656
    ],
    [
      4,
      5,
      0.013273731943076232
    ],
    [
      4,
      6,
      0.0036444835668948093
    ],
    [
      5,
      0,
      0.18125634157390857
    ],
    [
      5,
      1,
      -0.19710771187703657
    ],
    [
      5,
      2,
      -0.05043109602975034
    ],
    [
      5,
      3,
      0.026852991389203353
    ],
    [
      5,
      4,
      0.02801816516995223
    ],
    [
      5,
      5,
      0.021089533091149602
    ],
    [
      5,
      6,
      0.01622306850924362
    ],
    [
      6,
      0,
      -0.2637956892834354
    ],
    [
      6,
      1,
      -0.16650992259804326
    ],
    [
      6,
      2,
      0.001580644745074307
    ],
    [
      6,
      3,
      0.04166874066292725
    ],
    [
      6,
      4,
      0.032291534177575985
    ],
    [
      6,
      5,
      0.024738905087292547
    ],
    [
      6,
      6,
      0.021626779940703417
    ],
    [
      7,
      0,
      -0.3778780776902284
    ],
    [
      7,
      1,
      -0.10412003533079414
    ],
    [
      7,
      2,
      0.04537937444950452
    ],
    [
      7,
      3,
      0.05395390655515648
    ],
    [
      7,
      4,
      0.03507894332373744
    ],
    [
      7,
      5,
      0.02576590931320876
    ],
    [
      7,
      6,
      0.02311911867050432
    ]
  ],
  "g_vanishing_edge_coeffs": [
    [
      0,
      0,
      -0.09395723959193358
    ],
    [
      0,
      1,
      -0.834245877069771
    ],
    [
      0,
      2,
      -0.13633442820529368
    ],
    [
      0,
      3,
      0.014199890926784952
    ],
    [
      0,
      4,
      0.0033759882351859513
    ],
    [
      0,
      5,
      -0.03983710869299733
    ],
    [
      0,
      6,
      -0.07395376705875137
    ],
    [
      0,
      7,
      -0.09453200340067063
    ],
    [
      0,
      8,
      -0.10520188166182584
    ]
  ],
  "gamma": 0.45,
  "q_order": 7,
  "vanishing_edge_basis": "q^vanishing_edge_power * (1-q)^i * b^(2j)",
  "vanishing_edge_power": 2.2222222222222223
}
