{
  "B": 1.0,
  "b_order": 6,
  "bounded_edge_b_order": 8,
  "bounded_edge_basis": "(1-q)^i * b^(2j)",
  "bounded_edge_q_order": 8,
  "dropped_singular_edge_basis": true,
  "edge_family": "vanishing",
  "evidence": {
    "h": 0.001,
    "rms_residual": 0.08386759866641993,
    "status": "approximate_non_validated_bounded_edge_basis_seed"
  },
  "f_bounded_edge_coeffs": [],
  "f_coeffs": [
    [
      0,
      0,
      0.5
    ],
    [
      0,
      1,
      0.0
    ],
    [
      0,
      2,
      0.0
    ],
    [
      0,
      3,
      0.0
    ],
    [
      0,
      4,
      0.0
    ],
    [
      0,
      5,
      0.0
    ],
    [
      0,
      6,
      0.0
    ],
    [
      1,
      0,
      -1.9740835123643694
    ],
    [
      1,
      1,
      -2.0168448131834813
    ],
    [
      1,
      2,
      -3.484409276101551
    ],
    [
      1,
      3,
      -0.05808298709295993
    ],
    [
      1,
      4,
      -0.2080969133325423
    ],
    [
      1,
      5,
      -0.3632118091399476
    ],
    [
      1,
      6,
      -0.07575665230766555
    ],
    [
      2,
      0,
      3.2101586692354482
    ],
    [
      2,
      1,
      3.6422762618236066
    ],
    [
      2,
      2,
      4.877456210234856
    ],
    [
      2,
      3,
      -0.5425832958079623
    ],
    [
      2,
      4,
      -0.46195372972437426
    ],
    [
      2,
      5,
      -0.49552536588046125
    ],
    [
      2,
      6,
      -0.07364607822792503
    ],
    [
      3,
      0,
      -2.1772602349247445
    ],
    [
      3,
      1,
      -2.6588475131189684
    ],
    [
      3,
      2,
      -1.2781669622705003
    ],
    [
      3,
      3,
      0.2872237688159239
    ],
    [
      3,
      4,
      -0.3498029902985776
    ],
    [
      3,
      5,
      -0.05940471754858052
    ],
    [
      3,
      6,
      -0.06992373296738842
    ],
    [
      4,
      0,
      0.010372117689256586
    ],
    [
      4,
      1,
      -0.38867608644094687
    ],
    [
      4,
      2,
      -2.1860421987946372
    ],
    [
      4,
      3,
      0.6954008917878095
    ],
    [
      4,
      4,
      0.5189212110662145
    ],
    [
      4,
      5,
      0.24627742318795603
    ],
    [
      4,
      6,
      0.07128293747966682
    ],
    [
      5,
      0,
      0.5718994585731162
    ],
    [
      5,
      1,
      1.4081682182673683
    ],
    [
      5,
      2,
      0.1828248511659665
    ],
    [
      5,
      3,
      0.2161735674840997
    ],
    [
      5,
      4,
      0.6693127779698596
    ],
    [
      5,
      5,
      0.24667657411470686
    ],
    [
      5,
      6,
      0.08682144226513497
    ],
    [
      6,
      0,
      -0.018192970857018438
    ],
    [
      6,
      1,
      -0.1681834496836971
    ],
    [
      6,
      2,
      0.8651011276126483
    ],
    [
      6,
      3,
      -0.25005031223405083
    ],
    [
      6,
      4,
      0.07072836627999159
    ],
    [
      6,
      5,
      0.30778800861886146
    ],
    [
      6,
      6,
      0.03853572017463672
    ],
    [
      7,
      0,
      -0.023771043253815894
    ],
    [
      7,
      1,
      -0.09308937759073542
    ],
    [
      7,
      2,
      0.04289025322847584
    ],
    [
      7,
      3,
      -0.08192864200839452
    ],
    [
      7,
      4,
      -0.03443299347898497
    ],
    [
      7,
      5,
      0.00014712778835598893
    ],
    [
      7,
      6,
      -0.02750059098282149
    ]
  ],
  "f_vanishing_edge_coeffs": [
    [
      0,
      0,
      -0.0689734583040531
    ],
    [
      0,
      1,
      0.08054695498725602
    ],
    [
      0,
      2,
      0.14414881785477326
    ],
    [
      0,
      3,
      0.02982953013352886
    ],
    [
      0,
      4,
      0.20866256562338673
    ],
    [
      0,
      5,
      0.2257160742138113
    ],
    [
      0,
      6,
      -0.3252071525840968
    ],
    [
      0,
      7,
      -0.15139206505656944
    ],
    [
      0,
      8,
      0.8024838109466504
    ],
    [
      1,
      0,
      -0.09731968806664272
    ],
    [
      1,
      1,
      0.027605487594902625
    ],
    [
      1,
      2,
      -0.025607602757328256
    ],
    [
      1,
      3,
      0.22791796256042812
    ],
    [
      1,
      4,
      -0.7363909154777567
    ],
    [
      1,
      5,
      0.45046545075164385
    ],
    [
      1,
      6,
      0.5798757051023367
    ],
    [
      1,
      7,
      -0.2164650592949309
    ],
    [
      1,
      8,
      -1.205811338061935
    ],
    [
      2,
      0,
      0.6360962998726786
    ],
    [
      2,
      1,
      -0.15639994536161758
    ],
    [
      2,
      2,
      0.34681210424944275
    ],
    [
      2,
      3,
      0.1938621413673477
    ],
    [
      2,
      4,
      0.4206596926686153
    ],
    [
      2,
      5,
      0.31925807298995995
    ],
    [
      2,
      6,
      -0.023539201591867988
    ],
    [
      2,
      7,
      -0.19168248456593767
    ],
    [
      2,
      8,
      -0.2990315835212278
    ],
    [
      3,
      0,
      -3.892600135494326
    ],
    [
      3,
      1,
      -0.04290950696308299
    ],
    [
      3,
      2,
      -0.42670639561985363
    ],
    [
      3,
      3,
      -1.3296588188018454
    ],
    [
      3,
      4,
      -0.529132912864101
    ],
    [
      3,
      5,
      -1.0014819732124485
    ],
    [
      3,
      6,
      -1.0706416572574096
    ],
    [
      3,
      7,
      -0.48910032553177707
    ],
    [
      3,
      8,
      0.41732441349697963
    ],
    [
      4,
      0,
      9.77169688034517
    ],
    [
      4,
      1,
      2.4865314426334764
    ],
    [
      4,
      2,
      1.6004058082529673
    ],
    [
      4,
      3,
      1.8548911163515969
    ],
    [
      4,
      4,
      2.5461893612989606
    ],
    [
      4,
      5,
      1.414284705814348
    ],
    [
      4,
      6,
      1.0405815733844754
    ],
    [
      4,
      7,
      1.5550883599307757
    ],
    [
      4,
      8,
      2.175336017938216
    ],
    [
      5,
      0,
      -11.988291758434857
    ],
    [
      5,
      1,
      -5.49492588209987
    ],
    [
      5,
      2,
      -2.905897814484791
    ],
    [
      5,
      3,
      -1.4328140853476399
    ],
    [
      5,
      4,
      -0.694302048966784
    ],
    [
      5,
      5,
      -1.5704320399588725
    ],
    [
      5,
      6,
      -1.6115905086350562
    ],
    [
      5,
      7,
      -0.5016158950431447
    ],
    [
      5,
      8,
      0.7246052669787358
    ],
    [
      6,
      0,
      -1.4532338035895396
    ],
    [
      6,
      1,
      1.2514571277748323
    ],
    [
      6,
      2,
      0.8079298223132337
    ],
    [
      6,
      3,
      -0.005099798222358976
    ],
    [
      6,
      4,
      -0.730996889046974
    ],
    [
      6,
      5,
      -1.9483411599249312
    ],
    [
      6,
      6,
      -2.0503939298952827
    ],
    [
      6,
      7,
      -1.001953205000181
    ],
    [
      6,
      8,
      0.20974787320470137
    ],
    [
      7,
      0,
      16.260692708556824
    ],
    [
      7,
      1,
      8.43689000213451
    ],
    [
      7,
      2,
      4.251782201680462
    ],
    [
      7,
      3,
      2.54660745161217
    ],
    [
      7,
      4,
      1.303861983098934
    ],
    [
      7,
      5,
      0.11093257039881642
    ],
    [
      7,
      6,
      0.15059151941677376
    ],
    [
      7,
      7,
      0.9829234026945448
    ],
    [
      7,
      8,
      1.7447090463943555
    ],
    [
      8,
      0,
      -12.377484591022428
    ],
    [
      8,
      1,
      -8.426251605340033
    ],
    [
      8,
      2,
      -5.496395777748669
    ],
    [
      8,
      3,
      -2.6720708807029605
    ],
    [
      8,
      4,
      -0.753684159757414
    ],
    [
      8,
      5,
      0.1095463971264002
    ],
    [
      8,
      6,
      1.3053163914114947
    ],
    [
      8,
