{
  "B": 1.0,
  "b_order": 6,
  "bounded_edge_b_order": 8,
  "bounded_edge_basis": "(1-q)^i * b^(2j)",
  "bounded_edge_q_order": 8,
  "dropped_singular_edge_basis": true,
  "edge_family": "vanishing",
  "evidence": {
    "h": 0.001,
    "rms_residual": 0.11747922124691855,
    "status": "approximate_non_validated_bounded_edge_basis_seed"
  },
  "f_bounded_edge_coeffs": [],
  "f_coeffs": [
    [
      0,
      0,
      0.5
    ],
    [
      0,
      1,
      0.0
    ],
    [
      0,
      2,
      0.0
    ],
    [
      0,
      3,
      0.0
    ],
    [
      0,
      4,
      0.0
    ],
    [
      0,
      5,
      0.0
    ],
    [
      0,
      6,
      0.0
    ],
    [
      1,
      0,
      -1.9596681361251205
    ],
    [
      1,
      1,
      -2.050404876540229
    ],
    [
      1,
      2,
      -3.6201386525393864
    ],
    [
      1,
      3,
      -0.07586632380932957
    ],
    [
      1,
      4,
      -0.22749415465293682
    ],
    [
      1,
      5,
      -0.3704211421553321
    ],
    [
      1,
      6,
      -0.07375815840881074
    ],
    [
      2,
      0,
      3.2130303563558327
    ],
    [
      2,
      1,
      3.517342745982615
    ],
    [
      2,
      2,
      4.9492053685867825
    ],
    [
      2,
      3,
      -0.5053273586576296
    ],
    [
      2,
      4,
      -0.4815854816250814
    ],
    [
      2,
      5,
      -0.5504559594901618
    ],
    [
      2,
      6,
      -0.09740522722503002
    ],
    [
      3,
      0,
      -2.235084533871054
    ],
    [
      3,
      1,
      -2.6073531075974836
    ],
    [
      3,
      2,
      -1.2251309744306316
    ],
    [
      3,
      3,
      0.337495860839604
    ],
    [
      3,
      4,
      -0.38735153213169293
    ],
    [
      3,
      5,
      -0.03360019427211654
    ],
    [
      3,
      6,
      -0.030288955584379898
    ],
    [
      4,
      0,
      -0.021012001817722503
    ],
    [
      4,
      1,
      -0.3389694167991603
    ],
    [
      4,
      2,
      -2.1908960609418595
    ],
    [
      4,
      3,
      0.7139055436541256
    ],
    [
      4,
      4,
      0.5275194146657475
    ],
    [
      4,
      5,
      0.21956238196121353
    ],
    [
      4,
      6,
      0.10749216490021016
    ],
    [
      5,
      0,
      0.6329541486288542
    ],
    [
      5,
      1,
      1.418903742591618
    ],
    [
      5,
      2,
      0.13110463362760574
    ],
    [
      5,
      3,
      0.2718117644537912
    ],
    [
      5,
      4,
      0.6550304908642833
    ],
    [
      5,
      5,
      0.21427059214557037
    ],
    [
      5,
      6,
      0.13342016686447994
    ],
    [
      6,
      0,
      0.032237094405056836
    ],
    [
      6,
      1,
      -0.19879199140641987
    ],
    [
      6,
      2,
      0.8394341027380025
    ],
    [
      6,
      3,
      -0.2696108519855409
    ],
    [
      6,
      4,
      0.0925754295093928
    ],
    [
      6,
      5,
      0.31935971745608377
    ],
    [
      6,
      6,
      0.06908657244394971
    ],
    [
      7,
      0,
      -0.06556309970472075
    ],
    [
      7,
      1,
      -0.10978002118567624
    ],
    [
      7,
      2,
      0.12971972118720596
    ],
    [
      7,
      3,
      -0.0009481432193154124
    ],
    [
      7,
      4,
      0.037373578923756326
    ],
    [
      7,
      5,
      0.03190126637997585
    ],
    [
      7,
      6,
      0.058258609100247896
    ]
  ],
  "f_vanishing_edge_coeffs": [
    [
      0,
      0,
      -0.025279920236080423
    ],
    [
      0,
      1,
      0.03217650277875338
    ],
    [
      0,
      2,
      0.0553054778818445
    ],
    [
      0,
      3,
      0.0025970951563221052
    ],
    [
      0,
      4,
      0.14312626731510053
    ],
    [
      0,
      5,
      0.19715024020192157
    ],
    [
      0,
      6,
      -0.3674634218624509
    ],
    [
      0,
      7,
      -0.13426718360570364
    ],
    [
      0,
      8,
      0.8575293578415638
    ],
    [
      1,
      0,
      -0.08395664054734675
    ],
    [
      1,
      1,
      -0.006720062519721722
    ],
    [
      1,
      2,
      -0.11596894996487449
    ],
    [
      1,
      3,
      0.21314594257932956
    ],
    [
      1,
      4,
      -0.8011486280441605
    ],
    [
      1,
      5,
      0.4383687186184459
    ],
    [
      1,
      6,
      0.5808291436887383
    ],
    [
      1,
      7,
      -0.20036710487174933
    ],
    [
      1,
      8,
      -1.18075295826349
    ],
    [
      2,
      0,
      0.6567607383081926
    ],
    [
      2,
      1,
      -0.17938398482886722
    ],
    [
      2,
      2,
      0.2489614132670836
    ],
    [
      2,
      3,
      0.16975230849234102
    ],
    [
      2,
      4,
      0.40866900163414444
    ],
    [
      2,
      5,
      0.3266403687839283
    ],
    [
      2,
      6,
      -0.011145464282377365
    ],
    [
      2,
      7,
      -0.2287786198854883
    ],
    [
      2,
      8,
      -0.26867958879549797
    ],
    [
      3,
      0,
      -3.640866718957001
    ],
    [
      3,
      1,
      -0.07146133697906512
    ],
    [
      3,
      2,
      -0.46785481539319584
    ],
    [
      3,
      3,
      -1.3489137808877896
    ],
    [
      3,
      4,
      -0.5052540850243348
    ],
    [
      3,
      5,
      -0.965973428099553
    ],
    [
      3,
      6,
      -1.0224909395413397
    ],
    [
      3,
      7,
      -0.4078328270404676
    ],
    [
      3,
      8,
      0.45464884945772466
    ],
    [
      4,
      0,
      9.603789535763465
    ],
    [
      4,
      1,
      2.4646282805797126
    ],
    [
      4,
      2,
      1.5406997869001622
    ],
    [
      4,
      3,
      1.7648464711114782
    ],
    [
      4,
      4,
      2.5912766203224713
    ],
    [
      4,
      5,
      1.461770457400402
    ],
    [
      4,
      6,
      1.07535508044789
    ],
    [
      4,
      7,
      1.6232838352002412
    ],
    [
      4,
      8,
      2.362219230796186
    ],
    [
      5,
      0,
      -11.814407892686848
    ],
    [
      5,
      1,
      -5.693540734476763
    ],
    [
      5,
      2,
      -2.9666737953254025
    ],
    [
      5,
      3,
      -1.4408860047578051
    ],
    [
      5,
      4,
      -0.6779629307713217
    ],
    [
      5,
      5,
      -1.5201791409713432
    ],
    [
      5,
      6,
      -1.5295576865219822
    ],
    [
      5,
      7,
      -0.522901822293351
    ],
    [
      5,
      8,
      0.7240017497479816
    ],
    [
      6,
      0,
      -1.454226300348719
    ],
    [
      6,
      1,
      1.2543913929111496
    ],
    [
      6,
      2,
      0.7806816452413436
    ],
    [
      6,
      3,
      0.0031473048388105714
    ],
    [
      6,
      4,
      -0.717461823127132
    ],
    [
      6,
      5,
      -2.0168948948343854
    ],
    [
      6,
      6,
      -2.0037028954623874
    ],
    [
      6,
      7,
      -0.9693820552914286
    ],
    [
      6,
      8,
      0.2827039497498865
    ],
    [
      7,
      0,
      16.70059067363563
    ],
    [
      7,
      1,
      8.424495453420327
    ],
    [
      7,
      2,
      4.537140893565999
    ],
    [
      7,
      3,
      2.5647711190960107
    ],
    [
      7,
      4,
      1.3276636920637692
    ],
    [
      7,
      5,
      0.14728288552649296
    ],
    [
      7,
      6,
      0.18511236015838547
    ],
    [
      7,
      7,
      1.0215717667381428
    ],
    [
      7,
      8,
      1.8734669594485507
    ],
    [
      8,
      0,
      -12.071352295636624
    ],
    [
      8,
      1,
      -7.929194535623209
    ],
    [
      8,
      2,
      -5.125127994920936
    ],
    [
      8,
      3,
      -2.5630421962763332
    ],
    [
      8,
      4,
      -0.7232457569878459
    ],
    [
      8,
      5,
      0.16529951847844318
    ],
    [
      8,
      6,
      1.312080742429429
    ],
    [
      8,
