{
  "B": 1.0,
  "b_order": 5,
  "evidence": {
    "h": 0.001,
    "rms_residual": 0.02550224945623989,
    "status": "approximate_non_validated_seed",
    "training_grid_n": 17
  },
  "f_coeffs": [
    [
      0,
      0,
      0.5
    ],
    [
      0,
      1,
      0.45542424126380704
    ],
    [
      0,
      2,
      0.7720028897404719
    ],
    [
      0,
      3,
      0.08803909106276435
    ],
    [
      0,
      4,
      0.08714939193844087
    ],
    [
      0,
      5,
      0.058214964586550864
    ],
    [
      1,
      0,
      -1.948057670686975
    ],
    [
      1,
      1,
      -2.117790367210791
    ],
    [
      1,
      2,
      -3.8552769789584174
    ],
    [
      1,
      3,
      -0.11976681347965557
    ],
    [
      1,
      4,
      -0.2191461635352731
    ],
    [
      1,
      5,
      -0.3180093152377278
    ],
    [
      2,
      0,
      3.155918656397353
    ],
    [
      2,
      1,
      3.50127855453711
    ],
    [
      2,
      2,
      4.914157244416598
    ],
    [
      2,
      3,
      -0.5347241488338186
    ],
    [
      2,
      4,
      -0.5162530324315812
    ],
    [
      2,
      5,
      -0.5615309035161027
    ],
    [
      3,
      0,
      -2.1897825816825924
    ],
    [
      3,
      1,
      -2.5233172291473176
    ],
    [
      3,
      2,
      -1.1165632341135385
    ],
    [
      3,
      3,
      0.4520728473160896
    ],
    [
      3,
      4,
      -0.40377168346222025
    ],
    [
      3,
      5,
      -0.07831165974585302
    ],
    [
      4,
      0,
      0.0032784161197727873
    ],
    [
      4,
      1,
      -0.3087604181351221
    ],
    [
      4,
      2,
      -2.091263572916277
    ],
    [
      4,
      3,
      0.9795598043592022
    ],
    [
      4,
      4,
      0.5262906956861759
    ],
    [
      4,
      5,
      0.096442891984117
    ],
    [
      5,
      0,
      0.6195320230029063
    ],
    [
      5,
      1,
      1.286714922172473
    ],
    [
      5,
      2,
      0.08884040444459575
    ],
    [
      5,
      3,
      0.45131680403252505
    ],
    [
      5,
      4,
      0.663949950707847
    ],
    [
      5,
      5,
      0.14056873357126023
    ],
    [
      6,
      0,
      -0.036841286947894764
    ],
    [
      6,
      1,
      -0.2410989812788979
    ],
    [
      6,
      2,
      0.6647385521593581
    ],
    [
      6,
      3,
      -0.1623042945544448
    ],
    [
      6,
      4,
      0.10079654194945503
    ],
    [
      6,
      5,
      0.2749615036108662
    ]
  ],
  "g_coeffs": [
    [
      0,
      0,
      1.0
    ],
    [
      0,
      1,
      -1.2676149448622884
    ],
    [
      0,
      2,
      2.007267155677978
    ],
    [
      0,
      3,
      -0.22888735185985262
    ],
    [
      0,
      4,
      -0.5831012922330678
    ],
    [
      0,
      5,
      -0.019970246529794594
    ],
    [
      1,
      0,
      -6.213949047759373
    ],
    [
      1,
      1,
      5.74241422223343
    ],
    [
      1,
      2,
      -2.868959236888476
    ],
    [
      1,
      3,
      0.04753740578592826
    ],
    [
      1,
      4,
      -0.37132998659742056
    ],
    [
      1,
      5,
      -0.08438649689860495
    ],
    [
      2,
      0,
      14.171899208901513
    ],
    [
      2,
      1,
      -7.274251027973322
    ],
    [
      2,
      2,
      -1.213680506747497
    ],
    [
      2,
      3,
      0.061399055333913766
    ],
    [
      2,
      4,
      -0.22013152612212328
    ],
    [
      2,
      5,
      -0.10401287198041555
    ],
    [
      3,
      0,
      -11.811838818593843
    ],
    [
      3,
      1,
      2.3552649818005866
    ],
    [
      3,
      2,
      4.720281904688195
    ],
    [
      3,
      3,
      0.06996522793350893
    ],
    [
      3,
      4,
      -0.12297102526040635
    ],
    [
      3,
      5,
      -0.09996284464612655
    ],
    [
      4,
      0,
      0.08471303201756608
    ],
    [
      4,
      1,
      0.5245774559446236
    ],
    [
      4,
      2,
      0.36711646826038696
    ],
    [
      4,
      3,
      0.0830948329827556
    ],
    [
      4,
      4,
      -0.05835022445804721
    ],
    [
      4,
      5,
      -0.07586038554271322
    ],
    [
      5,
      0,
      2.7334427046514156
    ],
    [
      5,
      1,
      0.8412315203438893
    ],
    [
      5,
      2,
      -0.28764409543887554
    ],
    [
      5,
      3,
      -0.14452948138699656
    ],
    [
      5,
      4,
      -0.007728731986623391
    ],
    [
      5,
      5,
      -0.03653279322596571
    ],
    [
      6,
      0,
      0.5804955562887908
    ],
    [
      6,
      1,
      0.24849961275094604
    ],
    [
      6,
      2,
      -0.35364456715072323
    ],
    [
      6,
      3,
      -0.11639203586681104
    ],
    [
      6,
      4,
      -0.00834975494460721
    ],
    [
      6,
      5,
      0.01142371801727049
    ]
  ],
  "gamma": 0.45,
  "q_order": 6
}
