{
  "B": 1.0,
  "b_order": 6,
  "edge_b_order": 5,
  "edge_basis": "(1-q)^i * (b^2/(1-b^2))^j",
  "edge_q_order": 5,
  "evidence": {
    "h": 0.001,
    "rms_residual": 0.04689726298282608,
    "status": "approximate_non_validated_edge_basis_seed"
  },
  "f_coeffs": [
    [
      0,
      0,
      0.5
    ],
    [
      0,
      1,
      0.44755592615546225
    ],
    [
      0,
      2,
      0.7507983997882289
    ],
    [
      0,
      3,
      0.09404131030236347
    ],
    [
      0,
      4,
      0.061063167406648446
    ],
    [
      0,
      5,
      0.07143756661559515
    ],
    [
      0,
      6,
      0.04894251081293193
    ],
    [
      1,
      0,
      -1.9576201226342083
    ],
    [
      1,
      1,
      -2.0657063976212986
    ],
    [
      1,
      2,
      -3.6562658806523585
    ],
    [
      1,
      3,
      -0.07878591206748792
    ],
    [
      1,
      4,
      -0.22432788928140737
    ],
    [
      1,
      5,
      -0.3707794798600725
    ],
    [
      1,
      6,
      -0.07518522347336735
    ],
    [
      2,
      0,
      3.2156420830645525
    ],
    [
      2,
      1,
      3.512131162470047
    ],
    [
      2,
      2,
      4.951272173566011
    ],
    [
      2,
      3,
      -0.49758075093212434
    ],
    [
      2,
      4,
      -0.4987664430608911
    ],
    [
      2,
      5,
      -0.562543750722568
    ],
    [
      2,
      6,
      -0.095661129446373
    ],
    [
      3,
      0,
      -2.2459874228164063
    ],
    [
      3,
      1,
      -2.630424857635242
    ],
    [
      3,
      2,
      -1.2205262921998918
    ],
    [
      3,
      3,
      0.3478626160053046
    ],
    [
      3,
      4,
      -0.40233293383569485
    ],
    [
      3,
      5,
      -0.05347805045539889
    ],
    [
      3,
      6,
      -0.02430208574152682
    ],
    [
      4,
      0,
      -0.029167804387651496
    ],
    [
      4,
      1,
      -0.3165013172925555
    ],
    [
      4,
      2,
      -2.184900303853186
    ],
    [
      4,
      3,
      0.7530874073813117
    ],
    [
      4,
      4,
      0.521577757027193
    ],
    [
      4,
      5,
      0.20888781931401626
    ],
    [
      4,
      6,
      0.11521096591051361
    ],
    [
      5,
      0,
      0.6480758678442883
    ],
    [
      5,
      1,
      1.4371750211107857
    ],
    [
      5,
      2,
      0.1464977474179869
    ],
    [
      5,
      3,
      0.2836068888564557
    ],
    [
      5,
      4,
      0.657374282928325
    ],
    [
      5,
      5,
      0.19618818017215572
    ],
    [
      5,
      6,
      0.14812781544623102
    ],
    [
      6,
      0,
      0.03855776478213949
    ],
    [
      6,
      1,
      -0.21253737171885453
    ],
    [
      6,
      2,
      0.8442812520400638
    ],
    [
      6,
      3,
      -0.2915127718768012
    ],
    [
      6,
      4,
      0.09815383618548879
    ],
    [
      6,
      5,
      0.33754451407243613
    ],
    [
      6,
      6,
      0.0838957225572387
    ],
    [
      7,
      0,
      -0.07098077680079351
    ],
    [
      7,
      1,
      -0.12699679775177303
    ],
    [
      7,
      2,
      0.1239768489676701
    ],
    [
      7,
      3,
      0.009152005838356908
    ],
    [
      7,
      4,
      0.030746107671150696
    ],
    [
      7,
      5,
      0.05464264014271441
    ],
    [
      7,
      6,
      0.06435630022526552
    ]
  ],
  "f_edge_coeffs": [
    [
      0,
      0,
      -0.01320949882365872
    ],
    [
      0,
      1,
      0.021418085976017697
    ],
    [
      0,
      2,
      0.006037507009490915
    ],
    [
      0,
      3,
      -0.0003858831296199328
    ],
    [
      0,
      4,
      -4.492216358754226e-05
    ],
    [
      0,
      5,
      6.124611723386055e-06
    ],
    [
      1,
      0,
      3.5197406445121424e-05
    ],
    [
      1,
      1,
      -0.058613095003003976
    ],
    [
      1,
      2,
      -0.007265966909461571
    ],
    [
      1,
      3,
      -0.000415942544932873
    ],
    [
      1,
      4,
      -2.770636051016079e-05
    ],
    [
      1,
      5,
      6.6263953158855796e-06
    ],
    [
      2,
      0,
      0.010204675543946554
    ],
    [
      2,
      1,
      0.05194917995584209
    ],
    [
      2,
      2,
      -0.0033464850826213895
    ],
    [
      2,
      3,
      5.5013814966683503e-05
    ],
    [
      2,
      4,
      -7.282929644841363e-05
    ],
    [
      2,
      5,
      4.09075233606963e-06
    ],
    [
      3,
      0,
      -0.010320132606353631
    ],
    [
      3,
      1,
      -0.006823275625615387
    ],
    [
      3,
      2,
      0.012118296238309649
    ],
    [
      3,
      3,
      0.00139719699817709
    ],
    [
      3,
      4,
      -0.00010356972538173849
    ],
    [
      3,
      5,
      3.3614425644811566e-07
    ],
    [
      4,
      0,
      -0.04235893142246297
    ],
    [
      4,
      1,
      -0.052045565922613495
    ],
    [
      4,
      2,
      0.008625094313395176
    ],
    [
      4,
      3,
      0.0015980228309461502
    ],
    [
      4,
      4,
      -0.00017967098485280434
    ],
    [
      4,
      5,
      -1.3130635165288256e-05
    ],
    [
      5,
      0,
      -0.012583162928146326
    ],
    [
      5,
      1,
      -0.012582848034488182
    ],
    [
      5,
      2,
      0.002055577073220586
    ],
    [
      5,
      3,
      0.0006034356218717299
    ],
    [
      5,
      4,
      -7.605143874040178e-05
    ],
    [
      5,
      5,
      -4.8599952081853026e-05
    ]
  ],