{
  "B": 1.0,
  "b_order": 8,
  "bounded_edge_b_order": 8,
  "bounded_edge_basis": "(1-q)^i * b^(2j)",
  "bounded_edge_q_order": 6,
  "dropped_singular_edge_basis": true,
  "edge_family": "vanishing",
  "evidence": {
    "h": 0.001,
    "rms_residual": 0.2420588370167436,
    "status": "approximate_non_validated_bounded_edge_basis_seed"
  },
  "f_bounded_edge_coeffs": [],
  "f_coeffs": [
    [
      0,
      0,
      0.5
    ],
    [
      0,
      1,
      0.0
    ],
    [
      0,
      2,
      0.0
    ],
    [
      0,
      3,
      0.0
    ],
    [
      0,
      4,
      0.0
    ],
    [
      0,
      5,
      0.0
    ],
    [
      0,
      6,
      0.0
    ],
    [
      0,
      7,
      0.0
    ],
    [
      0,
      8,
      0.0
    ],
    [
      1,
      0,
      0.0
    ],
    [
      1,
      1,
      0.0
    ],
    [
      1,
      2,
      0.0
    ],
    [
      1,
      3,
      0.0
    ],
    [
      1,
      4,
      0.0
    ],
    [
      1,
      5,
      0.0
    ],
    [
      1,
      6,
      0.0
    ],
    [
      1,
      7,
      0.0
    ],
    [
      1,
      8,
      0.0
    ],
    [
      2,
      0,
      -0.2859939883693496
    ],
    [
      2,
      1,
      -0.28385004186415635
    ],
    [
      2,
      2,
      -0.23105023360375798
    ],
    [
      2,
      3,
      -0.16112386268586157
    ],
    [
      2,
      4,
      -0.03284329559675718
    ],
    [
      2,
      5,
      -0.05168739805781926
    ],
    [
      2,
      6,
      -0.03310476628102215
    ],
    [
      2,
      7,
      -0.06364926418434265
    ],
    [
      2,
      8,
      -0.04698131120700202
    ],
    [
      3,
      0,
      0.4832576241340612
    ],
    [
      3,
      1,
      0.08054641228414973
    ],
    [
      3,
      2,
      -0.02545652536224073
    ],
    [
      3,
      3,
      -0.08080959684076038
    ],
    [
      3,
      4,
      -0.11438779697621147
    ],
    [
      3,
      5,
      -0.056340212585945695
    ],
    [
      3,
      6,
      -0.1409791446521446
    ],
    [
      3,
      7,
      -0.20235173188021283
    ],
    [
      3,
      8,
      -0.2003756496549612
    ],
    [
      4,
      0,
      0.088549406547289
    ],
    [
      4,
      1,
      0.00963922121916729
    ],
    [
      4,
      2,
      0.03321162720500294
    ],
    [
      4,
      3,
      0.08386600768263668
    ],
    [
      4,
      4,
      -0.001802321891034212
    ],
    [
      4,
      5,
      -0.0677780105039464
    ],
    [
      4,
      6,
      -0.060672696982157506
    ],
    [
      4,
      7,
      -0.13096314545329407
    ],
    [
      4,
      8,
      -0.12059559863999784
    ],
    [
      5,
      0,
      -0.28528859653474875
    ],
    [
      5,
      1,
      -0.06089803920095788
    ],
    [
      5,
      2,
      0.013330236831202021
    ],
    [
      5,
      3,
      -0.042295392057298827
    ],
    [
      5,
      4,
      0.021324546689468725
    ],
    [
      5,
      5,
      0.03997199355455377
    ],
    [
      5,
      6,
      -0.1069137296724103
    ],
    [
      5,
      7,
      -0.08198807143650685
    ],
    [
      5,
      8,
      -0.03597176105884284
    ],
    [
      6,
      0,
      -0.16199910149630034
    ],
    [
      6,
      1,
      -0.11046619487970832
    ],
    [
      6,
      2,
      0.026009992169526392
    ],
    [
      6,
      3,
      0.09024929600339529
    ],
    [
      6,
      4,
      0.05833259876563091
    ],
    [
      6,
      5,
      -0.0076308273911960735
    ],
    [
      6,
      6,
      -0.05728016597710249
    ],
    [
      6,
      7,
      0.013176375819079187
    ],
    [
      6,
      8,
      -0.07919797028804818
    ]
  ],
  "f_interior_bump_coeffs": [
    [
      0,
      0,
      -0.00036964260895174856
    ],
    [
      0,
      1,
      -0.0012971514697843929
    ],
    [
      0,
      2,
      0.0008131093424567275
    ],
    [
      1,
      0,
      0.00021752180571952634
    ],
    [
      1,
      1,
      0.0014550515262458567
    ],
    [
      1,
      2,
      -9.639282103163723e-05
    ],
    [
      2,
      0,
      -0.00031936228618657336
    ],
    [
      2,
      1,
      -0.0007374052610150488
    ],
    [
      2,
      2,
      0.0008548279024044658
    ]
  ],
  "f_vanishing_edge_coeffs": [
    [
      0,
      0,
      0.09223011987170776
    ],
    [
      0,
      1,
      -0.04916550773975874
    ],
    [
      0,
      2,
      0.0001439140475723594
    ],
    [
      0,
      3,
      -0.0008278026746741788
    ],
    [
      0,
      4,
      -0.001509381824961882
    ],
    [
      0,
      5,
      0.0003171584022692404
    ],
    [
      0,
      6,
      0.00014872712769444196
    ],
    [
      0,
      7,
      0.0006242628482655467
    ],
    [
      0,
      8,
      -0.0012855909023279533
    ],
    [
      1,
      0,
      0.0
    ],
    [
      1,
      1,
      0.0
    ],
    [
      1,
      2,
      0.0
    ],
    [
      1,
      3,
      0.0
    ],
    [
      1,
      4,
      0.0
    ],
    [
      1,
      5,
      0.0
    ],
    [
      1,
      6,
      0.0
    ],
    [
      1,
      7,
      0.0
    ],
    [
      1,
      8,
      0.0
    ],
    [
      2,
      0,
      0.0
    ],
    [
      2,
      1,
      0.0
    ],
    [
      2,
      2,
      0.0
    ],
    [
      2,
      3,
      0.0
    ],
    [
      2,
      4,
      0.0
    ],
    [
      2,
      5,
      0.0
    ],
    [
      2,
      6,
      0.0
    ],
    [
      2,
      7,
      0.0
    ],
    [
      2,
      8,
      0.0
    ],
    [
      3,
      0,
      0.0
    ],
    [
      3,
      1,
      0.0
    ],
    [
      3,
      2,
      0.0
    ],
    [
      3,
      3,
      0.0
    ],
    [
      3,
      4,
      0.0
    ],
    [
      3,
      5,
      0.0
    ],
    [
      3,
      6,
      0.0
    ],
    [
      3,
      7,
      0.0
    ],
    [
      3,
      8,
      0.0
    ],
    [
      4,
      0,
      0.0
    ],
    [
      4,
      1,
      0.0
    ],
    [
      4,
      2,
      0.0
    ],
    [
      4,
      3,
      0.0
    ],
    [
      4,
      4,
      0.0
    ],
    [
      4,
      5,
      0.0
    ],
    [
      4,
      6,
      0.0
    ],
    [
      4,
      7,
      0.0
    ],
    [
      4,
      8,
      0.0
    ],
    [
      5,
      0,
      0.0
    ],
    [
      5,
      1,
      0.0
    ],
    [
      5,
      2,
      0.0
    ],
    [
      5,
      3,
      0.0
    ],
    [
      5,
      4,
      0.0
    ],
    [
      5,
      5,
      0.0
    ],
    [
      5,
      6,
      0.0
    ],
    [
      5,
      7,
      0.0
    ],
    [
      5,
      8,
      0.0
    ],
    [
      6,
      0,
      1.8257233881976984
    ],
    [
      6,
      1,
      -0.9297434615961333
    ],
    [
      6,
      2,
      -8.226630958618813e-10
    ],
    [
      6,
      3,
      6.3968372631715e-09
    ],
    [
      6,
      4,
      -2.919320105615495e-08
    ],
    [
      6,
      5,
      7.638455791442741e-08
    ],
    [
      6,
      6,
      -1.1485534834748857e-07
    ],
    [
      6,
      7,
      9.181560407995777e-08
    ],
    [
      6,
      8,
      -3.039846319589951e-08
    ]
  ],
  "g_bounded_edge_coeffs": [],