{
  "B": 1.0,
  "b_order": 6,
  "bounded_edge_b_order": 8,
  "bounded_edge_basis": "(1-q)^i * b^(2j)",
  "bounded_edge_q_order": 8,
  "dropped_singular_edge_basis": true,
  "edge_family": "vanishing",
  "evidence": {
    "h": 0.001,
    "rms_residual": 0.1037598129518104,
    "status": "diagnostic_tail_filtered_seed"
  },
  "f_bounded_edge_coeffs": [],
  "f_coeffs": [
    [
      0,
      0,
      0.5
    ],
    [
      2,
      0,
      3.264467416722277
    ],
    [
      2,
      1,
      3.779110770423451
    ],
    [
      2,
      2,
      4.347712718059987
    ],
    [
      2,
      3,
      -0.4278866082000159
    ],
    [
      2,
      4,
      -0.40951686731196085
    ],
    [
      2,
      5,
      -0.5192661857204874
    ],
    [
      2,
      6,
      0.10853676567061965
    ],
    [
      3,
      0,
      -2.4023768222984674
    ],
    [
      3,
      1,
      -2.719284522913435
    ],
    [
      3,
      2,
      -1.2946403613843136
    ],
    [
      3,
      3,
      0.3460602858506778
    ],
    [
      3,
      4,
      -0.34605005130774674
    ],
    [
      3,
      5,
      -0.03586331392345513
    ],
    [
      3,
      6,
      0.18180493729385952
    ],
    [
      4,
      0,
      0.16072016548349952
    ],
    [
      4,
      1,
      -0.24868298911919035
    ],
    [
      4,
      2,
      -2.0341316656776427
    ],
    [
      4,
      3,
      0.7225459282789772
    ],
    [
      4,
      4,
      0.33207333317333504
    ],
    [
      4,
      5,
      0.3225283888502614
    ],
    [
      4,
      6,
      0.26106353973781415
    ],
    [
      5,
      0,
      0.6620271063853703
    ],
    [
      5,
      1,
      1.057104878721196
    ],
    [
      5,
      2,
      0.4288769018045617
    ],
    [
      5,
      3,
      0.1395668447679279
    ],
    [
      5,
      4,
      0.6271251185423723
    ],
    [
      5,
      5,
      0.4270913400673103
    ],
    [
      5,
      6,
      -0.3480109606149152
    ],
    [
      6,
      0,
      -0.1368486416937451
    ],
    [
      6,
      1,
      -0.18145102692631626
    ],
    [
      6,
      2,
      0.8995986534213017
    ],
    [
      6,
      3,
      -0.21714352280670188
    ],
    [
      6,
      4,
      -0.2518757244476363
    ],
    [
      6,
      5,
      0.037334559085528365
    ],
    [
      6,
      6,
      -0.11417772326008326
    ],
    [
      7,
      0,
      -0.06610660764850229
    ],
    [
      7,
      1,
      0.08833344126840478
    ],
    [
      7,
      2,
      -0.07002176892036865
    ],
    [
      7,
      3,
      -0.5159516895608228
    ],
    [
      7,
      4,
      0.028205240878281065
    ],
    [
      7,
      5,
      -0.06264034455453292
    ],
    [
      7,
      6,
      -0.19584771547320154
    ]
  ],
  "f_vanishing_edge_coeffs": [
    [
      0,
      0,
      0.09380049585216743
    ],
    [
      0,
      1,
      0.2974416104206113
    ],
    [
      0,
      2,
      0.3747097099284158
    ],
    [
      0,
      3,
      0.14321725289827492
    ],
    [
      0,
      4,
      -0.3749642087244326
    ],
    [
      0,
      5,
      1.666319652226508
    ],
    [
      0,
      6,
      -0.6318077123319169
    ],
    [
      0,
      7,
      -2.2619724200716576
    ],
    [
      0,
      8,
      2.3930789553467653
    ],
    [
      1,
      0,
      -5.677990083186762
    ],
    [
      1,
      1,
      -1.9092874401336546
    ],
    [
      1,
      2,
      -1.3415581445472198
    ],
    [
      1,
      3,
      0.3522783439567256
    ],
    [
      1,
      4,
      -1.2867759432723818
    ],
    [
      1,
      5,
      0.9770701276769305
    ],
    [
      1,
      6,
      0.7720389909152828
    ],
    [
      1,
      7,
      -0.4778690172839401
    ],
    [
      1,
      8,
      -0.3360449598572581
    ],
    [
      2,
      0,
      59.640623112089884
    ],
    [
      2,
      1,
      25.006297440503328
    ],
    [
      2,
      2,
      14.211526138545022
    ],
    [
      2,
      3,
      6.246588054393835
    ],
    [
      2,
      4,
      3.894950574033429
    ],
    [
      2,
      5,
      1.9048437353501466
    ],
    [
      2,
      6,
      -0.755983525814524
    ],
    [
      2,
      7,
      -2.4513249940851467
    ],
    [
      2,
      8,
      -2.4478107526041053
    ],
    [
      3,
      0,
      -329.5181659526141
    ],
    [
      3,
      1,
      -121.7389273378233
    ],
    [
      3,
      2,
      -55.505344984632345
    ],
    [
      3,
      3,
      -33.876464958174026
    ],
    [
      3,
      4,
      -15.906840447815952
    ],
    [
      3,
      5,
      -7.972242275777967
    ],
    [
      3,
      6,
      -4.850822193687844
    ],
    [
      3,
      7,
      -2.63585305159322
    ],
    [
      3,
      8,
      -0.18466789571710654
    ],
    [
      4,
      0,
      917.5687899475934
    ],
    [
      4,
      1,
      305.5359327869666
    ],
    [
      4,
      2,
      140.3093726373304
    ],
    [
      4,
      3,
      79.54394083019359
    ],
    [
      4,
      4,
      53.96206776384582
    ],
    [
      4,
      5,
      35.64753322356831
    ],
    [
      4,
      6,
      23.350518612279338
    ],
    [
      4,
      7,
      16.604089561154982
    ],
    [
      4,
      8,
      13.646348059201115
    ],
    [
      5,
      0,
      -1111.570875099396
    ],
    [
      5,
      1,
      -295.523368627852
    ],
    [
      5,
      2,
      -149.85261136557253
    ],
    [
      5,
      3,
      -90.54834299499484
    ],
    [
      5,
      4,
      -63.18214885587859
    ],
    [
      5,
      5,
      -51.45799049394409
    ],
    [
      5,
      6,
      -43.07710995717281
    ],
    [
      5,
      7,
      -34.43538232120459
    ],
    [
      5,
      8,
      -25.736717441182453
    ],
    [
      6,
      0,
      -201.58426481559553
    ],
    [
      6,
      1,
      -121.89352904114193
    ],
    [
      6,
      2,
      -39.472148633920085
    ],
    [
      6,
      3,
      -11.603175292079731
    ],
    [
      6,
      4,
      -6.9038431375472795
    ],
    [
      6,
      5,
      -8.932408941688342
    ],
    [
      6,
      6,
      -8.892127038045034
    ],
    [
      6,
      7,
      -5.9254325318303325
    ],
    [
      6,
      8,
      -1.6382154821625226
    ],
    [
      7,
      0,
      1704.9848262379105
    ],
    [
      7,
      1,
      444.9145402946037
    ],
    [
      7,
      2,
      244.95985534503762
    ],
    [
      7,
      3,
      159.83037927250416
    ],
    [
      7,
      4,
      109.42547817595522
    ],
    [
      7,
      5,
      78.16912532049635
    ],
    [
      7,
      6,
      60.53075145818446
    ],
    [
      7,
      7,
      51.10325755194685
    ],
    [
      7,
      8,
      45.70590802214875
    ],
    [
      8,
      0,
      -1138.547961761289
    ],
    [
      8,
      1,
      -222.23235530720024
    ],
    [
      8,
      2,
      -155.15177914448
    ],
    [
      8,
      3,
      -118.0625012581827
    ],
    [
      8,
      4,
      -88.19472474548387
    ],
    [
      8,
      5,
      -62.287867026089486
    ],
    [
      8,
      6,
      -39.35053906627042
    ],
    [
      8,
      7,
      -20.307392077528487
    ],
    [
      8,
      8,
      -5.823109900610602
    ]
  ],
  "g_bounded_edge_coeffs": [],