{
  "B": 1.0,
  "b_order": 6,
  "bounded_edge_b_order": 8,
  "bounded_edge_basis": "(1-q)^i * b^(2j)",
  "bounded_edge_q_order": 8,
  "dropped_singular_edge_basis": true,
  "edge_family": "vanishing",
  "evidence": {
    "h": 0.001,
    "rms_residual": 4.446988574269166,
    "status": "approximate_non_validated_bounded_edge_basis_seed"
  },
  "f_bounded_edge_coeffs": [],
  "f_coeffs": [
    [
      0,
      0,
      0.5
    ],
    [
      0,
      1,
      0.0
    ],
    [
      0,
      2,
      0.0
    ],
    [
      0,
      3,
      0.0
    ],
    [
      0,
      4,
      0.0
    ],
    [
      0,
      5,
      0.0
    ],
    [
      0,
      6,
      0.0
    ],
    [
      1,
      0,
      0.0
    ],
    [
      1,
      1,
      0.0
    ],
    [
      1,
      2,
      0.0
    ],
    [
      1,
      3,
      0.0
    ],
    [
      1,
      4,
      0.0
    ],
    [
      1,
      5,
      0.0
    ],
    [
      1,
      6,
      0.0
    ],
    [
      2,
      0,
      3.264467416722277
    ],
    [
      2,
      1,
      3.779110770423451
    ],
    [
      2,
      2,
      4.347712718059987
    ],
    [
      2,
      3,
      -0.4278866082000159
    ],
    [
      2,
      4,
      -0.40951686731196085
    ],
    [
      2,
      5,
      -0.5192661857204874
    ],
    [
      2,
      6,
      0.10853676567061965
    ],
    [
      3,
      0,
      -2.4023768222984674
    ],
    [
      3,
      1,
      -2.719284522913435
    ],
    [
      3,
      2,
      -1.2946403613843136
    ],
    [
      3,
      3,
      0.3460602858506778
    ],
    [
      3,
      4,
      -0.34605005130774674
    ],
    [
      3,
      5,
      -0.03586331392345513
    ],
    [
      3,
      6,
      0.18180493729385952
    ],
    [
      4,
      0,
      0.16072016548349952
    ],
    [
      4,
      1,
      -0.24868298911919035
    ],
    [
      4,
      2,
      -2.0341316656776427
    ],
    [
      4,
      3,
      0.7225459282789772
    ],
    [
      4,
      4,
      0.33207333317333504
    ],
    [
      4,
      5,
      0.3225283888502614
    ],
    [
      4,
      6,
      0.26106353973781415
    ],
    [
      5,
      0,
      0.6620271063853703
    ],
    [
      5,
      1,
      1.057104878721196
    ],
    [
      5,
      2,
      0.4288769018045617
    ],
    [
      5,
      3,
      0.1395668447679279
    ],
    [
      5,
      4,
      0.6271251185423723
    ],
    [
      5,
      5,
      0.4270913400673103
    ],
    [
      5,
      6,
      -0.3480109606149152
    ],
    [
      6,
      0,
      -0.1368486416937451
    ],
    [
      6,
      1,
      -0.18145102692631626
    ],
    [
      6,
      2,
      0.8995986534213017
    ],
    [
      6,
      3,
      -0.21714352280670188
    ],
    [
      6,
      4,
      -0.2518757244476363
    ],
    [
      6,
      5,
      0.037334559085528365
    ],
    [
      6,
      6,
      -0.11417772326008326
    ],
    [
      7,
      0,
      -0.06610660764850229
    ],
    [
      7,
      1,
      0.08833344126840478
    ],
    [
      7,
      2,
      -0.07002176892036865
    ],
    [
      7,
      3,
      -0.5159516895608228
    ],
    [
      7,
      4,
      0.028205240878281065
    ],
    [
      7,
      5,
      -0.06264034455453292
    ],
    [
      7,
      6,
      -0.19584771547320154
    ]
  ],
  "f_vanishing_edge_coeffs": [
    [
      0,
      0,
      0.03960688686046946
    ],
    [
      0,
      1,
      0.26971561870176985
    ],
    [
      0,
      2,
      0.34070771272390166
    ],
    [
      0,
      3,
      0.13528978411879988
    ],
    [
      0,
      4,
      -0.329839058127688
    ],
    [
      0,
      5,
      1.5725744833040494
    ],
    [
      0,
      6,
      -0.5875787815124148
    ],
    [
      0,
      7,
      -2.20740562164279
    ],
    [
      0,
      8,
      2.3588637058936412
    ],
    [
      1,
      0,
      -4.056416575460102
    ],
    [
      1,
      1,
      -1.1743469606941646
    ],
    [
      1,
      2,
      -0.7195230562304683
    ],
    [
      1,
      3,
      0.4023166691699255
    ],
    [
      1,
      4,
      -1.1562753804161
    ],
    [
      1,
      5,
      0.8587398684529496
    ],
    [
      1,
      6,
      0.8381640592463107
    ],
    [
      1,
      7,
      -0.43531794939000495
    ],
    [
      1,
      8,
      -0.7141289375872741
    ],
    [
      2,
      0,
      40.837797998992784
    ],
    [
      2,
      1,
      16.409022125721567
    ],
    [
      2,
      2,
      8.77907079854114
    ],
    [
      2,
      3,
      4.1561004518140505
    ],
    [
      2,
      4,
      2.7447029712668156
    ],
    [
      2,
      5,
      1.4831001283574787
    ],
    [
      2,
      6,
      -0.37774490439152464
    ],
    [
      2,
      7,
      -1.7657563093142639
    ],
    [
      2,
      8,
      -2.0011124042456823
    ],
    [
      3,
      0,
      -220.0892563111455
    ],
    [
      3,
      1,
      -78.39288490070001
    ],
    [
      3,
      2,
      -34.08763935134671
    ],
    [
      3,
      3,
      -21.98614429049819
    ],
    [
      3,
      4,
      -10.680040102869786
    ],
    [
      3,
      5,
      -5.990719782551857
    ],
    [
      3,
      6,
      -4.161862443187648
    ],
    [
      3,
      7,
      -2.6197643142082065
    ],
    [
      3,
      8,
      -0.7309310990988848
    ],
    [
      4,
      0,
      593.4594337381354
    ],
    [
      4,
      1,
      195.7756143208008
    ],
    [
      4,
      2,
      89.76014084315483
    ],
    [
      4,
      3,
      51.545480320449094
    ],
    [
      4,
      4,
      36.6985608211836
    ],
    [
      4,
      5,
      25.029989115567957
    ],
    [
      4,
      6,
      17.021319498516377
    ],
    [
      4,
      7,
      12.790670699507562
    ],
    [
      4,
      8,
      11.16094567000463
    ],
    [
      5,
      0,
      -685.3770173242526
    ],
    [
      5,
      1,
      -185.3219128685614
    ],
    [
      5,
      2,
      -97.19218617049297
    ],
    [
      5,
      3,
      -59.8638173399471
    ],
    [
      5,
      4,
      -41.857674349899014
    ],
    [
      5,
      5,
      -34.80575366018862
    ],
    [
      5,
      6,
      -29.537882289772543
    ],
    [
      5,
      7,
      -23.50824450677514
    ],
    [
      5,
      8,
      -17.133096092229323
    ],
    [
      6,
      0,
      -182.70634130827682
    ],
    [
      6,
      1,
      -88.33519163850764
    ],
    [
      6,
      2,
      -29.16833551203477
    ],
    [
      6,
      3,
      -9.851969261135253
    ],
    [
      6,
      4,
      -6.707102195601498
    ],
    [
      6,
      5,
      -8.80605807613214
    ],
    [
      6,
      6,
      -8.938797914421533
    ],
    [
      6,
      7,
      -6.4252150686628315
    ],
    [
      6,
      8,
      -2.692117304931881
    ],
    [
      7,
      0,
      1113.072253855684
    ],
    [
      7,
      1,
      301.2775503760545
    ],
    [
      7,
      2,
      170.55408999747016
    ],
    [
      7,
      3,
      112.92324117107164
    ],
    [
      7,
      4,
      77.75295756990165
    ],
    [
      7,
      5,
      55.099101889438174
    ],
    [
      7,
      6,
      42.37834914798145
    ],
    [
      7,
      7,
      35.93578460960609
    ],
    [
      7,
      8,
      32.58272039724386
    ],
    [
      8,
      0,
      -721.5694224309113
    ],
    [
      8,
      1,
      -153.8842622074531
    ],
    [
      8,
      2,
      -111.058554609045
    ],
    [
      8,
      3,
      -83.88569121538575
    ],
    [
      8,
      4,
      -61.802608327428594
    ],
    [
      8,
      5,
      -43.23221747479281
    ],
    [
      8,
      6,
      -26.69415583420736
    ],
    [
      8,
      7,
      -12.739476840007972
    ],
    [
      8,
      8,
      -1.9994574007197863
    ]
  ],
  "g_bounded_edge_coeffs": [],