{
  "B": 1.0,
  "b_order": 6,
  "bounded_edge_b_order": 8,
  "bounded_edge_basis": "(1-q)^i * b^(2j)",
  "bounded_edge_q_order": 8,
  "dropped_singular_edge_basis": true,
  "edge_family": "vanishing",
  "evidence": {
    "h": 0.001,
    "rms_residual": 0.10222233049270048,
    "status": "approximate_non_validated_bounded_edge_basis_seed"
  },
  "f_bounded_edge_coeffs": [],
  "f_coeffs": [
    [
      0,
      0,
      0.5
    ],
    [
      0,
      1,
      0.0
    ],
    [
      0,
      2,
      0.0
    ],
    [
      0,
      3,
      0.0
    ],
    [
      0,
      4,
      0.0
    ],
    [
      0,
      5,
      0.0
    ],
    [
      0,
      6,
      0.0
    ],
    [
      1,
      0,
      -1.9680378692221094
    ],
    [
      1,
      1,
      -2.035232261243045
    ],
    [
      1,
      2,
      -3.5585198838238146
    ],
    [
      1,
      3,
      -0.07353539797642006
    ],
    [
      1,
      4,
      -0.22016448484646747
    ],
    [
      1,
      5,
      -0.3675285852047007
    ],
    [
      1,
      6,
      -0.07263479260888799
    ],
    [
      2,
      0,
      3.2061625560921536
    ],
    [
      2,
      1,
      3.564766115097233
    ],
    [
      2,
      2,
      4.934426781677812
    ],
    [
      2,
      3,
      -0.5255130136154134
    ],
    [
      2,
      4,
      -0.47185107109754393
    ],
    [
      2,
      5,
      -0.5250646496757496
    ],
    [
      2,
      6,
      -0.08744438541075843
    ],
    [
      3,
      0,
      -2.2270707422204237
    ],
    [
      3,
      1,
      -2.6139610288780677
    ],
    [
      3,
      2,
      -1.2472011429982737
    ],
    [
      3,
      3,
      0.3246808598094092
    ],
    [
      3,
      4,
      -0.3674567267250271
    ],
    [
      3,
      5,
      -0.03427094455693687
    ],
    [
      3,
      6,
      -0.051945845227722776
    ],
    [
      4,
      0,
      0.001246002815359007
    ],
    [
      4,
      1,
      -0.3538512561522407
    ],
    [
      4,
      2,
      -2.2101021630785347
    ],
    [
      4,
      3,
      0.7203006952666673
    ],
    [
      4,
      4,
      0.5338687265688791
    ],
    [
      4,
      5,
      0.22810183929827813
    ],
    [
      4,
      6,
      0.08874777958840832
    ],
    [
      5,
      0,
      0.5940090996970251
    ],
    [
      5,
      1,
      1.4131648310338132
    ],
    [
      5,
      2,
      0.15628548206252235
    ],
    [
      5,
      3,
      0.26878648961302204
    ],
    [
      5,
      4,
      0.6540491189912805
    ],
    [
      5,
      5,
      0.22190015256728624
    ],
    [
      5,
      6,
      0.09213327430350636
    ],
    [
      6,
      0,
      0.036025163165141
    ],
    [
      6,
      1,
      -0.18355359746147115
    ],
    [
      6,
      2,
      0.8406346952438123
    ],
    [
      6,
      3,
      -0.26366133186892443
    ],
    [
      6,
      4,
      0.05609955383891469
    ],
    [
      6,
      5,
      0.33413201097523215
    ],
    [
      6,
      6,
      0.05544263151501238
    ],
    [
      7,
      0,
      -0.05920747345502025
    ],
    [
      7,
      1,
      -0.10274117423516607
    ],
    [
      7,
      2,
      0.08826409556055584
    ],
    [
      7,
      3,
      -0.035409183351845924
    ],
    [
      7,
      4,
      0.02672720276585178
    ],
    [
      7,
      5,
      0.008348664364387158
    ],
    [
      7,
      6,
      0.03977864656313374
    ]
  ],
  "f_vanishing_edge_coeffs": [
    [
      0,
      0,
      -0.029097165629959867
    ],
    [
      0,
      1,
      0.05246488677350234
    ],
    [
      0,
      2,
      0.0756501453009008
    ],
    [
      0,
      3,
      0.003097327144019791
    ],
    [
      0,
      4,
      0.1672741817226453
    ],
    [
      0,
      5,
      0.2102046888959843
    ],
    [
      0,
      6,
      -0.34937766081966953
    ],
    [
      0,
      7,
      -0.13425538500247106
    ],
    [
      0,
      8,
      0.8306614359634318
    ],
    [
      1,
      0,
      -0.098677605257306
    ],
    [
      1,
      1,
      0.01597329767110711
    ],
    [
      1,
      2,
      -0.0718964029127816
    ],
    [
      1,
      3,
      0.23517186343524474
    ],
    [
      1,
      4,
      -0.7862384849885883
    ],
    [
      1,
      5,
      0.43485282642776973
    ],
    [
      1,
      6,
      0.5800937611575633
    ],
    [
      1,
      7,
      -0.19838466513840602
    ],
    [
      1,
      8,
      -1.2004429389034468
    ],
    [
      2,
      0,
      0.632612241667361
    ],
    [
      2,
      1,
      -0.15724317515670327
    ],
    [
      2,
      2,
      0.2927752644326528
    ],
    [
      2,
      3,
      0.1812855910741368
    ],
    [
      2,
      4,
      0.4198814229684592
    ],
    [
      2,
      5,
      0.3254669779048526
    ],
    [
      2,
      6,
      -0.027513707468715926
    ],
    [
      2,
      7,
      -0.22248225998641438
    ],
    [
      2,
      8,
      -0.29285823099457015
    ],
    [
      3,
      0,
      -3.7356506845335113
    ],
    [
      3,
      1,
      -0.07065807951614869
    ],
    [
      3,
      2,
      -0.45051430474005283
    ],
    [
      3,
      3,
      -1.3301091529464286
    ],
    [
      3,
      4,
      -0.5107345289789252
    ],
    [
      3,
      5,
      -0.985888758042167
    ],
    [
      3,
      6,
      -1.0405661929346248
    ],
    [
      3,
      7,
      -0.4425280378932183
    ],
    [
      3,
      8,
      0.4233527820847559
    ],
    [
      4,
      0,
      9.63804455446776
    ],
    [
      4,
      1,
      2.474201116122053
    ],
    [
      4,
      2,
      1.554977073608603
    ],
    [
      4,
      3,
      1.8152871087990587
    ],
    [
      4,
      4,
      2.600394658826515
    ],
    [
      4,
      5,
      1.423362205135443
    ],
    [
      4,
      6,
      1.0760121192708305
    ],
    [
      4,
      7,
      1.5881839408077358
    ],
    [
      4,
      8,
      2.2465146571938157
    ],
    [
      5,
      0,
      -11.823465100699156
    ],
    [
      5,
      1,
      -5.633496581323045
    ],
    [
      5,
      2,
      -2.901057808073902
    ],
    [
      5,
      3,
      -1.4046085109843085
    ],
    [
      5,
      4,
      -0.6898982030042168
    ],
    [
      5,
      5,
      -1.5152512394883044
    ],
    [
      5,
      6,
      -1.5451087138655788
    ],
    [
      5,
      7,
      -0.5298586671952548
    ],
    [
      5,
      8,
      0.7110155819305335
    ],
    [
      6,
      0,
      -1.46049480844623
    ],
    [
      6,
      1,
      1.2604842991836391
    ],
    [
      6,
      2,
      0.797079895061089
    ],
    [
      6,
      3,
      0.005006103893901912
    ],
    [
      6,
      4,
      -0.7170239967385388
    ],
    [
      6,
      5,
      -2.0266559815158733
    ],
    [
      6,
      6,
      -2.0409290194244623
    ],
    [
      6,
      7,
      -1.0078972686098868
    ],
    [
      6,
      8,
      0.2655802113695753
    ],
    [
      7,
      0,
      16.47622443402989
    ],
    [
      7,
      1,
      8.469189101231507
    ],
    [
      7,
      2,
      4.427426833572628
    ],
    [
      7,
      3,
      2.5633449647648345
    ],
    [
      7,
      4,
      1.3064630634981964
    ],
    [
      7,
      5,
      0.1367895538012783
    ],
    [
      7,
      6,
      0.1729674378487079
    ],
    [
      7,
      7,
      0.994892960624314
    ],
    [
      7,
      8,
      1.781116535789037
    ],
    [
      8,
      0,
      -12.20716047657375
    ],
    [
      8,
      1,
      -8.120173846791133
    ],
    [
      8,
      2,
      -5.437416454852171
    ],
    [
      8,
      3,
      -2.6495367433979182
    ],
    [
      8,
      4,
      -0.7463021365200854
    ],
    [
      8,
      5,
      0.15049713541679413
    ],
    [
      8,
      6,
      1.3225643638102647
    ],
    [
      8,
      7,
