{
  "B": 1.0,
  "b_order": 6,
  "bounded_edge_b_order": 8,
  "bounded_edge_basis": "(1-q)^i * b^(2j)",
  "bounded_edge_q_order": 6,
  "dropped_singular_edge_basis": true,
  "edge_family": "vanishing",
  "evidence": {
    "h": 0.001,
    "rms_residual": 0.29978216146509057,
    "status": "approximate_non_validated_bounded_edge_basis_seed"
  },
  "f_bounded_edge_coeffs": [],
  "f_coeffs": [
    [
      0,
      0,
      0.5
    ],
    [
      0,
      1,
      0.0
    ],
    [
      0,
      2,
      0.0
    ],
    [
      0,
      3,
      0.0
    ],
    [
      0,
      4,
      0.0
    ],
    [
      0,
      5,
      0.0
    ],
    [
      0,
      6,
      0.0
    ],
    [
      1,
      0,
      0.0
    ],
    [
      1,
      1,
      0.0
    ],
    [
      1,
      2,
      0.0
    ],
    [
      1,
      3,
      0.0
    ],
    [
      1,
      4,
      0.0
    ],
    [
      1,
      5,
      0.0
    ],
    [
      1,
      6,
      0.0
    ],
    [
      2,
      0,
      -0.019630647715512668
    ],
    [
      2,
      1,
      -0.08661153206850813
    ],
    [
      2,
      2,
      -0.02507099770155287
    ],
    [
      2,
      3,
      0.01402672873616944
    ],
    [
      2,
      4,
      -0.004247120190373072
    ],
    [
      2,
      5,
      0.005041960684156116
    ],
    [
      2,
      6,
      0.004151962091255294
    ],
    [
      3,
      0,
      0.10857521397868611
    ],
    [
      3,
      1,
      0.030427878061713393
    ],
    [
      3,
      2,
      0.016933142214195902
    ],
    [
      3,
      3,
      -0.0036041074132334805
    ],
    [
      3,
      4,
      -0.002544571916111384
    ],
    [
      3,
      5,
      0.03306019840048904
    ],
    [
      3,
      6,
      0.012680351255215295
    ],
    [
      4,
      0,
      0.00024853017424243716
    ],
    [
      4,
      1,
      0.02021898014426301
    ],
    [
      4,
      2,
      0.019089280158732805
    ],
    [
      4,
      3,
      0.007366266498193076
    ],
    [
      4,
      4,
      0.011379535127748
    ],
    [
      4,
      5,
      -0.008408168846684574
    ],
    [
      4,
      6,
      -0.0007668502613130943
    ],
    [
      5,
      0,
      -0.034317820918557736
    ],
    [
      5,
      1,
      -0.006476080535212914
    ],
    [
      5,
      2,
      0.01122027656886883
    ],
    [
      5,
      3,
      -0.015728396105937258
    ],
    [
      5,
      4,
      -0.01650247634032432
    ],
    [
      5,
      5,
      0.006976693994169672
    ],
    [
      5,
      6,
      -0.016051381822638024
    ],
    [
      6,
      0,
      0.009492144965281321
    ],
    [
      6,
      1,
      -0.02314254170252641
    ],
    [
      6,
      2,
      0.028805636148432835
    ],
    [
      6,
      3,
      0.0019647958311315872
    ],
    [
      6,
      4,
      0.0031679430046873853
    ],
    [
      6,
      5,
      -0.0027099591244074015
    ],
    [
      6,
      6,
      -0.004240800724096372
    ],
    [
      7,
      0,
      0.06073450837157191
    ],
    [
      7,
      1,
      -0.01986574541989907
    ],
    [
      7,
      2,
      -0.019252523102296352
    ],
    [
      7,
      3,
      0.005322297165031586
    ],
    [
      7,
      4,
      -0.026095928164291866
    ],
    [
      7,
      5,
      0.007934792541388468
    ],
    [
      7,
      6,
      0.009842749747398762
    ]
  ],
  "f_vanishing_edge_coeffs": [
    [
      0,
      0,
      0.0
    ],
    [
      0,
      1,
      0.0
    ],
    [
      0,
      2,
      0.0
    ],
    [
      0,
      3,
      0.0
    ],
    [
      0,
      4,
      0.0
    ],
    [
      0,
      5,
      0.0
    ],
    [
      0,
      6,
      0.0
    ],
    [
      0,
      7,
      0.0
    ],
    [
      0,
      8,
      0.0
    ],
    [
      1,
      0,
      0.0
    ],
    [
      1,
      1,
      0.0
    ],
    [
      1,
      2,
      0.0
    ],
    [
      1,
      3,
      0.0
    ],
    [
      1,
      4,
      0.0
    ],
    [
      1,
      5,
      0.0
    ],
    [
      1,
      6,
      0.0
    ],
    [
      1,
      7,
      0.0
    ],
    [
      1,
      8,
      0.0
    ],
    [
      2,
      0,
      0.0
    ],
    [
      2,
      1,
      0.0
    ],
    [
      2,
      2,
      0.0
    ],
    [
      2,
      3,
      0.0
    ],
    [
      2,
      4,
      0.0
    ],
    [
      2,
      5,
      0.0
    ],
    [
      2,
      6,
      0.0
    ],
    [
      2,
      7,
      0.0
    ],
    [
      2,
      8,
      0.0
    ],
    [
      3,
      0,
      0.0
    ],
    [
      3,
      1,
      0.0
    ],
    [
      3,
      2,
      0.0
    ],
    [
      3,
      3,
      0.0
    ],
    [
      3,
      4,
      0.0
    ],
    [
      3,
      5,
      0.0
    ],
    [
      3,
      6,
      0.0
    ],
    [
      3,
      7,
      0.0
    ],
    [
      3,
      8,
      0.0
    ],
    [
      4,
      0,
      0.0
    ],
    [
      4,
      1,
      0.0
    ],
    [
      4,
      2,
      0.0
    ],
    [
      4,
      3,
      0.0
    ],
    [
      4,
      4,
      0.0
    ],
    [
      4,
      5,
      0.0
    ],
    [
      4,
      6,
      0.0
    ],
    [
      4,
      7,
      0.0
    ],
    [
      4,
      8,
      0.0
    ],
    [
      5,
      0,
      0.0
    ],
    [
      5,
      1,
      0.0
    ],
    [
      5,
      2,
      0.0
    ],
    [
      5,
      3,
      0.0
    ],
    [
      5,
      4,
      0.0
    ],
    [
      5,
      5,
      0.0
    ],
    [
      5,
      6,
      0.0
    ],
    [
      5,
      7,
      0.0
    ],
    [
      5,
      8,
      0.0
    ],
    [
      6,
      0,
      1.9218140928396825
    ],
    [
      6,
      1,
      -0.9786773279959299
    ],
    [
      6,
      2,
      -8.659611535388225e-10
    ],
    [
      6,
      3,
      6.733512908601579e-09
    ],
    [
      6,
      4,
      -3.072968532226837e-08
    ],
    [
      6,
      5,
      8.040479780466044e-08
    ],
    [
      6,
      6,
      -1.2090036668156692e-07
    ],
    [
      6,
      7,
      9.664800429469239e-08
    ],
    [
      6,
      8,
      -3.199838231147317e-08
    ]
  ],
  "g_bounded_edge_coeffs": [],