{
  "B": 1.0,
  "b_order": 6,
  "edge_b_order": 4,
  "edge_basis": "(1-q)^i * (b^2/(1-b^2))^j",
  "edge_q_order": 4,
  "evidence": {
    "h": 0.001,
    "rms_residual": 0.04912924084250388,
    "status": "approximate_non_validated_edge_basis_seed"
  },
  "f_coeffs": [
    [
      0,
      0,
      0.5
    ],
    [
      0,
      1,
      0.44742382083872934
    ],
    [
      0,
      2,
      0.7513187508366168
    ],
    [
      0,
      3,
      0.09378694920711532
    ],
    [
      0,
      4,
      0.06086729943680787
    ],
    [
      0,
      5,
      0.07125449091695556
    ],
    [
      0,
      6,
      0.04893321014030897
    ],
    [
      1,
      0,
      -1.9574621906988472
    ],
    [
      1,
      1,
      -2.064118759605641
    ],
    [
      1,
      2,
      -3.6580515041619
    ],
    [
      1,
      3,
      -0.0796630238180555
    ],
    [
      1,
      4,
      -0.2246326865726135
    ],
    [
      1,
      5,
      -0.3709341943369163
    ],
    [
      1,
      6,
      -0.07501283938856948
    ],
    [
      2,
      0,
      3.2155433768491815
    ],
    [
      2,
      1,
      3.516995846832053
    ],
    [
      2,
      2,
      4.95257392649009
    ],
    [
      2,
      3,
      -0.49798020203509674
    ],
    [
      2,
      4,
      -0.49906073010731095
    ],
    [
      2,
      5,
      -0.5622358032681705
    ],
    [
      2,
      6,
      -0.09520859760035676
    ],
    [
      3,
      0,
      -2.2467391819482327
    ],
    [
      3,
      1,
      -2.6354862503920513
    ],
    [
      3,
      2,
      -1.2190038960096161
    ],
    [
      3,
      3,
      0.3495088399267203
    ],
    [
      3,
      4,
      -0.40133116852834444
    ],
    [
      3,
      5,
      -0.054901048287980224
    ],
    [
      3,
      6,
      -0.023453935605041498
    ],
    [
      4,
      0,
      -0.030436340309337027
    ],
    [
      4,
      1,
      -0.31840417628107914
    ],
    [
      4,
      2,
      -2.1854518071089535
    ],
    [
      4,
      3,
      0.7547083067854378
    ],
    [
      4,
      4,
      0.5203732153450237
    ],
    [
      4,
      5,
      0.20752810263724628
    ],
    [
      4,
      6,
      0.11542171070977111
    ],
    [
      5,
      0,
      0.6488411876666065
    ],
    [
      5,
      1,
      1.4376580923551319
    ],
    [
      5,
      2,
      0.14499227015133087
    ],
    [
      5,
      3,
      0.285188700129863
    ],
    [
      5,
      4,
      0.6573346988763964
    ],
    [
      5,
      5,
      0.19793415292108998
    ],
    [
      5,
      6,
      0.14964293992707822
    ],
    [
      6,
      0,
      0.04080119859873462
    ],
    [
      6,
      1,
      -0.2097265590152644
    ],
    [
      6,
      2,
      0.840864412972503
    ],
    [
      6,
      3,
      -0.29098208659715
    ],
    [
      6,
      4,
      0.10216753645675834
    ],
    [
      6,
      5,
      0.33646086612306664
    ],
    [
      6,
      6,
      0.08684562312169851
    ],
    [
      7,
      0,
      -0.07048307144659484
    ],
    [
      7,
      1,
      -0.12605122870927887
    ],
    [
      7,
      2,
      0.12002770460150235
    ],
    [
      7,
      3,
      0.009688773010179695
    ],
    [
      7,
      4,
      0.03185457735942205
    ],
    [
      7,
      5,
      0.05550313569295261
    ],
    [
      7,
      6,
      0.06538814431590784
    ]
  ],
  "f_edge_coeffs": [
    [
      0,
      0,
      -0.010218602889913348
    ],
    [
      0,
      1,
      0.01789564404228453
    ],
    [
      0,
      2,
      0.005088499891815188
    ],
    [
      0,
      3,
      -0.00023876401615658668
    ],
    [
      0,
      4,
      -2.6662470651216445e-05
    ],
    [
      1,
      0,
      -0.0031800024027739604
    ],
    [
      1,
      1,
      -0.048309285030754885
    ],
    [
      1,
      2,
      -0.006912950167148173
    ],
    [
      1,
      3,
      -0.0003809411926498675
    ],
    [
      1,
      4,
      -2.3562915832449197e-05
    ],
    [
      2,
      0,
      0.01567511212611744
    ],
    [
      2,
      1,
      0.04491866858325012
    ],
    [
      2,
      2,
      -0.0024450082119617266
    ],
    [
      2,
      3,
      2.5491262877700162e-05
    ],
    [
      2,
      4,
      -6.202348526798995e-05
    ],
    [
      3,
      0,
      -0.013947085352033848
    ],
    [
      3,
      1,
      -0.011942457342894383
    ],
    [
      3,
      2,
      0.012725855799257996
    ],
    [
      3,
      3,
      0.0011848431915894824
    ],
    [
      3,
      4,
      -9.502514816222547e-05
    ],
    [
      4,
      0,
      -0.04589647437742512
    ],
    [
      4,
      1,
      -0.04893891392204375
    ],
    [
      4,
      2,
      0.00767957662946765
    ],
    [
      4,
      3,
      0.0011657086891453514
    ],
    [
      4,
      4,
      -0.00014690146178927935
    ]
  ],