{
  "B": 1.0,
  "b_order": 6,
  "edge_b_order": 3,
  "edge_basis": "(1-q)^i * (b^2/(1-b^2))^j",
  "edge_q_order": 3,
  "evidence": {
    "h": 0.001,
    "rms_residual": 0.05949924972726379,
    "status": "approximate_non_validated_edge_basis_seed"
  },
  "f_coeffs": [
    [
      0,
      0,
      0.5
    ],
    [
      0,
      1,
      0.44783705103463567
    ],
    [
      0,
      2,
      0.7561465309689714
    ],
    [
      0,
      3,
      0.09140727836364747
    ],
    [
      0,
      4,
      0.05953774157773468
    ],
    [
      0,
      5,
      0.06932039994717486
    ],
    [
      0,
      6,
      0.04657211784090113
    ],
    [
      1,
      0,
      -1.9535106567285685
    ],
    [
      1,
      1,
      -2.0644400450568416
    ],
    [
      1,
      2,
      -3.6766211022105417
    ],
    [
      1,
      3,
      -0.08203730819140265
    ],
    [
      1,
      4,
      -0.2249577793001913
    ],
    [
      1,
      5,
      -0.3725341962563453
    ],
    [
      1,
      6,
      -0.07342312500448374
    ],
    [
      2,
      0,
      3.220675595174957
    ],
    [
      2,
      1,
      3.530449911827205
    ],
    [
      2,
      2,
      4.953402683536341
    ],
    [
      2,
      3,
      -0.5000744233241634
    ],
    [
      2,
      4,
      -0.5037881050148929
    ],
    [
      2,
      5,
      -0.565448353413237
    ],
    [
      2,
      6,
      -0.09673479805025126
    ],
    [
      3,
      0,
      -2.250715015367943
    ],
    [
      3,
      1,
      -2.639037183686341
    ],
    [
      3,
      2,
      -1.2035503255045095
    ],
    [
      3,
      3,
      0.34437684986945993
    ],
    [
      3,
      4,
      -0.4065443551523493
    ],
    [
      3,
      5,
      -0.060271918251479754
    ],
    [
      3,
      6,
      -0.026983997929494904
    ],
    [
      4,
      0,
      -0.04054931128429536
    ],
    [
      4,
      1,
      -0.3249207667544537
    ],
    [
      4,
      2,
      -2.1875596386295753
    ],
    [
      4,
      3,
      0.7659378095583843
    ],
    [
      4,
      4,
      0.5184023294933541
    ],
    [
      4,
      5,
      0.20525293848694182
    ],
    [
      4,
      6,
      0.10772840579176515
    ],
    [
      5,
      0,
      0.648585368949751
    ],
    [
      5,
      1,
      1.4262765906670936
    ],
    [
      5,
      2,
      0.13603525118701454
    ],
    [
      5,
      3,
      0.28816004755230135
    ],
    [
      5,
      4,
      0.64977205236698
    ],
    [
      5,
      5,
      0.20093917243894185
    ],
    [
      5,
      6,
      0.14582262917235445
    ],
    [
      6,
      0,
      0.05176423982836808
    ],
    [
      6,
      1,
      -0.211445234775335
    ],
    [
      6,
      2,
      0.8253571625511952
    ],
    [
      6,
      3,
      -0.2761051420079064
    ],
    [
      6,
      4,
      0.11288968773169362
    ],
    [
      6,
      5,
      0.34446648355520015
    ],
    [
      6,
      6,
      0.09283387153213613
    ],
    [
      7,
      0,
      -0.06441588459964641
    ],
    [
      7,
      1,
      -0.10889689036260543
    ],
    [
      7,
      2,
      0.1045682126309504
    ],
    [
      7,
      3,
      0.01400503370707
    ],
    [
      7,
      4,
      0.04503291501988649
    ],
    [
      7,
      5,
      0.06526606901987367
    ],
    [
      7,
      6,
      0.06934589229335664
    ]
  ],
  "f_edge_coeffs": [
    [
      0,
      0,
      -0.00483601995143989
    ],
    [
      0,
      1,
      0.009411490514333742
    ],
    [
      0,
      2,
      0.0027881780934347015
    ],
    [
      0,
      3,
      -0.00021700331633962662
    ],
    [
      1,
      0,
      -0.0005737618790546378
    ],
    [
      1,
      1,
      -0.025056535370334573
    ],
    [
      1,
      2,
      -0.004922706463543033
    ],
    [
      1,
      3,
      -0.0003555563136175804
    ],
    [
      2,
      0,
      0.015020807474962245
    ],
    [
      2,
      1,
      0.025307808651776162
    ],
    [
      2,
      2,
      -0.0006943194340026094
    ],
    [
      2,
      3,
      -7.943909430886349e-05
    ],
    [
      3,
      0,
      -0.026920630116067764
    ],
    [
      3,
      1,
      -0.01903460358401413
    ],
    [
      3,
      2,
      0.011334174429707694
    ],
    [
      3,
      3,
      0.0006650849424677813
    ]
  ],
  "g_coeffs": [
    [
      0,
      0,
      1.0
    ],
    [
      0,
      1,
      -1.2851632132733997
    ],
    [
      0,
      2,
      1.9013506422641515
    ],
    [
      0,
      3,
      -0.16985025012507196
    ],
    [
      0,
      4,
      -0.49209003179790384
    ],
    [
      0,
      5,
      0.06339515285772956
    ],
    [
      0,
      6,
      0.06876870598146871
    ],
    [
      1,
      0,
      -6.267753271091873
    ],
    [
      1,
      1,
      5.720018183261372
    ],
    [
      1,
      2,
      -2.7644985263688344
    ],
    [
      1,
      3,
      0.1876053005536806
    ],
    [
      1,
      4,
      -0.28967600628745427
    ],
    [
      1,
      5,
      -0.05005909745884916
    ],
    [
      1,
      6,
      0.009389060359288368
    ],
    [
      2,
      0,
      14.296622502620513
    ],
    [
      2,
      1,
      -7.336386813303977
    ],
    [
      2,
      2,
      -1.1166550116023075
    ],
    [
      2,
      3,
      0.15678982245458578
    ],
    [
      2,
      4,
      -0.1802581572192666
    ],
    [
      2,
      5,
      -0.10078581808412633
    ],
    [
      2,
      6,
      -0.012550312507539118
    ],
    [
      3,
      0,
      -11.961589979583007
    ],
    [
      3,
      1,
      2.3165597923129053
    ],
    [
      3,
      2,
      4.750015669463327
    ],
    [
      3,
      3,
      0.09658083090470464
    ],
    [
      3,
      4,
      -0.12367842714200669
    ],
    [
      3,
      5,
      -0.11566388406215396
    ],
    [
      3,
      6,
      -0.019397027556230358
    ],
    [
      4,
      0,
      0.04420369278367057
    ],
    [
      4,
      1,
      0.5081358893062057
    ],
    [
      4,
      2,
      0.3373184655547556
    ],
    [
      4,
      3,
      0.060896591314830384
    ],
    [
      4,
      4,
      -0.08188857093348349
    ],
    [
      4,
      5,
      -0.09733999992675288
    ],
    [
      4,
      6,
      -0.016967595897953484
    ],
    [
      5,
      0,
      2.8594389892103247
    ],
    [
      5,
      1,
      0.8367741367317386
    ],
    [
      5,
      2,
      -0.34419786807856906
    ],
    [
      5,
      3,
      -0.18448483201935373
    ],
    [
      5,
      4,
      -0.03413032116635928
    ],
    [
      5,
      5,
      -0.05241014749891107
    ],
    [
      5,
      6,
      -0.008383475946715537
    ],
    [
      6,
      0,
      0.6562890399834804
    ],
    [
      6,
      1,
      0.26206876893557385
    ],
    [
      6,
      2,
      -0.4014906033897272
    ],
    [
      6,
      3,
      -0.1470069910058498
    ],
    [
      6,
      4,
      -0.022139412780393917
    ],
    [
      6,
      5,
      0.008882908784977845
    ],
    [
      6,
      6,
      0.0036382188553665054
    ],
    [
      7,
      0,
      -0.1316100105807296
    ],
    [
      7,
      1,
      0.050774899832124604
    ],
    [
      7,
      2,
      -0.011148189654170847
    ],
    [
      7,
      3,
      -0.002915879563431854
    ],
    [
      7,
      4,
      0.008187340210304359
    ],
    [
      7,
      5,
      0.014740731385427622
    ],
    [
      7,
      6,
      0.016830457785859156
    ]
  ],