{
  "B": 1.0,
  "b_order": 6,
  "edge_b_order": 8,
  "edge_basis": "(1-q)^i * (b^2/(1-b^2))^j",
  "edge_q_order": 8,
  "evidence": {
    "h": 0.001,
    "rms_residual": 0.04301190641740833,
    "status": "approximate_non_validated_edge_basis_seed"
  },
  "f_coeffs": [
    [
      0,
      0,
      0.5
    ],
    [
      0,
      1,
      0.44764095638977164
    ],
    [
      0,
      2,
      0.7498164141439871
    ],
    [
      0,
      3,
      0.09503733923664344
    ],
    [
      0,
      4,
      0.06185402793120849
    ],
    [
      0,
      5,
      0.07127866415312677
    ],
    [
      0,
      6,
      0.04855328138457922
    ],
    [
      1,
      0,
      -1.9576011908406086
    ],
    [
      1,
      1,
      -2.0678944051009784
    ],
    [
      1,
      2,
      -3.654283290442714
    ],
    [
      1,
      3,
      -0.07816760156658938
    ],
    [
      1,
      4,
      -0.22397077188124956
    ],
    [
      1,
      5,
      -0.37069203747982443
    ],
    [
      1,
      6,
      -0.0750158889685478
    ],
    [
      2,
      0,
      3.215017146354258
    ],
    [
      2,
      1,
      3.508417575918056
    ],
    [
      2,
      2,
      4.952599904754284
    ],
    [
      2,
      3,
      -0.4967757265405828
    ],
    [
      2,
      4,
      -0.49731482169002444
    ],
    [
      2,
      5,
      -0.5623630530379551
    ],
    [
      2,
      6,
      -0.09595763680855478
    ],
    [
      3,
      0,
      -2.247196149074846
    ],
    [
      3,
      1,
      -2.624416239172359
    ],
    [
      3,
      2,
      -1.2239625842328954
    ],
    [
      3,
      3,
      0.3497408881157374
    ],
    [
      3,
      4,
      -0.40230235942162934
    ],
    [
      3,
      5,
      -0.05517411319654783
    ],
    [
      3,
      6,
      -0.024540422633453927
    ],
    [
      4,
      0,
      -0.027730459021791325
    ],
    [
      4,
      1,
      -0.3156193819737068
    ],
    [
      4,
      2,
      -2.1875382643946892
    ],
    [
      4,
      3,
      0.7510974398374781
    ],
    [
      4,
      4,
      0.5191153802790723
    ],
    [
      4,
      5,
      0.20691364372709029
    ],
    [
      4,
      6,
      0.11691084048016755
    ],
    [
      5,
      0,
      0.6489576263145819
    ],
    [
      5,
      1,
      1.4340989705712328
    ],
    [
      5,
      2,
      0.14759323390550097
    ],
    [
      5,
      3,
      0.2799671171636656
    ],
    [
      5,
      4,
      0.6561429575018831
    ],
    [
      5,
      5,
      0.19151607679745633
    ],
    [
      5,
      6,
      0.14962590597642092
    ],
    [
      6,
      0,
      0.037108146606732936
    ],
    [
      6,
      1,
      -0.21292832283402124
    ],
    [
      6,
      2,
      0.8495257069410882
    ],
    [
      6,
      3,
      -0.2921202551179104
    ],
    [
      6,
      4,
      0.0969205196590218
    ],
    [
      6,
      5,
      0.33796080359478914
    ],
    [
      6,
      6,
      0.08481675943065607
    ],
    [
      7,
      0,
      -0.07336044353826875
    ],
    [
      7,
      1,
      -0.12836229097652274
    ],
    [
      7,
      2,
      0.130056923129345
    ],
    [
      7,
      3,
      0.010537626691096343
    ],
    [
      7,
      4,
      0.027971162670786337
    ],
    [
      7,
      5,
      0.055598821296355405
    ],
    [
      7,
      6,
      0.06477516038589869
    ]
  ],
  "f_edge_coeffs": [
    [
      0,
      0,
      -0.017607517732309206
    ],
    [
      0,
      1,
      0.0263288089235582
    ],
    [
      0,
      2,
      0.007661986545794695
    ],
    [
      0,
      3,
      -0.0005866593674289712
    ],
    [
      0,
      4,
      -8.601590743271185e-05
    ],
    [
      0,
      5,
      4.061746017872022e-06
    ],
    [
      0,
      6,
      1.8547456888720439e-06
    ],
    [
      0,
      7,
      4.947775621346763e-07
    ],
    [
      0,
      8,
      7.81748960635533e-08
    ],
    [
      1,
      0,
      0.005729902500400685
    ],
    [
      1,
      1,
      -0.07301717102433147
    ],
    [
      1,
      2,
      -0.006982044111823628
    ],
    [
      1,
      3,
      -0.0004882501327383625
    ],
    [
      1,
      4,
      -5.398395255675469e-05
    ],
    [
      1,
      5,
      5.193038405184857e-06
    ],
    [
      1,
      6,
      1.711624581304211e-06
    ],
    [
      1,
      7,
      5.550388958619664e-07
    ],
    [
      1,
      8,
      8.37317845764381e-08
    ],
    [
      2,
      0,
      -0.003057785662840318
    ],
    [
      2,
      1,
      0.06155714533613171
    ],
    [
      2,
      2,
      -0.0037791139181466834
    ],
    [
      2,
      3,
      5.934415492475825e-05
    ],
    [
      2,
      4,
      -9.270569715688825e-05
    ],
    [
      2,
      5,
      1.542573279333125e-06
    ],
    [
      2,
      6,
      8.047122809014135e-07
    ],
    [
      2,
      7,
      2.7159313952985904e-07
    ],
    [
      2,
      8,
      4.63008867819682e-08
    ],
    [
      3,
      0,
      -0.013422966579678309
    ],
    [
      3,
      1,
      -0.002335275567484478
    ],
    [
      3,
      2,
      0.011608675671257096
    ],
    [
      3,
      3,
      0.0015654759543339296
    ],
    [
      3,
      4,
      -0.00010440214976737982
    ],
    [
      3,
      5,
      -5.668424218667806e-07
    ],
    [
      3,
      6,
      6.96700039986066e-07
    ],
    [
      3,
      7,
      2.0281451735654298e-07
    ],
    [
      3,
      8,
      3.1478003108709065e-08
    ],
    [
      4,
      0,
      -0.03773842628868502
    ],
    [
      4,
      1,
      -0.05411197376336471
    ],
    [
      4,
      2,
      0.008559363619938731
    ],
    [
      4,
      3,
      0.0019935926236740098
    ],
    [
      4,
      4,
      -0.0001606779114137403
    ],
    [
      4,
      5,
      -1.3852310570686739e-05
    ],
    [
      4,
      6,
      -1.677092988785271e-07
    ],
    [
      4,
      7,
      1.5523681432784592e-07
    ],
    [
      4,
      8,
      2.215688604526978e-08
    ],
    [
      5,
      0,
      -0.011482247371116824
    ],
    [
      5,
      1,
      -0.026339701587391556
    ],
    [
      5,
      2,
      0.002473288028635934
    ],
    [
      5,
      3,
      0.0012238829769664731
    ],
    [
      5,
      4,
      -5.3549790195641734e-05
    ],
    [
      5,
      5,
      -5.686636586888848e-05
    ],
    [
      5,
      6,
      -4.138841428062717e-06
    ],
    [
      5,
      7,
      -1.965116203906525e-07
    ],
    [
      5,
      8,
      -1.4460190896806729e-08
    ],
    [
      6,
      0,
      -0.01826775460072712
    ],
    [
      6,
      1,
      -0.02074920968833544
    ],
    [
      6,
      2,
      0.0013622201962756862
    ],
    [
      6,
      3,
      0.0008337426186112917
    ],
    [
      6,
      4,
      -9.931949457026293e-06
    ],
    [
      6,
      5,
      -3.2160625097480706e-05
    ],
    [
      6,
      6,
      -1.4596273583891819e-05
    ],
    [
      6,
      7,
      -1.292844294455954e-06
    ],
    [
      6,
      8,
      -1.2333791265705782e-07
    ],
    [
      7,
      0,
      -0.010481081756851926
    ],
    [
      7,
      1,
      -0.00676607440233138
    ],
    [
      7,
      2,
      0.0003426767922893232
    ],
    [
      7,
      3,
      0.000506479855696691
    ],
    [
      7,
      4,
      -1.4804918711451159e-05
    ],
    [
      7,
      5,
      -2.220427838871905e-05
    ],
    [
      7,
      6,
      -9.576356130621327e-06
    ],
    [
      7,
      7,
      -3.800516099061009e-06
    ],
    [
      7,
      8,
      -3.7310266844968467e-07
    ],
    [
      8,
      0,
      -0.0038653092352484006
    ],
    [
      8,
      1,
      -0.004306402060589504
    ],
    [
      8,
      2,
      -2.5685119184545163e-05
    ],
    [
      8,
      3,
      0.00024137473759195305
    ],
    [
      8,
      4,
