{
  "B": 1.0,
  "b_order": 6,
  "bounded_edge_b_order": 8,
  "bounded_edge_basis": "(1-q)^i * b^(2j)",
  "bounded_edge_q_order": 8,
  "dropped_singular_edge_basis": true,
  "edge_family": "vanishing",
  "evidence": {
    "h": 0.001,
    "rms_residual": 0.09585970333339437,
    "status": "approximate_non_validated_bounded_edge_basis_seed"
  },
  "f_bounded_edge_coeffs": [],
  "f_coeffs": [
    [
      0,
      0,
      0.5
    ],
    [
      0,
      1,
      0.0
    ],
    [
      0,
      2,
      0.0
    ],
    [
      0,
      3,
      0.0
    ],
    [
      0,
      4,
      0.0
    ],
    [
      0,
      5,
      0.0
    ],
    [
      0,
      6,
      0.0
    ],
    [
      1,
      0,
      -1.9703908119353772
    ],
    [
      1,
      1,
      -2.0323634879267014
    ],
    [
      1,
      2,
      -3.5352637517651124
    ],
    [
      1,
      3,
      -0.06448322931037245
    ],
    [
      1,
      4,
      -0.21568670499708242
    ],
    [
      1,
      5,
      -0.36725137116273915
    ],
    [
      1,
      6,
      -0.07453788998356382
    ],
    [
      2,
      0,
      3.21661622329858
    ],
    [
      2,
      1,
      3.5941124617598055
    ],
    [
      2,
      2,
      4.932732234072181
    ],
    [
      2,
      3,
      -0.5269162566066079
    ],
    [
      2,
      4,
      -0.46780626741079107
    ],
    [
      2,
      5,
      -0.5154159094427432
    ],
    [
      2,
      6,
      -0.0836912182565594
    ],
    [
      3,
      0,
      -2.2197406774219326
    ],
    [
      3,
      1,
      -2.6217182259362604
    ],
    [
      3,
      2,
      -1.2581164683490782
    ],
    [
      3,
      3,
      0.30239949331643334
    ],
    [
      3,
      4,
      -0.35530981282797386
    ],
    [
      3,
      5,
      -0.03837794190256603
    ],
    [
      3,
      6,
      -0.06611841562950664
    ],
    [
      4,
      0,
      0.00016743949046410555
    ],
    [
      4,
      1,
      -0.3722048438050904
    ],
    [
      4,
      2,
      -2.1954084997727015
    ],
    [
      4,
      3,
      0.728760737996578
    ],
    [
      4,
      4,
      0.5268704710071767
    ],
    [
      4,
      5,
      0.23870599732320932
    ],
    [
      4,
      6,
      0.0996702151892577
    ],
    [
      5,
      0,
      0.5923831900886332
    ],
    [
      5,
      1,
      1.423990420030029
    ],
    [
      5,
      2,
      0.13340315902926408
    ],
    [
      5,
      3,
      0.23325521464972004
    ],
    [
      5,
      4,
      0.6588401670871341
    ],
    [
      5,
      5,
      0.21313348882230335
    ],
    [
      5,
      6,
      0.09873277199049522
    ],
    [
      6,
      0,
      0.023870172972830363
    ],
    [
      6,
      1,
      -0.1923909414430742
    ],
    [
      6,
      2,
      0.8434700098283735
    ],
    [
      6,
      3,
      -0.26655320017024164
    ],
    [
      6,
      4,
      0.05725101525404353
    ],
    [
      6,
      5,
      0.3319435396317666
    ],
    [
      6,
      6,
      0.03488603289364154
    ],
    [
      7,
      0,
      -0.052990880854149124
    ],
    [
      7,
      1,
      -0.09648124178162645
    ],
    [
      7,
      2,
      0.09659155571416547
    ],
    [
      7,
      3,
      -0.04593531130918989
    ],
    [
      7,
      4,
      0.02119848826156749
    ],
    [
      7,
      5,
      0.0015230273608432803
    ],
    [
      7,
      6,
      0.01938108470500803
    ]
  ],
  "f_vanishing_edge_coeffs": [
    [
      0,
      0,
      -0.04416818413479237
    ],
    [
      0,
      1,
      0.05768552826182744
    ],
    [
      0,
      2,
      0.09304367387261936
    ],
    [
      0,
      3,
      0.006083529228729003
    ],
    [
      0,
      4,
      0.18436634530984922
    ],
    [
      0,
      5,
      0.20848111440956887
    ],
    [
      0,
      6,
      -0.33869091409339497
    ],
    [
      0,
      7,
      -0.14526226230592207
    ],
    [
      0,
      8,
      0.8251100529033993
    ],
    [
      1,
      0,
      -0.09776752365031305
    ],
    [
      1,
      1,
      0.021197101104925987
    ],
    [
      1,
      2,
      -0.05849746707414273
    ],
    [
      1,
      3,
      0.24064988321350705
    ],
    [
      1,
      4,
      -0.7777558117461528
    ],
    [
      1,
      5,
      0.43934706284277286
    ],
    [
      1,
      6,
      0.579722935894972
    ],
    [
      1,
      7,
      -0.19928307741605952
    ],
    [
      1,
      8,
      -1.1967935931928075
    ],
    [
      2,
      0,
      0.6279748477434026
    ],
    [
      2,
      1,
      -0.1496896348442483
    ],
    [
      2,
      2,
      0.3029765357358361
    ],
    [
      2,
      3,
      0.18467753241437082
    ],
    [
      2,
      4,
      0.4262344249010207
    ],
    [
      2,
      5,
      0.33511781491125364
    ],
    [
      2,
      6,
      -0.02407940864549896
    ],
    [
      2,
      7,
      -0.22481924637314105
    ],
    [
      2,
      8,
      -0.2991644686251319
    ],
    [
      3,
      0,
      -3.7738141881300034
    ],
    [
      3,
      1,
      -0.06030779025072224
    ],
    [
      3,
      2,
      -0.44836449175611826
    ],
    [
      3,
      3,
      -1.3300588259600072
    ],
    [
      3,
      4,
      -0.5144951314702632
    ],
    [
      3,
      5,
      -0.9927764629936127
    ],
    [
      3,
      6,
      -1.0501900622498241
    ],
    [
      3,
      7,
      -0.4558196735061146
    ],
    [
      3,
      8,
      0.4393853867564528
    ],
    [
      4,
      0,
      9.655407011872729
    ],
    [
      4,
      1,
      2.473192214261303
    ],
    [
      4,
      2,
      1.5814192400434015
    ],
    [
      4,
      3,
      1.8252189577609015
    ],
    [
      4,
      4,
      2.5924209857928244
    ],
    [
      4,
      5,
      1.4183802647144412
    ],
    [
      4,
      6,
      1.0741125662345694
    ],
    [
      4,
      7,
      1.599903147024577
    ],
    [
      4,
      8,
      2.22338488313104
    ],
    [
      5,
      0,
      -11.857468259840882
    ],
    [
      5,
      1,
      -5.61243364610361
    ],
    [
      5,
      2,
      -2.8786171398750917
    ],
    [
      5,
      3,
      -1.4119480890478542
    ],
    [
      5,
      4,
      -0.6945074861663305
    ],
    [
      5,
      5,
      -1.5236179588182244
    ],
    [
      5,
      6,
      -1.5722659935920438
    ],
    [
      5,
      7,
      -0.518995387762722
    ],
    [
      5,
      8,
      0.7117222869585886
    ],
    [
      6,
      0,
      -1.4453464179464215
    ],
    [
      6,
      1,
      1.2591723105227108
    ],
    [
      6,
      2,
      0.798025381787605
    ],
    [
      6,
      3,
      0.004097974115501075
    ],
    [
      6,
      4,
      -0.714461963399312
    ],
    [
      6,
      5,
      -2.042355801073466
    ],
    [
      6,
      6,
      -2.0891688724980586
    ],
    [
      6,
      7,
      -1.001198281879547
    ],
    [
      6,
      8,
      0.264378477972623
    ],
    [
      7,
      0,
      16.393222949508417
    ],
    [
      7,
      1,
      8.469462172679714
    ],
    [
      7,
      2,
      4.43789501892913
    ],
    [
      7,
      3,
      2.5949027742240167
    ],
    [
      7,
      4,
      1.3209432137217443
    ],
    [
      7,
      5,
      0.11103101011688737
    ],
    [
      7,
      6,
      0.15604507516666272
    ],
    [
      7,
      7,
      0.9872899149514583
    ],
    [
      7,
      8,
      1.7456629707365918
    ],
    [
      8,
      0,
      -12.274833281312253
    ],
    [
      8,
      1,
      -8.211637176544347
    ],
    [
      8,
      2,
      -5.618397991011844
    ],
    [
      8,
      3,
      -2.6803752323473677
    ],
    [
      8,
      4,
      -0.7656602895983785
    ],
    [
      8,
      5,
      0.13956482810778162
    ],
    [
      8,
      6,
      1.306201727284046
    ],
    [
      8,
