{
  "B": 1.0,
  "b_order": 4,
  "evidence": {
    "h": 0.001,
    "rms_residual": 0.003136778394748788,
    "status": "approximate_non_validated_seed",
    "training_grid_n": 19
  },
  "f_coeffs": [
    [
      0,
      0,
      0.5
    ],
    [
      0,
      1,
      0.5123967522652844
    ],
    [
      0,
      2,
      0.92897471387623
    ],
    [
      0,
      3,
      0.2247618797985688
    ],
    [
      0,
      4,
      0.06608292338943175
    ],
    [
      1,
      0,
      -1.9255707645759566
    ],
    [
      1,
      1,
      -2.3604783432296297
    ],
    [
      1,
      2,
      -4.270452631788955
    ],
    [
      1,
      3,
      -0.29520626655185966
    ],
    [
      1,
      4,
      -0.09995104659200732
    ],
    [
      2,
      0,
      2.664390119341511
    ],
    [
      2,
      1,
      3.298050454509557
    ],
    [
      2,
      2,
      4.72883682461051
    ],
    [
      2,
      3,
      -0.8172457153521533
    ],
    [
      2,
      4,
      -0.5385781464151737
    ],
    [
      3,
      0,
      -1.7613511764369827
    ],
    [
      3,
      1,
      -2.0687320790668906
    ],
    [
      3,
      2,
      -0.4804609873843423
    ],
    [
      3,
      3,
      0.16087183057873772
    ],
    [
      3,
      4,
      -0.573238463409956
    ],
    [
      4,
      0,
      0.24449974871979568
    ],
    [
      4,
      1,
      -0.4196988484848288
    ],
    [
      4,
      2,
      -1.3746199769871223
    ],
    [
      4,
      3,
      1.21099455550488
    ],
    [
      4,
      4,
      0.15751910787535559
    ],
    [
      5,
      0,
      0.1277748747201953
    ],
    [
      5,
      1,
      0.8653542095297835
    ],
    [
      5,
      2,
      0.03388511437072448
    ],
    [
      5,
      3,
      0.8045760661479348
    ],
    [
      5,
      4,
      0.5315117940524882
    ]
  ],
  "g_coeffs": [
    [
      0,
      0,
      1.0
    ],
    [
      0,
      1,
      -1.2237124252654397
    ],
    [
      0,
      2,
      2.2808358520566836
    ],
    [
      0,
      3,
      -0.25973618730318265
    ],
    [
      0,
      4,
      -0.5891038470888359
    ],
    [
      1,
      0,
      -6.244178882118929
    ],
    [
      1,
      1,
      5.802744754879897
    ],
    [
      1,
      2,
      -3.2451467286580473
    ],
    [
      1,
      3,
      -0.32165118243571
    ],
    [
      1,
      4,
      -0.46331749658981614
    ],
    [
      2,
      0,
      13.450379380489203
    ],
    [
      2,
      1,
      -6.902470646242222
    ],
    [
      2,
      2,
      -1.452052281122292
    ],
    [
      2,
      3,
      -0.2077859221860873
    ],
    [
      2,
      4,
      -0.26928794185661326
    ],
    [
      3,
      0,
      -10.859840872434015
    ],
    [
      3,
      1,
      2.5750812756478623
    ],
    [
      3,
      2,
      4.744179234317618
    ],
    [
      3,
      3,
      -0.017230638140643944
    ],
    [
      3,
      4,
      -0.11201436420480745
    ],
    [
      4,
      0,
      0.44093060570158366
    ],
    [
      4,
      1,
      0.5140301122472719
    ],
    [
      4,
      2,
      0.6011962801392843
    ],
    [
      4,
      3,
      0.13530390670094683
    ],
    [
      4,
      4,
      -0.014547015204703273
    ],
    [
      5,
      0,
      2.2031136235197204
    ],
    [
      5,
      1,
      0.6813163126694061
    ],
    [
      5,
      2,
      0.056687132399913166
    ],
    [
      5,
      3,
      -0.02664979842098129
    ],
    [
      5,
      4,
      0.0329258346537978
    ]
  ],
  "gamma": 0.45,
  "q_order": 5
}
