{
  "B": 1.0,
  "b_order": 4,
  "evidence": {
    "h": 0.001,
    "rms_residual": 0.004339825866785834,
    "status": "approximate_non_validated_seed",
    "training_grid_n": 17
  },
  "f_coeffs": [
    [
      0,
      0,
      0.5
    ],
    [
      0,
      1,
      0.5853747320849884
    ],
    [
      0,
      2,
      0.942945403815311
    ],
    [
      0,
      3,
      0.23334149056547127
    ],
    [
      0,
      4,
      0.038245269592403736
    ],
    [
      1,
      0,
      -1.9819582755770258
    ],
    [
      1,
      1,
      -2.2760766505011727
    ],
    [
      1,
      2,
      -4.3444905781292675
    ],
    [
      1,
      3,
      -0.26025583174169087
    ],
    [
      1,
      4,
      -0.05024562676123819
    ],
    [
      2,
      0,
      2.6511097726169988
    ],
    [
      2,
      1,
      3.255264260895188
    ],
    [
      2,
      2,
      4.408593195282059
    ],
    [
      2,
      3,
      -0.7573969666173412
    ],
    [
      2,
      4,
      -0.32705744362708755
    ],
    [
      3,
      0,
      -1.7241819744061018
    ],
    [
      3,
      1,
      -1.930513541709271
    ],
    [
      3,
      2,
      -0.4253870265016849
    ],
    [
      3,
      3,
      0.058480088446517274
    ],
    [
      3,
      4,
      -0.40704939121003036
    ],
    [
      4,
      0,
      0.2198457525285562
    ],
    [
      4,
      1,
      -0.25028266574646607
    ],
    [
      4,
      2,
      -1.1231615106054447
    ],
    [
      4,
      3,
      1.0111590997894675
    ],
    [
      4,
      4,
      0.08206755462791201
    ],
    [
      5,
      0,
      0.05002983068494414
    ],
    [
      5,
      1,
      0.5140847963754488
    ],
    [
      5,
      2,
      -0.003404265394120311
    ],
    [
      5,
      3,
      0.6630560852755075
    ],
    [
      5,
      4,
      0.3533136517872234
    ]
  ],
  "g_coeffs": [
    [
      0,
      0,
      1.0
    ],
    [
      0,
      1,
      -1.140808517279664
    ],
    [
      0,
      2,
      2.1985089146833525
    ],
    [
      0,
      3,
      -0.042323596859585075
    ],
    [
      0,
      4,
      -0.3571578535346196
    ],
    [
      1,
      0,
      -6.2809228114764455
    ],
    [
      1,
      1,
      5.754144127125008
    ],
    [
      1,
      2,
      -3.509118187212311
    ],
    [
      1,
      3,
      -0.17328565289498393
    ],
    [
      1,
      4,
      -0.28419586970485206
    ],
    [
      2,
      0,
      12.885579545844966
    ],
    [
      2,
      1,
      -6.581566330883445
    ],
    [
      2,
      2,
      -1.648311673626146
    ],
    [
      2,
      3,
      -0.11728869666562614
    ],
    [
      2,
      4,
      -0.16042427288892275
    ],
    [
      3,
      0,
      -10.002335034446771
    ],
    [
      3,
      1,
      2.834281066236836
    ],
    [
      3,
      2,
      4.615067259249816
    ],
    [
      3,
      3,
      0.030701653530428988
    ],
    [
      3,
      4,
      -0.05775015311235372
    ],
    [
      4,
      0,
      0.8337845740709167
    ],
    [
      4,
      1,
      0.5551010511185256
    ],
    [
      4,
      2,
      0.526581914800731
    ],
    [
      4,
      3,
      0.16043164577526853
    ],
    [
      4,
      4,
      0.006334997618356835
    ],
    [
      5,
      0,
      1.1460064948174675
    ],
    [
      5,
      1,
      0.563165681389718
    ],
    [
      5,
      2,
      0.03233567935749729
    ],
    [
      5,
      3,
      -0.00855764491756501
    ],
    [
      5,
      4,
      0.0371875891453125
    ]
  ],
  "gamma": 0.45,
  "q_order": 5
}
