{
  "B": 1.0,
  "b_order": 6,
  "bounded_edge_b_order": 8,
  "bounded_edge_basis": "(1-q)^i * b^(2j)",
  "bounded_edge_q_order": 8,
  "dropped_singular_edge_basis": true,
  "edge_family": "vanishing",
  "evidence": {
    "h": 0.001,
    "rms_residual": 0.11023963172249475,
    "status": "approximate_non_validated_bounded_edge_basis_seed"
  },
  "f_bounded_edge_coeffs": [],
  "f_coeffs": [
    [
      0,
      0,
      0.5
    ],
    [
      0,
      1,
      0.0
    ],
    [
      0,
      2,
      0.0
    ],
    [
      0,
      3,
      0.0
    ],
    [
      0,
      4,
      0.0
    ],
    [
      0,
      5,
      0.0
    ],
    [
      0,
      6,
      0.0
    ],
    [
      1,
      0,
      -1.96294674575347
    ],
    [
      1,
      1,
      -2.0428314087073334
    ],
    [
      1,
      2,
      -3.5877178534500374
    ],
    [
      1,
      3,
      -0.07284297256500184
    ],
    [
      1,
      4,
      -0.22031848315364438
    ],
    [
      1,
      5,
      -0.3702511950275954
    ],
    [
      1,
      6,
      -0.07138388766579513
    ],
    [
      2,
      0,
      3.211011473310163
    ],
    [
      2,
      1,
      3.531363925041904
    ],
    [
      2,
      2,
      4.931524890128304
    ],
    [
      2,
      3,
      -0.5189030011009763
    ],
    [
      2,
      4,
      -0.4726954446062825
    ],
    [
      2,
      5,
      -0.5423674020054663
    ],
    [
      2,
      6,
      -0.0965493025655557
    ],
    [
      3,
      0,
      -2.2351655486518394
    ],
    [
      3,
      1,
      -2.608587533124903
    ],
    [
      3,
      2,
      -1.2290147265605764
    ],
    [
      3,
      3,
      0.31547281740429045
    ],
    [
      3,
      4,
      -0.35654374160284574
    ],
    [
      3,
      5,
      -0.024827850294071363
    ],
    [
      3,
      6,
      -0.05129311323580671
    ],
    [
      4,
      0,
      -0.008648133609660987
    ],
    [
      4,
      1,
      -0.3382967878866869
    ],
    [
      4,
      2,
      -2.198834649913918
    ],
    [
      4,
      3,
      0.7140081241333688
    ],
    [
      4,
      4,
      0.5191017757961053
    ],
    [
      4,
      5,
      0.22378656800121952
    ],
    [
      4,
      6,
      0.0946725256088
    ],
    [
      5,
      0,
      0.6134346412880273
    ],
    [
      5,
      1,
      1.411905165369651
    ],
    [
      5,
      2,
      0.14376537831230715
    ],
    [
      5,
      3,
      0.2858147877437291
    ],
    [
      5,
      4,
      0.6499279932458603
    ],
    [
      5,
      5,
      0.21719217958663764
    ],
    [
      5,
      6,
      0.10851266189360276
    ],
    [
      6,
      0,
      0.03821420595518115
    ],
    [
      6,
      1,
      -0.18821745749277152
    ],
    [
      6,
      2,
      0.8455745655544848
    ],
    [
      6,
      3,
      -0.2695770580909936
    ],
    [
      6,
      4,
      0.0627945248430568
    ],
    [
      6,
      5,
      0.3397881054991476
    ],
    [
      6,
      6,
      0.05861124388565618
    ],
    [
      7,
      0,
      -0.06511811470741466
    ],
    [
      7,
      1,
      -0.10654826591649848
    ],
    [
      7,
      2,
      0.10652613894969502
    ],
    [
      7,
      3,
      -0.024244306230477047
    ],
    [
      7,
      4,
      0.04699140550817412
    ],
    [
      7,
      5,
      0.025579595904047518
    ],
    [
      7,
      6,
      0.05279307282303699
    ]
  ],
  "f_vanishing_edge_coeffs": [
    [
      0,
      0,
      -0.02771051949389804
    ],
    [
      0,
      1,
      0.045894991039221504
    ],
    [
      0,
      2,
      0.06632244737252294
    ],
    [
      0,
      3,
      -0.0047612874809637405
    ],
    [
      0,
      4,
      0.15745889035104524
    ],
    [
      0,
      5,
      0.1975294758458387
    ],
    [
      0,
      6,
      -0.3501128227019231
    ],
    [
      0,
      7,
      -0.13212828701696652
    ],
    [
      0,
      8,
      0.8439982703645328
    ],
    [
      1,
      0,
      -0.09011052517766881
    ],
    [
      1,
      1,
      0.0025284552324038763
    ],
    [
      1,
      2,
      -0.09516751898880511
    ],
    [
      1,
      3,
      0.21439741779608953
    ],
    [
      1,
      4,
      -0.794111346085399
    ],
    [
      1,
      5,
      0.4346462369468019
    ],
    [
      1,
      6,
      0.5712617640381846
    ],
    [
      1,
      7,
      -0.19904368753176563
    ],
    [
      1,
      8,
      -1.1902677571587963
    ],
    [
      2,
      0,
      0.6420419809124784
    ],
    [
      2,
      1,
      -0.16751270508406468
    ],
    [
      2,
      2,
      0.271638256295745
    ],
    [
      2,
      3,
      0.17663632005178573
    ],
    [
      2,
      4,
      0.41258432270243706
    ],
    [
      2,
      5,
      0.32524573693678754
    ],
    [
      2,
      6,
      -0.022718391429213287
    ],
    [
      2,
      7,
      -0.2284816460849154
    ],
    [
      2,
      8,
      -0.2855429342199702
    ],
    [
      3,
      0,
      -3.682313419315927
    ],
    [
      3,
      1,
      -0.07458927990272048
    ],
    [
      3,
      2,
      -0.4549444372041868
    ],
    [
      3,
      3,
      -1.332131350886585
    ],
    [
      3,
      4,
      -0.5132090741239829
    ],
    [
      3,
      5,
      -0.9804041129272071
    ],
    [
      3,
      6,
      -1.037616846395996
    ],
    [
      3,
      7,
      -0.4351951340872172
    ],
    [
      3,
      8,
      0.4296250235732409
    ],
    [
      4,
      0,
      9.63255165654304
    ],
    [
      4,
      1,
      2.4571999164659015
    ],
    [
      4,
      2,
      1.5366969515803133
    ],
    [
      4,
      3,
      1.8080889878444184
    ],
    [
      4,
      4,
      2.6109380229497656
    ],
    [
      4,
      5,
      1.4439207287956208
    ],
    [
      4,
      6,
      1.067464325466867
    ],
    [
      4,
      7,
      1.6126043796029599
    ],
    [
      4,
      8,
      2.3044894037011665
    ],
    [
      5,
      0,
      -11.851727240361004
    ],
    [
      5,
      1,
      -5.662197454606767
    ],
    [
      5,
      2,
      -2.9434337973001186
    ],
    [
      5,
      3,
      -1.4089638892256535
    ],
    [
      5,
      4,
      -0.6848161403741596
    ],
    [
      5,
      5,
      -1.5112013860906923
    ],
    [
      5,
      6,
      -1.5444126189149014
    ],
    [
      5,
      7,
      -0.5291267809009663
    ],
    [
      5,
      8,
      0.7143261311813672
    ],
    [
      6,
      0,
      -1.4630883811202542
    ],
    [
      6,
      1,
      1.2620960046122156
    ],
    [
      6,
      2,
      0.793385530908504
    ],
    [
      6,
      3,
      0.0034345613439219257
    ],
    [
      6,
      4,
      -0.7205226412871378
    ],
    [
      6,
      5,
      -1.9992955800826333
    ],
    [
      6,
      6,
      -2.039762986866983
    ],
    [
      6,
      7,
      -0.986007255628505
    ],
    [
      6,
      8,
      0.26975137435883795
    ],
    [
      7,
      0,
      16.686887332454678
    ],
    [
      7,
      1,
      8.535785700757065
    ],
    [
      7,
      2,
      4.488048559278092
    ],
    [
      7,
      3,
      2.602109528189863
    ],
    [
      7,
      4,
      1.3193118219720816
    ],
    [
      7,
      5,
      0.1410107803869962
    ],
    [
      7,
      6,
      0.17974621160805146
    ],
    [
      7,
      7,
      1.0002690505222767
    ],
    [
      7,
      8,
      1.8043456961044941
    ],
    [
      8,
      0,
      -12.209044087560883
    ],
    [
      8,
      1,
      -8.129473585089228
    ],
    [
      8,
      2,
      -5.327557874594386
    ],
    [
      8,
      3,
      -2.602976111183951
    ],
    [
      8,
      4,
      -0.7213454819278502
    ],
    [
      8,
      5,
      0.16779059530047713
    ],
    [
      8,
      6,
      1.3194580868097305
    ],
    [
      8,
      7,
