{
  "B": 1.0,
  "b_order": 6,
  "edge_b_order": 3,
  "edge_basis": "(1-q)^i * (b^2/(1-b^2))^j",
  "edge_q_order": 3,
  "evidence": {
    "h": 0.001,
    "rms_residual": 0.06190066815998316,
    "status": "approximate_non_validated_edge_basis_seed"
  },
  "f_coeffs": [
    [
      0,
      0,
      0.5
    ],
    [
      0,
      1,
      0.449471824289617
    ],
    [
      0,
      2,
      0.7600123062235745
    ],
    [
      0,
      3,
      0.09085052699641595
    ],
    [
      0,
      4,
      0.05838016753361297
    ],
    [
      0,
      5,
      0.06622658585690451
    ],
    [
      0,
      6,
      0.04396940557631504
    ],
    [
      1,
      0,
      -1.9520159593683948
    ],
    [
      1,
      1,
      -2.07106528557259
    ],
    [
      1,
      2,
      -3.6968182771432705
    ],
    [
      1,
      3,
      -0.08339064650942893
    ],
    [
      1,
      4,
      -0.22513697659869406
    ],
    [
      1,
      5,
      -0.37650736676795327
    ],
    [
      1,
      6,
      -0.07394243468371703
    ],
    [
      2,
      0,
      3.227164225655317
    ],
    [
      2,
      1,
      3.538347121564392
    ],
    [
      2,
      2,
      4.960077568342932
    ],
    [
      2,
      3,
      -0.5066897260467086
    ],
    [
      2,
      4,
      -0.49970293604975125
    ],
    [
      2,
      5,
      -0.563885450310092
    ],
    [
      2,
      6,
      -0.09459053869150615
    ],
    [
      3,
      0,
      -2.2483308381656046
    ],
    [
      3,
      1,
      -2.6262815444064223
    ],
    [
      3,
      2,
      -1.1894377074592328
    ],
    [
      3,
      3,
      0.3443398309371345
    ],
    [
      3,
      4,
      -0.40886053572969444
    ],
    [
      3,
      5,
      -0.06740618566767949
    ],
    [
      3,
      6,
      -0.049902091507942836
    ],
    [
      4,
      0,
      -0.04772873458610899
    ],
    [
      4,
      1,
      -0.3318721834521643
    ],
    [
      4,
      2,
      -2.188661622893864
    ],
    [
      4,
      3,
      0.7774039997766423
    ],
    [
      4,
      4,
      0.5117592262527512
    ],
    [
      4,
      5,
      0.21730561682497251
    ],
    [
      4,
      6,
      0.10628069791186492
    ],
    [
      5,
      0,
      0.6417331091094485
    ],
    [
      5,
      1,
      1.414193539160251
    ],
    [
      5,
      2,
      0.11780505295984935
    ],
    [
      5,
      3,
      0.2877474397208167
    ],
    [
      5,
      4,
      0.6538743235491267
    ],
    [
      5,
      5,
      0.19698330172656728
    ],
    [
      5,
      6,
      0.14186475666039533
    ],
    [
      6,
      0,
      0.052137271560332044
    ],
    [
      6,
      1,
      -0.22188135764641037
    ],
    [
      6,
      2,
      0.8177393925387124
    ],
    [
      6,
      3,
      -0.2807253940680419
    ],
    [
      6,
      4,
      0.13450013056104865
    ],
    [
      6,
      5,
      0.35172497713416856
    ],
    [
      6,
      6,
      0.07957102353101554
    ],
    [
      7,
      0,
      -0.0513266542053979
    ],
    [
      7,
      1,
      -0.09095419501650692
    ],
    [
      7,
      2,
      0.107170158820696
    ],
    [
      7,
      3,
      0.009684480006221182
    ],
    [
      7,
      4,
      0.0702597219239599
    ],
    [
      7,
      5,
      0.06690447402882907
    ],
    [
      7,
      6,
      0.06731233553290936
    ]
  ],
  "f_edge_coeffs": [
    [
      0,
      0,
      -0.004862321517783247
    ],
    [
      0,
      1,
      0.008481601355315522
    ],
    [
      0,
      2,
      0.0026656430634430556
    ],
    [
      0,
      3,
      -0.00022217193729901372
    ],
    [
      1,
      0,
      -0.0007221571429087341
    ],
    [
      1,
      1,
      -0.022145043489075072
    ],
    [
      1,
      2,
      -0.004781647674402489
    ],
    [
      1,
      3,
      -0.0002970375089708226
    ],
    [
      2,
      0,
      0.01674964185863825
    ],
    [
      2,
      1,
      0.02761587740480998
    ],
    [
      2,
      2,
      -0.0009250907579166185
    ],
    [
      2,
      3,
      -6.911431721385049e-05
    ],
    [
      3,
      0,
      -0.018806621756211294
    ],
    [
      3,
      1,
      -0.01721642864453021
    ],
    [
      3,
      2,
      0.010359759177749894
    ],
    [
      3,
      3,
      0.0005535008392412673
    ]
  ],
  "g_coeffs": [
    [
      0,
      0,
      1.0
    ],
    [
      0,
      1,
      -1.2881420684399312
    ],
    [
      0,
      2,
      1.9219376692121035
    ],
    [
      0,
      3,
      -0.16631909289647748
    ],
    [
      0,
      4,
      -0.49468183726240567
    ],
    [
      0,
      5,
      0.05915073233107913
    ],
    [
      0,
      6,
      0.0649404023938536
    ],
    [
      1,
      0,
      -6.264262408937846
    ],
    [
      1,
      1,
      5.735941108321591
    ],
    [
      1,
      2,
      -2.7741059094734966
    ],
    [
      1,
      3,
      0.18372711070437484
    ],
    [
      1,
      4,
      -0.28877673375902563
    ],
    [
      1,
      5,
      -0.04872999768127216
    ],
    [
      1,
      6,
      0.009962076511153535
    ],
    [
      2,
      0,
      14.337054691631046
    ],
    [
      2,
      1,
      -7.342270952041626
    ],
    [
      2,
      2,
      -1.1243032696788924
    ],
    [
      2,
      3,
      0.15933497515486625
    ],
    [
      2,
      4,
      -0.17428046542574935
    ],
    [
      2,
      5,
      -0.0963164712474004
    ],
    [
      2,
      6,
      -0.010385445427222837
    ],
    [
      3,
      0,
      -11.95270369951444
    ],
    [
      3,
      1,
      2.3070358724445454
    ],
    [
      3,
      2,
      4.752129891765176
    ],
    [
      3,
      3,
      0.10460102051803506
    ],
    [
      3,
      4,
      -0.11577439695920393
    ],
    [
      3,
      5,
      -0.11090311028626049
    ],
    [
      3,
      6,
      -0.01759391641036262
    ],
    [
      4,
      0,
      -0.003752808967204687
    ],
    [
      4,
      1,
      0.5080828119038971
    ],
    [
      4,
      2,
      0.3451265339626468
    ],
    [
      4,
      3,
      0.06909148042147685
    ],
    [
      4,
      4,
      -0.0758733923248339
    ],
    [
      4,
      5,
      -0.09465607593237042
    ],
    [
      4,
      6,
      -0.016865923407092278
    ],
    [
      5,
      0,
      2.8109080452476207
    ],
    [
      5,
      1,
      0.8477009580679221
    ],
    [
      5,
      2,
      -0.33727442994153917
    ],
    [
      5,
      3,
      -0.18069336951846282
    ],
    [
      5,
      4,
      -0.03254119669420012
    ],
    [
      5,
      5,
      -0.05310950919786023
    ],
    [
      5,
      6,
      -0.01060637257595541
    ],
    [
      6,
      0,
      0.6584819235635802
    ],
    [
      6,
      1,
      0.2793245404704956
    ],
    [
      6,
      2,
      -0.4005026472716961
    ],
    [
      6,
      3,
      -0.15009948788267335
    ],
    [
      6,
      4,
      -0.025971153686076328
    ],
    [
      6,
      5,
      0.004481295617833284
    ],
    [
      6,
      6,
      -0.0009426946403461665
    ],
    [
      7,
      0,
      -0.0630134503360235
    ],
    [
      7,
      1,
      0.0684388469801261
    ],
    [
      7,
      2,
      -0.018718024086735337
    ],
    [
      7,
      3,
      -0.013499087962269108
    ],
    [
      7,
      4,
      -0.0009169248834889031
    ],
    [
      7,
      5,
      0.0069748294642035195
    ],
    [
      7,
      6,
      0.010222620949058507
    ]
  ],