{
  "B": 1.0,
  "b_order": 8,
  "bounded_edge_b_order": 8,
  "bounded_edge_basis": "(1-q)^i * b^(2j)",
  "bounded_edge_q_order": 6,
  "dropped_singular_edge_basis": true,
  "edge_family": "vanishing",
  "evidence": {
    "h": 0.001,
    "rms_residual": 0.28117655452030205,
    "status": "diagnostic_tail_filtered_seed"
  },
  "f_bounded_edge_coeffs": [],
  "f_coeffs": [
    [
      0,
      0,
      0.5
    ],
    [
      2,
      0,
      -0.1878627594421593
    ],
    [
      2,
      1,
      -0.22105031026717825
    ],
    [
      2,
      2,
      -0.14777805487103737
    ],
    [
      2,
      3,
      -0.06945027119646882
    ],
    [
      2,
      4,
      -0.012921689656745053
    ],
    [
      2,
      5,
      0.01791142436604578
    ],
    [
      2,
      6,
      0.01815152217688352
    ],
    [
      2,
      7,
      -0.013668958789485125
    ],
    [
      2,
      8,
      -0.0091436701494516
    ],
    [
      3,
      0,
      0.3320741554102181
    ],
    [
      3,
      1,
      0.06754482495086547
    ],
    [
      3,
      2,
      0.0010705050574167504
    ],
    [
      3,
      3,
      -0.06503242629516458
    ],
    [
      3,
      4,
      -0.06384355214777247
    ],
    [
      3,
      5,
      -0.016709977379095794
    ],
    [
      3,
      6,
      -0.11425878309531046
    ],
    [
      3,
      7,
      -0.12296455009583707
    ],
    [
      3,
      8,
      -0.1313209708170072
    ],
    [
      4,
      0,
      0.09447294126834767
    ],
    [
      4,
      1,
      0.03881791093442033
    ],
    [
      4,
      2,
      0.020458163947904697
    ],
    [
      4,
      3,
      0.05818450617498207
    ],
    [
      4,
      4,
      -0.021378739543182902
    ],
    [
      4,
      5,
      -0.03005379633291025
    ],
    [
      4,
      6,
      -0.049091550923685154
    ],
    [
      4,
      7,
      -0.07565545369514631
    ],
    [
      4,
      8,
      -0.1057655170178145
    ],
    [
      7,
      0,
      0.043997648050706696
    ],
    [
      7,
      1,
      -0.091824085982523
    ],
    [
      7,
      2,
      -0.025913827183847105
    ],
    [
      7,
      3,
      0.025160349320544794
    ],
    [
      7,
      4,
      -0.05549227748088351
    ],
    [
      7,
      5,
      -0.005610492444758674
    ],
    [
      7,
      6,
      -0.029947066127192126
    ],
    [
      7,
      7,
      -0.0376259756397397
    ],
    [
      7,
      8,
      0.012969007939986406
    ]
  ],
  "f_vanishing_edge_coeffs": [
    [
      0,
      0,
      0.09223011987170776
    ],
    [
      0,
      1,
      -0.04916550773975874
    ],
    [
      0,
      2,
      0.0001439140475723594
    ],
    [
      0,
      3,
      -0.0008278026746741788
    ],
    [
      0,
      4,
      -0.001509381824961882
    ],
    [
      0,
      5,
      0.0003171584022692404
    ],
    [
      0,
      6,
      0.00014872712769444196
    ],
    [
      0,
      7,
      0.0006242628482655467
    ],
    [
      0,
      8,
      -0.0012855909023279533
    ],
    [
      1,
      0,
      0.0
    ],
    [
      1,
      1,
      0.0
    ],
    [
      1,
      2,
      0.0
    ],
    [
      1,
      3,
      0.0
    ],
    [
      1,
      4,
      0.0
    ],
    [
      1,
      5,
      0.0
    ],
    [
      1,
      6,
      0.0
    ],
    [
      1,
      7,
      0.0
    ],
    [
      1,
      8,
      0.0
    ],
    [
      2,
      0,
      0.0
    ],
    [
      2,
      1,
      0.0
    ],
    [
      2,
      2,
      0.0
    ],
    [
      2,
      3,
      0.0
    ],
    [
      2,
      4,
      0.0
    ],
    [
      2,
      5,
      0.0
    ],
    [
      2,
      6,
      0.0
    ],
    [
      2,
      7,
      0.0
    ],
    [
      2,
      8,
      0.0
    ],
    [
      3,
      0,
      0.0
    ],
    [
      3,
      1,
      0.0
    ],
    [
      3,
      2,
      0.0
    ],
    [
      3,
      3,
      0.0
    ],
    [
      3,
      4,
      0.0
    ],
    [
      3,
      5,
      0.0
    ],
    [
      3,
      6,
      0.0
    ],
    [
      3,
      7,
      0.0
    ],
    [
      3,
      8,
      0.0
    ],
    [
      4,
      0,
      0.0
    ],
    [
      4,
      1,
      0.0
    ],
    [
      4,
      2,
      0.0
    ],
    [
      4,
      3,
      0.0
    ],
    [
      4,
      4,
      0.0
    ],
    [
      4,
      5,
      0.0
    ],
    [
      4,
      6,
      0.0
    ],
    [
      4,
      7,
      0.0
    ],
    [
      4,
      8,
      0.0
    ],
    [
      5,
      0,
      0.0
    ],
    [
      5,
      1,
      0.0
    ],
    [
      5,
      2,
      0.0
    ],
    [
      5,
      3,
      0.0
    ],
    [
      5,
      4,
      0.0
    ],
    [
      5,
      5,
      0.0
    ],
    [
      5,
      6,
      0.0
    ],
    [
      5,
      7,
      0.0
    ],
    [
      5,
      8,
      0.0
    ],
    [
      6,
      0,
      1.8257233881976984
    ],
    [
      6,
      1,
      -0.9297434615961333
    ],
    [
      6,
      2,
      -8.226630958618813e-10
    ],
    [
      6,
      3,
      6.3968372631715e-09
    ],
    [
      6,
      4,
      -2.919320105615495e-08
    ],
    [
      6,
      5,
      7.638455791442741e-08
    ],
    [
      6,
      6,
      -1.1485534834748857e-07
    ],
    [
      6,
      7,
      9.181560407995777e-08
    ],
    [
      6,
      8,
      -3.039846319589951e-08
    ]
  ],
  "g_bounded_edge_coeffs": [],
  "g_coeffs": [
    [
      0,
      0,
      1.0
    ],
    [
      2,
      0,
      -2.3164034038165027
    ],
    [
      2,
      1,
      2.7446671704440497
    ],
    [
      2,
      2,
      -0.06846251057939358
    ],
    [
      2,
      3,
      1.037566534730531
    ],
    [
      2,
      4,
      0.6928036633579309
    ],
    [
      2,
      5,
      0.2599121059492277
    ],
    [
      2,
      6,
      0.03142334029856158
    ],
    [
      2,
      7,
      0.059382287205081825
    ],
    [
      2,
      8,
      0.03852953664787202
    ],
    [
      3,
      0,
      2.6545694413681047
    ],
    [
      3,
      1,
      -0.15684621411329883
    ],
    [
      3,
      2,
      -1.8262785111274995
    ],
    [
      3,
      3,
      -0.2510493299994488
    ],
    [
      3,
      4,
      -0.1136114626740134
    ],
    [
      3,
      5,
      -0.21167366784191138
    ],
    [
      3,
      6,
      -0.24165769819968
    ],
    [
      3,
      7,
      -0.016305598020785496
    ],
    [
      3,
      8,
      -0.00854287616861597
    ],
    [
      4,
      0,
      1.1875309197606094
    ],
    [
      4,
      1,
      -0.2837065969028207
    ],
    [
      4,
      2,
      -1.436715904517373
    ],
    [
      4,
      3,
      -0.1912717037591803
    ],
    [
      4,
      4,
      -0.09365181935184523
    ],
    [
      4,
      5,
      -0.16616709262081522
    ],
    [
      4,
      6,
      -0.1784440335038068
    ],
    [
      4,
      7,
      -0.031863611120188366
    ],
    [
      4,
      8,
      -0.019556193351917002
    ],
    [
      7,
      0,
      0.21843199529121773
    ],
    [
      7,
      1,
      0.032247385694015335
    ],
    [
      7,
      2,
      -0.0977355230673441
    ],
    [
      7,
      3,
      0.3429491671650645
    ],
    [
      7,
      4,
      0.20625625278203605
    ],
    [
      7,
      5,
      0.07031943917399568
    ],
    [
      7,
      6,
      0.01986799208958734
    ],
    [
      7,
      7,
      -0.01735763792913256
    ],
    [
      7,
      8,
      -0.011853048348358222
    ]
  ],