{
  "B": 1.0,
  "b_order": 6,
  "bounded_edge_b_order": 8,
  "bounded_edge_basis": "(1-q)^i * b^(2j)",
  "bounded_edge_q_order": 8,
  "dropped_singular_edge_basis": true,
  "edge_family": "vanishing",
  "evidence": {
    "h": 0.001,
    "rms_residual": 0.11396705678519557,
    "status": "approximate_non_validated_bounded_edge_basis_seed"
  },
  "f_bounded_edge_coeffs": [],
  "f_coeffs": [
    [
      0,
      0,
      0.5
    ],
    [
      0,
      1,
      0.0
    ],
    [
      0,
      2,
      0.0
    ],
    [
      0,
      3,
      0.0
    ],
    [
      0,
      4,
      0.0
    ],
    [
      0,
      5,
      0.0
    ],
    [
      0,
      6,
      0.0
    ],
    [
      1,
      0,
      -1.9594310697117385
    ],
    [
      1,
      1,
      -2.0477185977752637
    ],
    [
      1,
      2,
      -3.606190162730548
    ],
    [
      1,
      3,
      -0.07255563934809015
    ],
    [
      1,
      4,
      -0.2191788030976785
    ],
    [
      1,
      5,
      -0.3693120422160439
    ],
    [
      1,
      6,
      -0.07458636923749419
    ],
    [
      2,
      0,
      3.213874539785837
    ],
    [
      2,
      1,
      3.5322669641514826
    ],
    [
      2,
      2,
      4.953352912771122
    ],
    [
      2,
      3,
      -0.5135503974353846
    ],
    [
      2,
      4,
      -0.4823569463530169
    ],
    [
      2,
      5,
      -0.5442583739839857
    ],
    [
      2,
      6,
      -0.09732304406703281
    ],
    [
      3,
      0,
      -2.2378219565506683
    ],
    [
      3,
      1,
      -2.627380938353054
    ],
    [
      3,
      2,
      -1.233472948034826
    ],
    [
      3,
      3,
      0.3249807487926305
    ],
    [
      3,
      4,
      -0.37439911547527194
    ],
    [
      3,
      5,
      -0.02812836133424844
    ],
    [
      3,
      6,
      -0.037809008846250464
    ],
    [
      4,
      0,
      -0.005831112231798155
    ],
    [
      4,
      1,
      -0.3349776898318759
    ],
    [
      4,
      2,
      -2.208478614598225
    ],
    [
      4,
      3,
      0.7163842053539845
    ],
    [
      4,
      4,
      0.5191484418767401
    ],
    [
      4,
      5,
      0.21445268433345044
    ],
    [
      4,
      6,
      0.1074328173415715
    ],
    [
      5,
      0,
      0.6164412955842306
    ],
    [
      5,
      1,
      1.4262088029586988
    ],
    [
      5,
      2,
      0.15061887934752352
    ],
    [
      5,
      3,
      0.28856110512709776
    ],
    [
      5,
      4,
      0.6567170041072944
    ],
    [
      5,
      5,
      0.2263055868174169
    ],
    [
      5,
      6,
      0.11325877539067203
    ],
    [
      6,
      0,
      0.03955905024923247
    ],
    [
      6,
      1,
      -0.18756066437391317
    ],
    [
      6,
      2,
      0.828182511471749
    ],
    [
      6,
      3,
      -0.27567778620413513
    ],
    [
      6,
      4,
      0.07602559982305154
    ],
    [
      6,
      5,
      0.3387010255710956
    ],
    [
      6,
      6,
      0.05910938569860389
    ],
    [
      7,
      0,
      -0.06741989037375781
    ],
    [
      7,
      1,
      -0.11856222430414504
    ],
    [
      7,
      2,
      0.12905888406332397
    ],
    [
      7,
      3,
      -0.015375251019430337
    ],
    [
      7,
      4,
      0.03749211799095054
    ],
    [
      7,
      5,
      0.03430228463294743
    ],
    [
      7,
      6,
      0.05263872444971963
    ]
  ],
  "f_vanishing_edge_coeffs": [
    [
      0,
      0,
      -0.032162356922055525
    ],
    [
      0,
      1,
      0.04048209791188168
    ],
    [
      0,
      2,
      0.0604709603765271
    ],
    [
      0,
      3,
      -0.002233848049104765
    ],
    [
      0,
      4,
      0.14807653650255587
    ],
    [
      0,
      5,
      0.19685707628566612
    ],
    [
      0,
      6,
      -0.3591299847374977
    ],
    [
      0,
      7,
      -0.1363871937542203
    ],
    [
      0,
      8,
      0.8513530991980273
    ],
    [
      1,
      0,
      -0.08014878307272026
    ],
    [
      1,
      1,
      -0.0062816233131098255
    ],
    [
      1,
      2,
      -0.1048044555712053
    ],
    [
      1,
      3,
      0.2118318704797674
    ],
    [
      1,
      4,
      -0.797315029170862
    ],
    [
      1,
      5,
      0.4374889500258002
    ],
    [
      1,
      6,
      0.5721207097838562
    ],
    [
      1,
      7,
      -0.19427160825461395
    ],
    [
      1,
      8,
      -1.1778696339037609
    ],
    [
      2,
      0,
      0.6504748808620746
    ],
    [
      2,
      1,
      -0.17411182264276076
    ],
    [
      2,
      2,
      0.2576301590340021
    ],
    [
      2,
      3,
      0.1679352370686785
    ],
    [
      2,
      4,
      0.4103716310839815
    ],
    [
      2,
      5,
      0.32505797524523994
    ],
    [
      2,
      6,
      -0.013275520281640201
    ],
    [
      2,
      7,
      -0.22976944470803462
    ],
    [
      2,
      8,
      -0.2832822082611144
    ],
    [
      3,
      0,
      -3.672824439639489
    ],
    [
      3,
      1,
      -0.07766618520912118
    ],
    [
      3,
      2,
      -0.46117426264431943
    ],
    [
      3,
      3,
      -1.3409172907295284
    ],
    [
      3,
      4,
      -0.5070412044196517
    ],
    [
      3,
      5,
      -0.973329780660593
    ],
    [
      3,
      6,
      -1.032679309450045
    ],
    [
      3,
      7,
      -0.4240407819314154
    ],
    [
      3,
      8,
      0.4415280381817696
    ],
    [
      4,
      0,
      9.63063493111579
    ],
    [
      4,
      1,
      2.474923841500169
    ],
    [
      4,
      2,
      1.536619178535009
    ],
    [
      4,
      3,
      1.7915020283968002
    ],
    [
      4,
      4,
      2.6049497264573374
    ],
    [
      4,
      5,
      1.4585932332289853
    ],
    [
      4,
      6,
      1.0687853218355208
    ],
    [
      4,
      7,
      1.6274158080528376
    ],
    [
      4,
      8,
      2.3106673140822376
    ],
    [
      5,
      0,
      -11.838366075500526
    ],
    [
      5,
      1,
      -5.71306984689406
    ],
    [
      5,
      2,
      -2.940904700843895
    ],
    [
      5,
      3,
      -1.41859768170963
    ],
    [
      5,
      4,
      -0.6862218369658963
    ],
    [
      5,
      5,
      -1.5169144126823078
    ],
    [
      5,
      6,
      -1.5370575157068345
    ],
    [
      5,
      7,
      -0.5190728545733543
    ],
    [
      5,
      8,
      0.7217549367444966
    ],
    [
      6,
      0,
      -1.4660629144356003
    ],
    [
      6,
      1,
      1.249998474121268
    ],
    [
      6,
      2,
      0.783465639874417
    ],
    [
      6,
      3,
      0.0021508369161903603
    ],
    [
      6,
      4,
      -0.7202586655820403
    ],
    [
      6,
      5,
      -2.0013198525925473
    ],
    [
      6,
      6,
      -2.0267763149673708
    ],
    [
      6,
      7,
      -0.9768238168042467
    ],
    [
      6,
      8,
      0.27234909737081536
    ],
    [
      7,
      0,
      16.712236353010102
    ],
    [
      7,
      1,
      8.569193884841496
    ],
    [
      7,
      2,
      4.515604216329736
    ],
    [
      7,
      3,
      2.615788464194374
    ],
    [
      7,
      4,
      1.3300103684675313
    ],
    [
      7,
      5,
      0.13006306282131042
    ],
    [
      7,
      6,
      0.1871580150129654
    ],
    [
      7,
      7,
      1.0023116968455925
    ],
    [
      7,
      8,
      1.8098319400646516
    ],
    [
      8,
      0,
      -12.150452995825443
    ],
    [
      8,
      1,
      -8.083995762689158
    ],
    [
      8,
      2,
      -5.273181603381232
    ],
    [
      8,
      3,
      -2.5848966443015327
    ],
    [
      8,
      4,
      -0.7443423942741608
    ],
    [
      8,
      5,
      0.16011972528724122
    ],
    [
      8,
      6,
      1.309784851512882
    ],
    [
      8,
      7,
