{
  "B": 1.0,
  "b_order": 6,
  "edge_b_order": 9,
  "edge_basis": "(1-q)^i * (b^2/(1-b^2))^j",
  "edge_q_order": 9,
  "evidence": {
    "h": 0.001,
    "rms_residual": 0.04208686344167956,
    "status": "approximate_non_validated_edge_basis_seed"
  },
  "f_coeffs": [
    [
      0,
      0,
      0.5
    ],
    [
      0,
      1,
      0.44763584397099365
    ],
    [
      0,
      2,
      0.749648361751366
    ],
    [
      0,
      3,
      0.09513190626293043
    ],
    [
      0,
      4,
      0.06199891818596353
    ],
    [
      0,
      5,
      0.07127815306917512
    ],
    [
      0,
      6,
      0.04838120678642829
    ],
    [
      1,
      0,
      -1.9575294292742784
    ],
    [
      1,
      1,
      -2.068388631063261
    ],
    [
      1,
      2,
      -3.6539436642284775
    ],
    [
      1,
      3,
      -0.07824867163798843
    ],
    [
      1,
      4,
      -0.2237944355547311
    ],
    [
      1,
      5,
      -0.3707259524290916
    ],
    [
      1,
      6,
      -0.07500405560098217
    ],
    [
      2,
      0,
      3.2149023337942535
    ],
    [
      2,
      1,
      3.5078856836248207
    ],
    [
      2,
      2,
      4.9527787288678455
    ],
    [
      2,
      3,
      -0.49648708338908654
    ],
    [
      2,
      4,
      -0.4971386107903384
    ],
    [
      2,
      5,
      -0.562487701887
    ],
    [
      2,
      6,
      -0.0962245108678228
    ],
    [
      3,
      0,
      -2.247340402987476
    ],
    [
      3,
      1,
      -2.6237901116036166
    ],
    [
      3,
      2,
      -1.2243283748389093
    ],
    [
      3,
      3,
      0.34945793992744517
    ],
    [
      3,
      4,
      -0.40235365670880363
    ],
    [
      3,
      5,
      -0.054464987144014744
    ],
    [
      3,
      6,
      -0.024623611536461035
    ],
    [
      4,
      0,
      -0.0276440419536778
    ],
    [
      4,
      1,
      -0.3151580528223865
    ],
    [
      4,
      2,
      -2.188708710460226
    ],
    [
      4,
      3,
      0.7511432431116798
    ],
    [
      4,
      4,
      0.5180027768392024
    ],
    [
      4,
      5,
      0.20638355620471857
    ],
    [
      4,
      6,
      0.1170650040572729
    ],
    [
      5,
      0,
      0.6491085920005404
    ],
    [
      5,
      1,
      1.433874598490941
    ],
    [
      5,
      2,
      0.14857583041911737
    ],
    [
      5,
      3,
      0.2790860381919827
    ],
    [
      5,
      4,
      0.6557923448462175
    ],
    [
      5,
      5,
      0.19112685327169535
    ],
    [
      5,
      6,
      0.1501518314336458
    ],
    [
      6,
      0,
      0.03701071848020925
    ],
    [
      6,
      1,
      -0.21378719278533995
    ],
    [
      6,
      2,
      0.8504276238231221
    ],
    [
      6,
      3,
      -0.29186991670043533
    ],
    [
      6,
      4,
      0.09691140220051458
    ],
    [
      6,
      5,
      0.3376318945220657
    ],
    [
      6,
      6,
      0.08483759874054836
    ],
    [
      7,
      0,
      -0.0738771154896256
    ],
    [
      7,
      1,
      -0.12810437086220708
    ],
    [
      7,
      2,
      0.13065914293415437
    ],
    [
      7,
      3,
      0.010818114074544688
    ],
    [
      7,
      4,
      0.02780141526981356
    ],
    [
      7,
      5,
      0.054411462966975487
    ],
    [
      7,
      6,
      0.0660587318141172
    ]
  ],
  "f_edge_coeffs": [
    [
      0,
      0,
      -0.018653628655613423
    ],
    [
      0,
      1,
      0.027554150182723315
    ],
    [
      0,
      2,
      0.008073875701449112
    ],
    [
      0,
      3,
      -0.0006300126245084893
    ],
    [
      0,
      4,
      -9.58269135571293e-05
    ],
    [
      0,
      5,
      2.7893722222475947e-06
    ],
    [
      0,
      6,
      1.8182354319630567e-06
    ],
    [
      0,
      7,
      5.631432392580514e-07
    ],
    [
      0,
      8,
      1.2222732323293608e-07
    ],
    [
      0,
      9,
      2.191988787139674e-08
    ],
    [
      1,
      0,
      0.006968171523971295
    ],
    [
      1,
      1,
      -0.07575914837849342
    ],
    [
      1,
      2,
      -0.006855556448797462
    ],
    [
      1,
      3,
      -0.000504421717319597
    ],
    [
      1,
      4,
      -5.928652703877824e-05
    ],
    [
      1,
      5,
      4.586938996910497e-06
    ],
    [
      1,
      6,
      1.8021738611428788e-06
    ],
    [
      1,
      7,
      6.611624826472203e-07
    ],
    [
      1,
      8,
      1.4363587475591544e-07
    ],
    [
      1,
      9,
      2.961685050229245e-08
    ],
    [
      2,
      0,
      -0.005618748245768731
    ],
    [
      2,
      1,
      0.06220584022279165
    ],
    [
      2,
      2,
      -0.00382685461141553
    ],
    [
      2,
      3,
      5.4147683843619896e-05
    ],
    [
      2,
      4,
      -9.685997781807917e-05
    ],
    [
      2,
      5,
      8.035166114082709e-07
    ],
    [
      2,
      6,
      7.658354204414293e-07
    ],
    [
      2,
      7,
      3.141907803305381e-07
    ],
    [
      2,
      8,
      7.845854218579993e-08
    ],
    [
      2,
      9,
      1.781031937979747e-08
    ],
    [
      3,
      0,
      -0.015594612879193651
    ],
    [
      3,
      1,
      -0.00022801158480684517
    ],
    [
      3,
      2,
      0.011539719684577582
    ],
    [
      3,
      3,
      0.0015842986316039933
    ],
    [
      3,
      4,
      -0.00010595785593808162
    ],
    [
      3,
      5,
      -1.1634012530199806e-06
    ],
    [
      3,
      6,
      5.96636113035409e-07
    ],
    [
      3,
      7,
      2.0145191023218262e-07
    ],
    [
      3,
      8,
      4.144497699131617e-08
    ],
    [
      3,
      9,
      7.383420394971516e-09
    ],
    [
      4,
      0,
      -0.03676215150827605
    ],
    [
      4,
      1,
      -0.05448166802244565
    ],
    [
      4,
      2,
      0.008497505720034326
    ],
    [
      4,
      3,
      0.0020447387834285663
    ],
    [
      4,
      4,
      -0.00015872168508812172
    ],
    [
      4,
      5,
      -1.4187628963145136e-05
    ],
    [
      4,
      6,
      -2.972785363896663e-07
    ],
    [
      4,
      7,
      1.2139130185935313e-07
    ],
    [
      4,
      8,
      1.4421416772451111e-08
    ],
    [
      4,
      9,
      -1.2351323741911168e-09
    ],
    [
      5,
      0,
      -0.010140441906550161
    ],
    [
      5,
      1,
      -0.030077875564804086
    ],
    [
      5,
      2,
      0.0024990576858266865
    ],
    [
      5,
      3,
      0.0013159616327092795
    ],
    [
      5,
      4,
      -4.783729795768409e-05
    ],
    [
      5,
      5,
      -5.702651339202781e-05
    ],
    [
      5,
      6,
      -4.3466455071885225e-06
    ],
    [
      5,
      7,
      -2.8062898174569954e-07
    ],
    [
      5,
      8,
      -4.6209121557309684e-08
    ],
    [
      5,
      9,
      -1.225139033618512e-08
    ],
    [
      6,
      0,
      -0.02203533134242831
    ],
    [
      6,
      1,
      -0.028636140518762957
    ],
    [
      6,
      2,
      0.0014422715822299435
    ],
    [
      6,
      3,
      0.0009664584865158705
    ],
    [
      6,
      4,
      -1.131575388282176e-06
    ],
    [
      6,
      5,
      -3.26183731747474e-05
    ],
    [
      6,
      6,
      -1.5039762171883e-05
    ],
    [
      6,
      7,
      -1.4798147139306356e-06
    ],
    [
      6,
      8,
      -1.9923745587313758e-07
    ],
    [
      6,
      9,
      -3.138339278836472e-08
    ],
    [
      7,
      0,
      -0.013791560695392316
    ],
    [
      7,
      1,
      -0.0037312034862732805
    ],
    [
      7,
      2,
      0.0007717375467268392
    ],
    [
      7,
      3,
      0.0006839339138955898
    ],
    [
      7,
      4,
      -4.508519833071128e-06
    ],
    [
      7,
      5,
      -2.360973927193072e-05
    ],
    [
      7,
      6,
