{
  "B": 1.0,
  "b_order": 6,
  "edge_b_order": 8,
  "edge_basis": "(1-q)^i * (b^2/(1-b^2))^j",
  "edge_q_order": 8,
  "evidence": {
    "h": 0.001,
    "rms_residual": 0.04320796444162358,
    "status": "approximate_non_validated_edge_basis_seed"
  },
  "f_coeffs": [
    [
      0,
      0,
      0.5
    ],
    [
      0,
      1,
      0.44757967168607926
    ],
    [
      0,
      2,
      0.7499613408266499
    ],
    [
      0,
      3,
      0.09469892345160356
    ],
    [
      0,
      4,
      0.06178718571673559
    ],
    [
      0,
      5,
      0.07121748545849531
    ],
    [
      0,
      6,
      0.04863296636483184
    ],
    [
      1,
      0,
      -1.9574662921580748
    ],
    [
      1,
      1,
      -2.067519948166554
    ],
    [
      1,
      2,
      -3.6546186686128492
    ],
    [
      1,
      3,
      -0.07841270535325943
    ],
    [
      1,
      4,
      -0.2240317028490338
    ],
    [
      1,
      5,
      -0.37071917514284125
    ],
    [
      1,
      6,
      -0.07490509620346775
    ],
    [
      2,
      0,
      3.2148661675170906
    ],
    [
      2,
      1,
      3.508977941431127
    ],
    [
      2,
      2,
      4.952089057242157
    ],
    [
      2,
      3,
      -0.49703753175109877
    ],
    [
      2,
      4,
      -0.4974904061290146
    ],
    [
      2,
      5,
      -0.5625883200970073
    ],
    [
      2,
      6,
      -0.09659793674004966
    ],
    [
      3,
      0,
      -2.2468606233383626
    ],
    [
      3,
      1,
      -2.6249327965258256
    ],
    [
      3,
      2,
      -1.223071751798014
    ],
    [
      3,
      3,
      0.3501304806998316
    ],
    [
      3,
      4,
      -0.401770639292348
    ],
    [
      3,
      5,
      -0.054464845820481264
    ],
    [
      3,
      6,
      -0.024865733535638552
    ],
    [
      4,
      0,
      -0.028055099555824452
    ],
    [
      4,
      1,
      -0.3165111789522712
    ],
    [
      4,
      2,
      -2.1870868382511013
    ],
    [
      4,
      3,
      0.751061346646557
    ],
    [
      4,
      4,
      0.5189174047240419
    ],
    [
      4,
      5,
      0.2076090923201112
    ],
    [
      4,
      6,
      0.1161152840920537
    ],
    [
      5,
      0,
      0.6489341263291789
    ],
    [
      5,
      1,
      1.435047928568703
    ],
    [
      5,
      2,
      0.14706498673406873
    ],
    [
      5,
      3,
      0.28002135779443155
    ],
    [
      5,
      4,
      0.6557559991991563
    ],
    [
      5,
      5,
      0.1927017945538122
    ],
    [
      5,
      6,
      0.14938209577354408
    ],
    [
      6,
      0,
      0.03713066349368137
    ],
    [
      6,
      1,
      -0.21296506965119508
    ],
    [
      6,
      2,
      0.8491014827994114
    ],
    [
      6,
      3,
      -0.29121061100489865
    ],
    [
      6,
      4,
      0.09721302328544734
    ],
    [
      6,
      5,
      0.3381670547458244
    ],
    [
      6,
      6,
      0.08485709310372862
    ],
    [
      7,
      0,
      -0.07271520577732768
    ],
    [
      7,
      1,
      -0.1280713165118002
    ],
    [
      7,
      2,
      0.1287083984220859
    ],
    [
      7,
      3,
      0.009490849428606373
    ],
    [
      7,
      4,
      0.02926294861623908
    ],
    [
      7,
      5,
      0.05590802756845535
    ],
    [
      7,
      6,
      0.06385999499986975
    ]
  ],
  "f_edge_coeffs": [
    [
      0,
      0,
      -0.017375531787331887
    ],
    [
      0,
      1,
      0.02623168956564245
    ],
    [
      0,
      2,
      0.007651879773874878
    ],
    [
      0,
      3,
      -0.0005848587803410133
    ],
    [
      0,
      4,
      -8.565195744365794e-05
    ],
    [
      0,
      5,
      4.095560043883693e-06
    ],
    [
      0,
      6,
      1.8501801511768482e-06
    ],
    [
      0,
      7,
      4.896662968351192e-07
    ],
    [
      0,
      8,
      7.536134721929701e-08
    ],
    [
      1,
      0,
      0.005591935630699314
    ],
    [
      1,
      1,
      -0.07282550461361124
    ],
    [
      1,
      2,
      -0.006984984163161935
    ],
    [
      1,
      3,
      -0.00048710412240256424
    ],
    [
      1,
      4,
      -5.360945905567933e-05
    ],
    [
      1,
      5,
      5.218742140985123e-06
    ],
    [
      1,
      6,
      1.6877953522163092e-06
    ],
    [
      1,
      7,
      5.350767435313662e-07
    ],
    [
      1,
      8,
      7.205097951305964e-08
    ],
    [
      2,
      0,
      -0.0029540935661610647
    ],
    [
      2,
      1,
      0.06130297507023219
    ],
    [
      2,
      2,
      -0.003782889299554405
    ],
    [
      2,
      3,
      5.986952119142845e-05
    ],
    [
      2,
      4,
      -9.212594082097156e-05
    ],
    [
      2,
      5,
      1.7027408800508892e-06
    ],
    [
      2,
      6,
      8.387319691180571e-07
    ],
    [
      2,
      7,
      2.747416688484919e-07
    ],
    [
      2,
      8,
      4.3648626703909885e-08
    ],
    [
      3,
      0,
      -0.01351243313606242
    ],
    [
      3,
      1,
      -0.0021802529464679515
    ],
    [
      3,
      2,
      0.011593724725541854
    ],
    [
      3,
      3,
      0.001562945419933869
    ],
    [
      3,
      4,
      -0.00010414722773878636
    ],
    [
      3,
      5,
      -4.2902752207123964e-07
    ],
    [
      3,
      6,
      7.39051409043633e-07
    ],
    [
      3,
      7,
      2.1256247368113696e-07
    ],
    [
      3,
      8,
      3.226939676283767e-08
    ],
    [
      4,
      0,
      -0.03749132358108595
    ],
    [
      4,
      1,
      -0.054004317470608805
    ],
    [
      4,
      2,
      0.008532676256163246
    ],
    [
      4,
      3,
      0.0019867200959502113
    ],
    [
      4,
      4,
      -0.00016108609225202797
    ],
    [
      4,
      5,
      -1.3818439486927e-05
    ],
    [
      4,
      6,
      -1.44058770936705e-07
    ],
    [
      4,
      7,
      1.6125811751143704e-07
    ],
    [
      4,
      8,
      2.231807120889317e-08
    ],
    [
      5,
      0,
      -0.011069579779535
    ],
    [
      5,
      1,
      -0.025835039239945214
    ],
    [
      5,
      2,
      0.0024356909578203798
    ],
    [
      5,
      3,
      0.0012112590281639422
    ],
    [
      5,
      4,
      -5.460700375094974e-05
    ],
    [
      5,
      5,
      -5.692078093097838e-05
    ],
    [
      5,
      6,
      -4.124390250321668e-06
    ],
    [
      5,
      7,
      -1.8960609192380068e-07
    ],
    [
      5,
      8,
      -1.2996488584600004e-08
    ],
    [
      6,
      0,
      -0.0181036671630506
    ],
    [
      6,
      1,
      -0.020525502284777383
    ],
    [
      6,
      2,
      0.0013131331721368395
    ],
    [
      6,
      3,
      0.0008145884333020889
    ],
    [
      6,
      4,
      -1.1593205159566736e-05
    ],
    [
      6,
      5,
      -3.216826511489319e-05
    ],
    [
      6,
      6,
      -1.4529109304762318e-05
    ],
    [
      6,
      7,
      -1.2589163791988657e-06
    ],
    [
      6,
      8,
      -1.0950401100814333e-07
    ],
    [
      7,
      0,
      -0.010124980997050564
    ],
    [
      7,
      1,
      -0.006271674669750481
    ],
    [
      7,
      2,
      0.0002879989664483813
    ],
    [
      7,
      3,
      0.00048186752434721324
    ],
    [
      7,
      4,
      -1.6099281356696638e-05
    ],
    [
      7,
      5,
      -2.181973240315197e-05
    ],
    [
      7,
      6,
      -9.311651475520362e-06
    ],
    [
      7,
      7,
      -3.678135274829961e-06
    ],
    [
      7,
      8,
      -3.2063227799560383e-07
    ],
    [
      8,
      0,
      -0.003991435406816665
    ],
    [
      8,
      1,
      -0.004432470438723333
    ],
    [
      8,
      2,
      -0.00010833544938635126
    ],
    [
      8,
      3,
      0.0002114888602179176
    ],
    [
      8,
      4,
