{
  "B": 1.0,
  "b_order": 8,
  "bounded_edge_b_order": 8,
  "bounded_edge_basis": "(1-q)^i * b^(2j)",
  "bounded_edge_q_order": 6,
  "dropped_singular_edge_basis": true,
  "edge_family": "vanishing",
  "evidence": {
    "h": 0.001,
    "rms_residual": 0.25880754441973197,
    "status": "approximate_non_validated_bounded_edge_basis_seed"
  },
  "f_bounded_edge_coeffs": [],
  "f_coeffs": [
    [
      0,
      0,
      0.5
    ],
    [
      0,
      1,
      0.0
    ],
    [
      0,
      2,
      0.0
    ],
    [
      0,
      3,
      0.0
    ],
    [
      0,
      4,
      0.0
    ],
    [
      0,
      5,
      0.0
    ],
    [
      0,
      6,
      0.0
    ],
    [
      0,
      7,
      0.0
    ],
    [
      0,
      8,
      0.0
    ],
    [
      1,
      0,
      0.0
    ],
    [
      1,
      1,
      0.0
    ],
    [
      1,
      2,
      0.0
    ],
    [
      1,
      3,
      0.0
    ],
    [
      1,
      4,
      0.0
    ],
    [
      1,
      5,
      0.0
    ],
    [
      1,
      6,
      0.0
    ],
    [
      1,
      7,
      0.0
    ],
    [
      1,
      8,
      0.0
    ],
    [
      2,
      0,
      -0.2837531812411618
    ],
    [
      2,
      1,
      -0.28210706848074696
    ],
    [
      2,
      2,
      -0.2309812144433193
    ],
    [
      2,
      3,
      -0.15882179157261322
    ],
    [
      2,
      4,
      -0.03035635994944334
    ],
    [
      2,
      5,
      -0.04864246565512056
    ],
    [
      2,
      6,
      -0.032508021250051165
    ],
    [
      2,
      7,
      -0.06160626488656922
    ],
    [
      2,
      8,
      -0.04444011128213801
    ],
    [
      3,
      0,
      0.4800129877061651
    ],
    [
      3,
      1,
      0.08195818445681617
    ],
    [
      3,
      2,
      -0.023080550109125717
    ],
    [
      3,
      3,
      -0.0796612841821995
    ],
    [
      3,
      4,
      -0.11332099987214699
    ],
    [
      3,
      5,
      -0.05300717257945262
    ],
    [
      3,
      6,
      -0.1395090957252266
    ],
    [
      3,
      7,
      -0.20136320139573408
    ],
    [
      3,
      8,
      -0.1980986998912531
    ],
    [
      4,
      0,
      0.09071681237504486
    ],
    [
      4,
      1,
      0.011217296722708143
    ],
    [
      4,
      2,
      0.03543388705496599
    ],
    [
      4,
      3,
      0.08426340261947415
    ],
    [
      4,
      4,
      -0.0019793523610079754
    ],
    [
      4,
      5,
      -0.06844400658980104
    ],
    [
      4,
      6,
      -0.05974650491841875
    ],
    [
      4,
      7,
      -0.1286571697622349
    ],
    [
      4,
      8,
      -0.11811982537711091
    ],
    [
      5,
      0,
      -0.284285449824805
    ],
    [
      5,
      1,
      -0.05867526306250937
    ],
    [
      5,
      2,
      0.011773187353745307
    ],
    [
      5,
      3,
      -0.04099670802661865
    ],
    [
      5,
      4,
      0.022269910819762352
    ],
    [
      5,
      5,
      0.03986098820732961
    ],
    [
      5,
      6,
      -0.10715466754371711
    ],
    [
      5,
      7,
      -0.08060186272989353
    ],
    [
      5,
      8,
      -0.03504379888034102
    ],
    [
      6,
      0,
      -0.16341664690681998
    ],
    [
      6,
      1,
      -0.10958134121444249
    ],
    [
      6,
      2,
      0.026923250333227598
    ],
    [
      6,
      3,
      0.09020257543398187
    ],
    [
      6,
      4,
      0.057674710173246935
    ],
    [
      6,
      5,
      -0.006747013414158351
    ],
    [
      6,
      6,
      -0.05695581552319669
    ],
    [
      6,
      7,
      0.014082278576269543
    ],
    [
      6,
      8,
      -0.07709313350767426
    ]
  ],
  "f_vanishing_edge_coeffs": [
    [
      0,
      0,
      0.09223011987170776
    ],
    [
      0,
      1,
      -0.04916550773975874
    ],
    [
      0,
      2,
      0.0001439140475723594
    ],
    [
      0,
      3,
      -0.0008278026746741788
    ],
    [
      0,
      4,
      -0.001509381824961882
    ],
    [
      0,
      5,
      0.0003171584022692404
    ],
    [
      0,
      6,
      0.00014872712769444196
    ],
    [
      0,
      7,
      0.0006242628482655467
    ],
    [
      0,
      8,
      -0.0012855909023279533
    ],
    [
      1,
      0,
      0.0
    ],
    [
      1,
      1,
      0.0
    ],
    [
      1,
      2,
      0.0
    ],
    [
      1,
      3,
      0.0
    ],
    [
      1,
      4,
      0.0
    ],
    [
      1,
      5,
      0.0
    ],
    [
      1,
      6,
      0.0
    ],
    [
      1,
      7,
      0.0
    ],
    [
      1,
      8,
      0.0
    ],
    [
      2,
      0,
      0.0
    ],
    [
      2,
      1,
      0.0
    ],
    [
      2,
      2,
      0.0
    ],
    [
      2,
      3,
      0.0
    ],
    [
      2,
      4,
      0.0
    ],
    [
      2,
      5,
      0.0
    ],
    [
      2,
      6,
      0.0
    ],
    [
      2,
      7,
      0.0
    ],
    [
      2,
      8,
      0.0
    ],
    [
      3,
      0,
      0.0
    ],
    [
      3,
      1,
      0.0
    ],
    [
      3,
      2,
      0.0
    ],
    [
      3,
      3,
      0.0
    ],
    [
      3,
      4,
      0.0
    ],
    [
      3,
      5,
      0.0
    ],
    [
      3,
      6,
      0.0
    ],
    [
      3,
      7,
      0.0
    ],
    [
      3,
      8,
      0.0
    ],
    [
      4,
      0,
      0.0
    ],
    [
      4,
      1,
      0.0
    ],
    [
      4,
      2,
      0.0
    ],
    [
      4,
      3,
      0.0
    ],
    [
      4,
      4,
      0.0
    ],
    [
      4,
      5,
      0.0
    ],
    [
      4,
      6,
      0.0
    ],
    [
      4,
      7,
      0.0
    ],
    [
      4,
      8,
      0.0
    ],
    [
      5,
      0,
      0.0
    ],
    [
      5,
      1,
      0.0
    ],
    [
      5,
      2,
      0.0
    ],
    [
      5,
      3,
      0.0
    ],
    [
      5,
      4,
      0.0
    ],
    [
      5,
      5,
      0.0
    ],
    [
      5,
      6,
      0.0
    ],
    [
      5,
      7,
      0.0
    ],
    [
      5,
      8,
      0.0
    ],
    [
      6,
      0,
      1.8257233881976984
    ],
    [
      6,
      1,
      -0.9297434615961333
    ],
    [
      6,
      2,
      -8.226630958618813e-10
    ],
    [
      6,
      3,
      6.3968372631715e-09
    ],
    [
      6,
      4,
      -2.919320105615495e-08
    ],
    [
      6,
      5,
      7.638455791442741e-08
    ],
    [
      6,
      6,
      -1.1485534834748857e-07
    ],
    [
      6,
      7,
      9.181560407995777e-08
    ],
    [
      6,
      8,
      -3.039846319589951e-08
    ]
  ],
  "g_bounded_edge_coeffs": [],