{
  "B": 1.0,
  "b_order": 6,
  "bounded_edge_b_order": 8,
  "bounded_edge_basis": "(1-q)^i * b^(2j)",
  "bounded_edge_q_order": 8,
  "dropped_singular_edge_basis": true,
  "edge_family": "vanishing",
  "evidence": {
    "h": 0.001,
    "rms_residual": 0.06918199164800139,
    "status": "approximate_non_validated_bounded_edge_basis_seed"
  },
  "f_bounded_edge_coeffs": [],
  "f_coeffs": [
    [
      0,
      0,
      0.5
    ],
    [
      0,
      1,
      0.0
    ],
    [
      0,
      2,
      0.0
    ],
    [
      0,
      3,
      0.0
    ],
    [
      0,
      4,
      0.0
    ],
    [
      0,
      5,
      0.0
    ],
    [
      0,
      6,
      0.0
    ],
    [
      1,
      0,
      -1.9818775126933168
    ],
    [
      1,
      1,
      -1.8853956082291476
    ],
    [
      1,
      2,
      -3.0100421312844987
    ],
    [
      1,
      3,
      0.0482103717061973
    ],
    [
      1,
      4,
      -0.15657390680205188
    ],
    [
      1,
      5,
      -0.27175530648483215
    ],
    [
      1,
      6,
      -0.08254987212420123
    ],
    [
      2,
      0,
      3.264467416722277
    ],
    [
      2,
      1,
      3.779110770423451
    ],
    [
      2,
      2,
      4.347712718059987
    ],
    [
      2,
      3,
      -0.4278866082000159
    ],
    [
      2,
      4,
      -0.40951686731196085
    ],
    [
      2,
      5,
      -0.5192661857204874
    ],
    [
      2,
      6,
      0.10853676567061965
    ],
    [
      3,
      0,
      -2.4023768222984674
    ],
    [
      3,
      1,
      -2.719284522913435
    ],
    [
      3,
      2,
      -1.2946403613843136
    ],
    [
      3,
      3,
      0.3460602858506778
    ],
    [
      3,
      4,
      -0.34605005130774674
    ],
    [
      3,
      5,
      -0.03586331392345513
    ],
    [
      3,
      6,
      0.18180493729385952
    ],
    [
      4,
      0,
      0.16072016548349952
    ],
    [
      4,
      1,
      -0.24868298911919035
    ],
    [
      4,
      2,
      -2.0341316656776427
    ],
    [
      4,
      3,
      0.7225459282789772
    ],
    [
      4,
      4,
      0.33207333317333504
    ],
    [
      4,
      5,
      0.3225283888502614
    ],
    [
      4,
      6,
      0.26106353973781415
    ],
    [
      5,
      0,
      0.6620271063853703
    ],
    [
      5,
      1,
      1.057104878721196
    ],
    [
      5,
      2,
      0.4288769018045617
    ],
    [
      5,
      3,
      0.1395668447679279
    ],
    [
      5,
      4,
      0.6271251185423723
    ],
    [
      5,
      5,
      0.4270913400673103
    ],
    [
      5,
      6,
      -0.3480109606149152
    ],
    [
      6,
      0,
      -0.1368486416937451
    ],
    [
      6,
      1,
      -0.18145102692631626
    ],
    [
      6,
      2,
      0.8995986534213017
    ],
    [
      6,
      3,
      -0.21714352280670188
    ],
    [
      6,
      4,
      -0.2518757244476363
    ],
    [
      6,
      5,
      0.037334559085528365
    ],
    [
      6,
      6,
      -0.11417772326008326
    ],
    [
      7,
      0,
      -0.06610660764850229
    ],
    [
      7,
      1,
      0.08833344126840478
    ],
    [
      7,
      2,
      -0.07002176892036865
    ],
    [
      7,
      3,
      -0.5159516895608228
    ],
    [
      7,
      4,
      0.028205240878281065
    ],
    [
      7,
      5,
      -0.06264034455453292
    ],
    [
      7,
      6,
      -0.19584771547320154
    ]
  ],
  "f_vanishing_edge_coeffs": [
    [
      0,
      0,
      0.04102010290090435
    ],
    [
      0,
      1,
      0.2703755274894409
    ],
    [
      0,
      2,
      0.342225692660589
    ],
    [
      0,
      3,
      0.1352754730637092
    ],
    [
      0,
      4,
      -0.3298505842976083
    ],
    [
      0,
      5,
      1.5724181205115921
    ],
    [
      0,
      6,
      -0.5874941660001727
    ],
    [
      0,
      7,
      -2.2080314644135206
    ],
    [
      0,
      8,
      2.357296848345496
    ],
    [
      1,
      0,
      -4.053100752210207
    ],
    [
      1,
      1,
      -1.1740763046632725
    ],
    [
      1,
      2,
      -0.7194916322967698
    ],
    [
      1,
      3,
      0.4023634407578115
    ],
    [
      1,
      4,
      -1.156225673926494
    ],
    [
      1,
      5,
      0.8587476107476558
    ],
    [
      1,
      6,
      0.8382532003513482
    ],
    [
      1,
      7,
      -0.4353269200014581
    ],
    [
      1,
      8,
      -0.7141612500607355
    ],
    [
      2,
      0,
      40.84646546490763
    ],
    [
      2,
      1,
      16.418082636810013
    ],
    [
      2,
      2,
      8.785092318293763
    ],
    [
      2,
      3,
      4.155647970054177
    ],
    [
      2,
      4,
      2.7444370817052484
    ],
    [
      2,
      5,
      1.4831302698257693
    ],
    [
      2,
      6,
      -0.37767936049927514
    ],
    [
      2,
      7,
      -1.765612668315433
    ],
    [
      2,
      8,
      -2.0010252658437953
    ],
    [
      3,
      0,
      -220.09123496639145
    ],
    [
      3,
      1,
      -78.38745453174273
    ],
    [
      3,
      2,
      -34.082596410872725
    ],
    [
      3,
      3,
      -21.983449838378
    ],
    [
      3,
      4,
      -10.680580804647317
    ],
    [
      3,
      5,
      -5.990983217146242
    ],
    [
      3,
      6,
      -4.161146496178506
    ],
    [
      3,
      7,
      -2.6200700227881457
    ],
    [
      3,
      8,
      -0.7310406062229906
    ],
    [
      4,
      0,
      593.4600409751727
    ],
    [
      4,
      1,
      195.77656492022416
    ],
    [
      4,
      2,
      89.761790607584
    ],
    [
      4,
      3,
      51.54639795706257
    ],
    [
      4,
      4,
      36.701560454691055
    ],
    [
      4,
      5,
      25.034629950435562
    ],
    [
      4,
      6,
      17.018934657536505
    ],
    [
      4,
      7,
      12.794071125027159
    ],
    [
      4,
      8,
      11.162106509854373
    ],
    [
      5,
      0,
      -685.3747258475158
    ],
    [
      5,
      1,
      -185.32077417372594
    ],
    [
      5,
      2,
      -97.19098909550904
    ],
    [
      5,
      3,
      -59.86316743317203
    ],
    [
      5,
      4,
      -41.85852003567446
    ],
    [
      5,
      5,
      -34.80644223706246
    ],
    [
      5,
      6,
      -29.53892381355634
    ],
    [
      5,
      7,
      -23.509799937456165
    ],
    [
      5,
      8,
      -17.1334307622073
    ],
    [
      6,
      0,
      -182.70347233286316
    ],
    [
      6,
      1,
      -88.33481256712162
    ],
    [
      6,
      2,
      -29.16838776749443
    ],
    [
      6,
      3,
      -9.85232617791129
    ],
    [
      6,
      4,
      -6.707789960109668
    ],
    [
      6,
      5,
      -8.804801361025529
    ],
    [
      6,
      6,
      -8.937204474708595
    ],
    [
      6,
      7,
      -6.424615988185567
    ],
    [
      6,
      8,
      -2.6918740392350857
    ],
    [
      7,
      0,
      1113.0745092809113
    ],
    [
      7,
      1,
      301.2781145293702
    ],
    [
      7,
      2,
      170.55456253199156
    ],
    [
      7,
      3,
      112.92312965287638
    ],
    [
      7,
      4,
      77.75321949000515
    ],
    [
      7,
      5,
      55.100394129677966
    ],
    [
      7,
      6,
      42.37850196166345
    ],
    [
      7,
      7,
      35.93690820925672
    ],
    [
      7,
      8,
      32.58418310780265
    ],
    [
      8,
      0,
      -721.5678168886708
    ],
    [
      8,
      1,
      -153.8839075543294
    ],
    [
      8,
      2,
      -111.05827588847767
    ],
    [
      8,
      3,
      -83.88550615643388
    ],
    [
      8,
      4,
      -61.80246700692952
    ],
    [
      8,
      5,
      -43.23186593592939
    ],
    [
      8,
      6,
      -26.693673202692732
    ],
    [
      8,
      7,
      -12.738998510397034
    ],
    [
