{
  "B": 1.0,
  "b_order": 5,
  "evidence": {
    "h": 0.001,
    "rms_residual": 0.02676965241504627,
    "status": "approximate_non_validated_seed",
    "training_grid_n": 17
  },
  "f_coeffs": [
    [
      0,
      0,
      0.5
    ],
    [
      0,
      1,
      0.4591549263545854
    ],
    [
      0,
      2,
      0.7910882448708714
    ],
    [
      0,
      3,
      0.10265787072151125
    ],
    [
      0,
      4,
      0.09644867321087791
    ],
    [
      0,
      5,
      0.060522527495948046
    ],
    [
      1,
      0,
      -1.948451892086848
    ],
    [
      1,
      1,
      -2.1693561912211474
    ],
    [
      1,
      2,
      -3.962385615709918
    ],
    [
      1,
      3,
      -0.14141678126113028
    ],
    [
      1,
      4,
      -0.21721402444276255
    ],
    [
      1,
      5,
      -0.23734846506940985
    ],
    [
      2,
      0,
      3.0735812862544476
    ],
    [
      2,
      1,
      3.4600220616301893
    ],
    [
      2,
      2,
      4.85311264030769
    ],
    [
      2,
      3,
      -0.5873923395508905
    ],
    [
      2,
      4,
      -0.5445581760447041
    ],
    [
      2,
      5,
      -0.49585627661106946
    ],
    [
      3,
      0,
      -2.1126008072520808
    ],
    [
      3,
      1,
      -2.460380478817155
    ],
    [
      3,
      2,
      -1.0179489273595907
    ],
    [
      3,
      3,
      0.47982440190429304
    ],
    [
      3,
      4,
      -0.42769373873019867
    ],
    [
      3,
      5,
      -0.1538882114897508
    ],
    [
      4,
      0,
      0.0500738207827783
    ],
    [
      4,
      1,
      -0.30139539733472315
    ],
    [
      4,
      2,
      -1.9024864893897322
    ],
    [
      4,
      3,
      1.1381183257881358
    ],
    [
      4,
      4,
      0.5107110482085544
    ],
    [
      4,
      5,
      0.05915623178334084
    ],
    [
      5,
      0,
      0.5361453911208665
    ],
    [
      5,
      1,
      1.2225342560989625
    ],
    [
      5,
      2,
      0.04032126405930953
    ],
    [
      5,
      3,
      0.5856476146247642
    ],
    [
      5,
      4,
      0.6313170468067971
    ],
    [
      5,
      5,
      0.12304995736375932
    ],
    [
      6,
      0,
      -0.031470996103860026
    ],
    [
      6,
      1,
      -0.21089859522205273
    ],
    [
      6,
      2,
      0.5653165621453478
    ],
    [
      6,
      3,
      -0.2380483164735832
    ],
    [
      6,
      4,
      0.0807134126739991
    ],
    [
      6,
      5,
      0.15928513653796655
    ]
  ],
  "g_coeffs": [
    [
      0,
      0,
      1.0
    ],
    [
      0,
      1,
      -1.2646304196047304
    ],
    [
      0,
      2,
      2.091374699577975
    ],
    [
      0,
      3,
      -0.29140505000829575
    ],
    [
      0,
      4,
      -0.6604134730689238
    ],
    [
      0,
      5,
      -0.08510407257731403
    ],
    [
      1,
      0,
      -6.16725978618492
    ],
    [
      1,
      1,
      5.7314576995879944
    ],
    [
      1,
      2,
      -2.954532796438744
    ],
    [
      1,
      3,
      -0.088123464241184
    ],
    [
      1,
      4,
      -0.4446488811152169
    ],
    [
      1,
      5,
      -0.09955751655536794
    ],
    [
      2,
      0,
      14.042020474583735
    ],
    [
      2,
      1,
      -7.22242467774644
    ],
    [
      2,
      2,
      -1.2698227206726154
    ],
    [
      2,
      3,
      -0.032272753380437336
    ],
    [
      2,
      4,
      -0.2625426958931784
    ],
    [
      2,
      5,
      -0.0960997036168371
    ],
    [
      3,
      0,
      -11.686357350538128
    ],
    [
      3,
      1,
      2.39103970376596
    ],
    [
      3,
      2,
      4.737471852975072
    ],
    [
      3,
      3,
      0.04289539711246926
    ],
    [
      3,
      4,
      -0.13103208347691375
    ],
    [
      3,
      5,
      -0.07924440481690798
    ],
    [
      4,
      0,
      0.10927865219274822
    ],
    [
      4,
      1,
      0.5154393852335595
    ],
    [
      4,
      2,
      0.44049527116438997
    ],
    [
      4,
      3,
      0.10573544283307555
    ],
    [
      4,
      4,
      -0.04415957123221941
    ],
    [
      4,
      5,
      -0.05156888888755567
    ],
    [
      5,
      0,
      2.6718103252707035
    ],
    [
      5,
      1,
      0.7816573230546804
    ],
    [
      5,
      2,
      -0.19317720613792716
    ],
    [
      5,
      3,
      -0.09986367196529856
    ],
    [
      5,
      4,
      0.01312918354358441
    ],
    [
      5,
      5,
      -0.01671223726309252
    ],
    [
      6,
      0,
      0.6059093637189488
    ],
    [
      6,
      1,
      0.13334090626724734
    ],
    [
      6,
      2,
      -0.2714460713133794
    ],
    [
      6,
      3,
      -0.07406066609798492
    ],
    [
      6,
      4,
      0.0064314107512762645
    ],
    [
      6,
      5,
      0.02119703948434971
    ]
  ],
  "gamma": 0.45,
  "q_order": 6
}
