{
  "B": 1.0,
  "b_order": 5,
  "evidence": {
    "h": 0.001,
    "rms_residual": 0.002212772365178902,
    "status": "approximate_non_validated_seed",
    "training_grid_n": 21
  },
  "f_coeffs": [
    [
      0,
      0,
      0.5
    ],
    [
      0,
      1,
      0.492651410002838
    ],
    [
      0,
      2,
      0.8970342786262273
    ],
    [
      0,
      3,
      0.22045837421976608
    ],
    [
      0,
      4,
      0.0974193670286633
    ],
    [
      0,
      5,
      0.043538378183424084
    ],
    [
      1,
      0,
      -1.9144277752903536
    ],
    [
      1,
      1,
      -2.4031942130169863
    ],
    [
      1,
      2,
      -4.2607119206250115
    ],
    [
      1,
      3,
      -0.296875733390795
    ],
    [
      1,
      4,
      -0.1533296418474747
    ],
    [
      1,
      5,
      0.007492733075291093
    ],
    [
      2,
      0,
      2.6813637847546716
    ],
    [
      2,
      1,
      3.3111225753641627
    ],
    [
      2,
      2,
      4.867404506836794
    ],
    [
      2,
      3,
      -0.8381043957036092
    ],
    [
      2,
      4,
      -0.6093369835979734
    ],
    [
      2,
      5,
      -0.05909702114237591
    ],
    [
      3,
      0,
      -1.7692675377702687
    ],
    [
      3,
      1,
      -2.0920579781225097
    ],
    [
      3,
      2,
      -0.5502983243628223
    ],
    [
      3,
      3,
      0.18014883220859154
    ],
    [
      3,
      4,
      -0.5854573461097852
    ],
    [
      3,
      5,
      -0.05964747290181473
    ],
    [
      4,
      0,
      0.23850602174816887
    ],
    [
      4,
      1,
      -0.47917424607323755
    ],
    [
      4,
      2,
      -1.5565355671767587
    ],
    [
      4,
      3,
      1.1700268148671469
    ],
    [
      4,
      4,
      0.25061544753539156
    ],
    [
      4,
      5,
      -0.008178150324416909
    ],
    [
      5,
      0,
      0.16581828809431995
    ],
    [
      5,
      1,
      0.9304857402988492
    ],
    [
      5,
      2,
      0.05317481215566426
    ],
    [
      5,
      3,
      0.7698605451215055
    ],
    [
      5,
      4,
      0.5849434293746627
    ],
    [
      5,
      5,
      0.08782319879809226
    ],
    [
      6,
      0,
      0.03414700979919216
    ],
    [
      6,
      1,
      0.1362032837340747
    ],
    [
      6,
      2,
      0.377971637909373
    ],
    [
      6,
      3,
      -0.0673676891684544
    ],
    [
      6,
      4,
      -0.01990625343750376
    ],
    [
      6,
      5,
      0.052075515107442814
    ]
  ],
  "g_coeffs": [
    [
      0,
      0,
      1.0
    ],
    [
      0,
      1,
      -1.19515035245086
    ],
    [
      0,
      2,
      2.1027762773636565
    ],
    [
      0,
      3,
      -0.4106626399661701
    ],
    [
      0,
      4,
      -0.6729696842264983
    ],
    [
      0,
      5,
      -0.015771037888893287
    ],
    [
      1,
      0,
      -5.986103260889764
    ],
    [
      1,
      1,
      5.64038734527644
    ],
    [
      1,
      2,
      -3.2299967410021098
    ],
    [
      1,
      3,
      -0.37426237274530183
    ],
    [
      1,
      4,
      -0.5242138456424521
    ],
    [
      1,
      5,
      -0.029415048356837847
    ],
    [
      2,
      0,
      13.54040131537752
    ],
    [
      2,
      1,
      -7.075191357356127
    ],
    [
      2,
      2,
      -1.3989158071599277
    ],
    [
      2,
      3,
      -0.21315679348300412
    ],
    [
      2,
      4,
      -0.30308389421447834
    ],
    [
      2,
      5,
      -0.02294957093805744
    ],
    [
      3,
      0,
      -11.241241216332858
    ],
    [
      3,
      1,
      2.4864953040224465
    ],
    [
      3,
      2,
      4.7816913144397875
    ],
    [
      3,
      3,
      -0.00533528804334934
    ],
    [
      3,
      4,
      -0.12617619031358435
    ],
    [
      3,
      5,
      -0.013204958401718859
    ],
    [
      4,
      0,
      0.22331287579541526
    ],
    [
      4,
      1,
      0.4848683642877263
    ],
    [
      4,
      2,
      0.6045296132039818
    ],
    [
      4,
      3,
      0.14812471008150974
    ],
    [
      4,
      4,
      -0.017494260032235847
    ],
    [
      4,
      5,
      -0.005502325246669871
    ],
    [
      5,
      0,
      2.476509924656341
    ],
    [
      5,
      1,
      0.6591997822306955
    ],
    [
      5,
      2,
      0.024427442460669264
    ],
    [
      5,
      3,
      -0.020020864157481288
    ],
    [
      5,
      4,
      0.03503257603519863
    ],
    [
      5,
      5,
      -0.0007054383358837011
    ],
    [
      6,
      0,
      0.6710659313515008
    ],
    [
      6,
      1,
      -0.04926481512585985
    ],
    [
      6,
      2,
      -0.06053778467432574
    ],
    [
      6,
      3,
      -0.0011405620971391248
    ],
    [
      6,
      4,
      0.0035030193546483953
    ],
    [
      6,
      5,
      0.001749974532886619
    ]
  ],
  "gamma": 0.45,
  "q_order": 6
}
