{
  "B": 1.0,
  "b_order": 6,
  "bounded_edge_b_order": 8,
  "bounded_edge_basis": "(1-q)^i * b^(2j)",
  "bounded_edge_q_order": 6,
  "dropped_singular_edge_basis": true,
  "edge_family": "vanishing",
  "evidence": {
    "h": 0.001,
    "rms_residual": 0.2715837214128445,
    "status": "approximate_non_validated_bounded_edge_basis_seed"
  },
  "f_bounded_edge_coeffs": [],
  "f_coeffs": [
    [
      0,
      0,
      0.5
    ],
    [
      0,
      1,
      0.0
    ],
    [
      0,
      2,
      0.0
    ],
    [
      0,
      3,
      0.0
    ],
    [
      0,
      4,
      0.0
    ],
    [
      0,
      5,
      0.0
    ],
    [
      0,
      6,
      0.0
    ],
    [
      1,
      0,
      0.0
    ],
    [
      1,
      1,
      0.0
    ],
    [
      1,
      2,
      0.0
    ],
    [
      1,
      3,
      0.0
    ],
    [
      1,
      4,
      0.0
    ],
    [
      1,
      5,
      0.0
    ],
    [
      1,
      6,
      0.0
    ],
    [
      2,
      0,
      -0.059315660268039944
    ],
    [
      2,
      1,
      -0.1409542290307244
    ],
    [
      2,
      2,
      -0.04926359213570261
    ],
    [
      2,
      3,
      0.018072765299526665
    ],
    [
      2,
      4,
      0.005626688124265208
    ],
    [
      2,
      5,
      0.019814494525694032
    ],
    [
      2,
      6,
      0.03183752432213702
    ],
    [
      3,
      0,
      0.18530429588587946
    ],
    [
      3,
      1,
      0.06749008507076502
    ],
    [
      3,
      2,
      0.012232788827901658
    ],
    [
      3,
      3,
      -0.0031467740827553913
    ],
    [
      3,
      4,
      -0.00919560353173749
    ],
    [
      3,
      5,
      0.021466225113772767
    ],
    [
      3,
      6,
      0.0011228447881175391
    ],
    [
      4,
      0,
      0.014567913776986026
    ],
    [
      4,
      1,
      0.04075929707613427
    ],
    [
      4,
      2,
      0.030112111342177762
    ],
    [
      4,
      3,
      0.018129109285698605
    ],
    [
      4,
      4,
      -0.006321531197577598
    ],
    [
      4,
      5,
      -0.018939188448405593
    ],
    [
      4,
      6,
      -0.006748481720863735
    ],
    [
      5,
      0,
      -0.08218033787521917
    ],
    [
      5,
      1,
      -0.010161976618176513
    ],
    [
      5,
      2,
      0.005838440229395332
    ],
    [
      5,
      3,
      -0.003924467206851533
    ],
    [
      5,
      4,
      -0.0007399926285216771
    ],
    [
      5,
      5,
      0.02632340842151136
    ],
    [
      5,
      6,
      -0.004419145020923774
    ],
    [
      6,
      0,
      0.02110380463507731
    ],
    [
      6,
      1,
      -0.04214508071536028
    ],
    [
      6,
      2,
      0.043869471479215064
    ],
    [
      6,
      3,
      0.018878369617917286
    ],
    [
      6,
      4,
      -0.016135957044471613
    ],
    [
      6,
      5,
      -0.01439798437968709
    ],
    [
      6,
      6,
      -0.011461530252910806
    ],
    [
      7,
      0,
      0.09445221277719582
    ],
    [
      7,
      1,
      -0.039986679133802494
    ],
    [
      7,
      2,
      -0.0014098176521460859
    ],
    [
      7,
      3,
      0.02107335542998417
    ],
    [
      7,
      4,
      -0.043862499543722115
    ],
    [
      7,
      5,
      0.01057584270916525
    ],
    [
      7,
      6,
      0.014963529381352885
    ]
  ],
  "f_vanishing_edge_coeffs": [
    [
      0,
      0,
      0.09223011987170776
    ],
    [
      0,
      1,
      -0.04916550773975874
    ],
    [
      0,
      2,
      0.0001439140475723594
    ],
    [
      0,
      3,
      -0.0008278026746741788
    ],
    [
      0,
      4,
      -0.001509381824961882
    ],
    [
      0,
      5,
      0.0003171584022692404
    ],
    [
      0,
      6,
      0.00014872712769444196
    ],
    [
      0,
      7,
      0.0006242628482655467
    ],
    [
      0,
      8,
      -0.0012855909023279533
    ],
    [
      1,
      0,
      0.0
    ],
    [
      1,
      1,
      0.0
    ],
    [
      1,
      2,
      0.0
    ],
    [
      1,
      3,
      0.0
    ],
    [
      1,
      4,
      0.0
    ],
    [
      1,
      5,
      0.0
    ],
    [
      1,
      6,
      0.0
    ],
    [
      1,
      7,
      0.0
    ],
    [
      1,
      8,
      0.0
    ],
    [
      2,
      0,
      0.0
    ],
    [
      2,
      1,
      0.0
    ],
    [
      2,
      2,
      0.0
    ],
    [
      2,
      3,
      0.0
    ],
    [
      2,
      4,
      0.0
    ],
    [
      2,
      5,
      0.0
    ],
    [
      2,
      6,
      0.0
    ],
    [
      2,
      7,
      0.0
    ],
    [
      2,
      8,
      0.0
    ],
    [
      3,
      0,
      0.0
    ],
    [
      3,
      1,
      0.0
    ],
    [
      3,
      2,
      0.0
    ],
    [
      3,
      3,
      0.0
    ],
    [
      3,
      4,
      0.0
    ],
    [
      3,
      5,
      0.0
    ],
    [
      3,
      6,
      0.0
    ],
    [
      3,
      7,
      0.0
    ],
    [
      3,
      8,
      0.0
    ],
    [
      4,
      0,
      0.0
    ],
    [
      4,
      1,
      0.0
    ],
    [
      4,
      2,
      0.0
    ],
    [
      4,
      3,
      0.0
    ],
    [
      4,
      4,
      0.0
    ],
    [
      4,
      5,
      0.0
    ],
    [
      4,
      6,
      0.0
    ],
    [
      4,
      7,
      0.0
    ],
    [
      4,
      8,
      0.0
    ],
    [
      5,
      0,
      0.0
    ],
    [
      5,
      1,
      0.0
    ],
    [
      5,
      2,
      0.0
    ],
    [
      5,
      3,
      0.0
    ],
    [
      5,
      4,
      0.0
    ],
    [
      5,
      5,
      0.0
    ],
    [
      5,
      6,
      0.0
    ],
    [
      5,
      7,
      0.0
    ],
    [
      5,
      8,
      0.0
    ],
    [
      6,
      0,
      1.8257233881976984
    ],
    [
      6,
      1,
      -0.9297434615961333
    ],
    [
      6,
      2,
      -8.226630958618813e-10
    ],
    [
      6,
      3,
      6.3968372631715e-09
    ],
    [
      6,
      4,
      -2.919320105615495e-08
    ],
    [
      6,
      5,
      7.638455791442741e-08
    ],
    [
      6,
      6,
      -1.1485534834748857e-07
    ],
    [
      6,
      7,
      9.181560407995777e-08
    ],
    [
      6,
      8,
      -3.039846319589951e-08
    ]
  ],
  "g_bounded_edge_coeffs": [],