{
  "B": 1.0,
  "b_order": 6,
  "bounded_edge_b_order": 8,
  "bounded_edge_basis": "(1-q)^i * b^(2j)",
  "bounded_edge_q_order": 2,
  "dropped_singular_edge_basis": true,
  "edge_family": "vanishing",
  "evidence": {
    "h": 0.001,
    "rms_residual": 0.3600032000501587,
    "status": "approximate_non_validated_bounded_edge_basis_seed"
  },
  "f_bounded_edge_coeffs": [],
  "f_coeffs": [
    [
      0,
      0,
      0.5
    ],
    [
      0,
      1,
      0.0
    ],
    [
      0,
      2,
      0.0
    ],
    [
      0,
      3,
      0.0
    ],
    [
      0,
      4,
      0.0
    ],
    [
      0,
      5,
      0.0
    ],
    [
      0,
      6,
      0.0
    ],
    [
      1,
      0,
      0.0
    ],
    [
      1,
      1,
      0.0
    ],
    [
      1,
      2,
      0.0
    ],
    [
      1,
      3,
      0.0
    ],
    [
      1,
      4,
      0.0
    ],
    [
      1,
      5,
      0.0
    ],
    [
      1,
      6,
      0.0
    ],
    [
      2,
      0,
      -0.10086867323329457
    ],
    [
      2,
      1,
      -0.05411895905279621
    ],
    [
      2,
      2,
      -0.014727130672129433
    ],
    [
      2,
      3,
      0.0034857678187658696
    ],
    [
      2,
      4,
      -0.0034781958395520792
    ],
    [
      2,
      5,
      0.0298488310199033
    ],
    [
      2,
      6,
      0.01684002361950982
    ],
    [
      3,
      0,
      0.12444079032829258
    ],
    [
      3,
      1,
      0.027774173822713633
    ],
    [
      3,
      2,
      0.00462323675361073
    ],
    [
      3,
      3,
      0.004805196221134985
    ],
    [
      3,
      4,
      0.0047653525721567894
    ],
    [
      3,
      5,
      -0.0016137880748114592
    ],
    [
      3,
      6,
      0.0010635950776497875
    ],
    [
      4,
      0,
      0.08482186299286332
    ],
    [
      4,
      1,
      -0.0117171301830163
    ],
    [
      4,
      2,
      0.048042731955715325
    ],
    [
      4,
      3,
      0.010590035877953463
    ],
    [
      4,
      4,
      -0.013411453059770824
    ],
    [
      4,
      5,
      -0.015297166191634978
    ],
    [
      4,
      6,
      -0.003019976718441848
    ],
    [
      5,
      0,
      0.006533146155919051
    ],
    [
      5,
      1,
      -0.008233134651775699
    ],
    [
      5,
      2,
      -0.01655141648296996
    ],
    [
      5,
      3,
      -0.0013063630907455392
    ],
    [
      5,
      4,
      -0.009136161894591328
    ],
    [
      5,
      5,
      -0.0006131337115220085
    ],
    [
      5,
      6,
      -0.03982171324099253
    ],
    [
      6,
      0,
      -0.015585850268264891
    ],
    [
      6,
      1,
      -0.014703947511146861
    ],
    [
      6,
      2,
      -0.00261967181884978
    ],
    [
      6,
      3,
      0.0049304534801332
    ],
    [
      6,
      4,
      0.0003106638869005045
    ],
    [
      6,
      5,
      0.004965744822304979
    ],
    [
      6,
      6,
      0.00222483619341671
    ],
    [
      7,
      0,
      0.0009528836116919756
    ],
    [
      7,
      1,
      -0.02123772285518866
    ],
    [
      7,
      2,
      -0.009544248371070287
    ],
    [
      7,
      3,
      0.0001099422030402808
    ],
    [
      7,
      4,
      0.014194652195421164
    ],
    [
      7,
      5,
      0.025338037465167353
    ],
    [
      7,
      6,
      -0.0077625786663023735
    ]
  ],
  "f_vanishing_edge_coeffs": [
    [
      0,
      0,
      0.0
    ],
    [
      0,
      1,
      0.0
    ],
    [
      0,
      2,
      0.0
    ],
    [
      0,
      3,
      0.0
    ],
    [
      0,
      4,
      0.0
    ],
    [
      0,
      5,
      0.0
    ],
    [
      0,
      6,
      0.0
    ],
    [
      0,
      7,
      0.0
    ],
    [
      0,
      8,
      0.0
    ],
    [
      1,
      0,
      0.0
    ],
    [
      1,
      1,
      0.0
    ],
    [
      1,
      2,
      0.0
    ],
    [
      1,
      3,
      0.0
    ],
    [
      1,
      4,
      0.0
    ],
    [
      1,
      5,
      0.0
    ],
    [
      1,
      6,
      0.0
    ],
    [
      1,
      7,
      0.0
    ],
    [
      1,
      8,
      0.0
    ],
    [
      2,
      0,
      1.9218140928396825
    ],
    [
      2,
      1,
      -0.9786773279959299
    ],
    [
      2,
      2,
      -8.659611535388225e-10
    ],
    [
      2,
      3,
      6.733512908601579e-09
    ],
    [
      2,
      4,
      -3.072968532226837e-08
    ],
    [
      2,
      5,
      8.040479780466044e-08
    ],
    [
      2,
      6,
      -1.2090036668156692e-07
    ],
    [
      2,
      7,
      9.664800429469239e-08
    ],
    [
      2,
      8,
      -3.199838231147317e-08
    ]
  ],
  "g_bounded_edge_coeffs": [],
  "g_coeffs": [
    [
      0,
      0,
      1.0
    ],
    [
      0,
      1,
      0.0
    ],
    [
      0,
      2,
      0.0
    ],
    [
      0,
      3,
      0.0
    ],
    [
      0,
      4,
      0.0
    ],
    [
      0,
      5,
      0.0
    ],
    [
      0,
      6,
      0.0
    ],
    [
      1,
      0,
      0.0
    ],
    [
      1,
      1,
      0.0
    ],
    [
      1,
      2,
      0.0
    ],
    [
      1,
      3,
      0.0
    ],
    [
      1,
      4,
      0.0
    ],
    [
      1,
      5,
      0.0
    ],
    [
      1,
      6,
      0.0
    ],
    [
      2,
      0,
      -0.9858305949759523
    ],
    [
      2,
      1,
      0.8902321630506211
    ],
    [
      2,
      2,
      -0.10308019334370228
    ],
    [
      2,
      3,
      0.3179991308431468
    ],
    [
      2,
      4,
      0.242426935024198
    ],
    [
      2,
      5,
      0.06677472797461938
    ],
    [
      2,
      6,
      -0.06600812143380323
    ],
    [
      3,
      0,
      0.8741684643892593
    ],
    [
      3,
      1,
      0.23409376416967034
    ],
    [
      3,
      2,
      -0.5984695412506996
    ],
    [
      3,
      3,
      -0.07817065732432099
    ],
    [
      3,
      4,
      -0.00684937944269055
    ],
    [
      3,
      5,
      -0.06617498415354535
    ],
    [
      3,
      6,
      -0.12369160043462779
    ],
    [
      4,
      0,
      0.6750802644006938
    ],
    [
      4,
      1,
      -0.01247616664314233
    ],
    [
      4,
      2,
      -0.5421276714836689
    ],
    [
      4,
      3,
      -0.08456543555052091
    ],
    [
      4,
      4,
      -0.009181598669770752
    ],
    [
      4,
      5,
      -0.046414154076234185
    ],
    [
      4,
      6,
      -0.08685384207082693
    ],
    [
      5,
      0,
      -0.1888923634926012
    ],
    [
      5,
      1,
      -0.04325237578068289
    ],
    [
      5,
      2,
      -0.3515967967247376
    ],
    [
      5,
      3,
      0.004873549712321769
    ],
    [
      5,
      4,
      0.046039872865074924
    ],
    [
      5,
      5,
      0.003037248734871771
    ],
    [
      5,
      6,
      -0.03776446941089645
    ],
    [
      6,
      0,
      -0.38331297158974953
    ],
    [
      6,
      1,
      -0.03195222309524653
    ],
    [
      6,
      2,
      -0.18065383251230258
    ],
    [
      6,
      3,
      0.08960386672469078
    ],
    [
      6,
      4,
      0.09733947665727757
    ],
    [
      6,
      5,
      0.04505349369273156
    ],
    [
      6,
      6,
      0.0010428803057453337
    ],
    [
      7,
      0,
      -0.049907317128622855
    ],
    [
      7,
      1,
      -0.04116490879932158
    ],
    [
      7,
      2,
      -0.0656094928480867
    ],
    [
      7,
      3,
      0.1451699015574085
    ],
    [
      7,
      4,
      0.13043440304948564
    ],
    [
      7,
      5,
      0.07238669702525226
    ],
    [
      7,
      6,
      0.026614299633188964
    ]
  ],