{
  "constrained_case": {
    "active_constraints": [
      {
        "guard_residual": 3.0,
        "index": 0,
        "multiplier": 2.0000000000000004,
        "predicted_guard_residual": 3.0000000000000004,
        "sign": 1.0,
        "signed_growth": 3.140184917210541e-16
      }
    ],
    "backend": "numpy_lstsq",
    "dimensions": {
      "columns": 2,
      "guard_rows": 2,
      "primary_rows": 2
    },
    "failure_reason": null,
    "guard_abs_metrics": {
      "after": {
        "count": 2,
        "l2": 4.242640687189996,
        "max": 3.0000000001,
        "max_abs": 3.0000000001,
        "min": 3.0000000000000004,
        "rms": 3.00000000005
      },
      "before": {
        "count": 2,
        "l2": 5.0,
        "max": 4.0,
        "max_abs": 4.0,
        "min": 3.0,
        "rms": 3.5355339059327373
      }
    },
    "guard_predictions": [
      {
        "guard_residual": 3.0,
        "index": 0,
        "predicted_guard_residual": 3.0000000000000004,
        "sign": 1.0,
        "signed_growth": 3.140184917210541e-16,
        "violates": false
      },
      {
        "guard_residual": -4.0,
        "index": 1,
        "predicted_guard_residual": -3.0000000001,
        "sign": -1.0,
        "signed_growth": -0.9999999999,
        "violates": false
      }
    ],
    "iterations": [
      {
        "active_count": 0,
        "added_constraint": 0,
        "iteration": 0,
        "max_violation": 1.9999999998,
        "primary_max_abs": 2.000000165480742e-10,
        "step_l2": 2.236067977276183
      },
      {
        "active_count": 1,
        "added_constraint": null,
        "iteration": 1,
        "max_violation": 0.0,
        "primary_max_abs": 1.9999999999999998,
        "step_l2": 0.9999999999
      }
    ],
    "parameters": {
      "lm_lambda": 1e-10,
      "max_active": 4,
      "max_step_norm": 0.0,
      "svd_rcond": 0.0,
      "tolerance": 1e-09
    },
    "pass": true,
    "predicted_primary_metrics": {
      "after": {
        "count": 2,
        "l2": 1.9999999999999998,
        "max": -1.000000082740371e-10,
        "max_abs": 1.9999999999999998,
        "min": -1.9999999999999998,
        "rms": 1.4142135623730947
      },
      "before": {
        "count": 2,
        "l2": 2.23606797749979,
        "max": -1.0,
        "max_abs": 2.0,
        "min": -2.0,
        "rms": 1.5811388300841895
      },
      "delta": {
        "l2": -0.23606797749979003,
        "max_abs": -2.220446049250313e-16,
        "objective": -0.4999999999500009
      },
      "factor": {
        "l2": 0.8944271909999157,
        "max_abs": 0.9999999999999999,
        "objective": 0.8000000000199997
      },
      "objective_after": 2.0000000000499996,
      "objective_before": 2.5000000000000004
    },
    "signed_guard_growth_metrics": {
      "all": {
        "count": 2,
        "l2": 0.9999999999,
        "max": 3.140184917210541e-16,
        "max_abs": 0.9999999999,
        "min": -0.9999999999,
        "rms": 0.7071067811158368
      },
      "max_violation": 3.140184917210541e-16,
      "positive": {
        "max_positive": 0.0,
        "positive_count": 0,
        "tolerance": 1e-09
      }
    },
    "status": "GUARDED_ACTIVE_SET_KKT_FLOATING_NOT_PROOF",
    "step": [
      3.140184917210541e-16,
      0.9999999999
    ],
    "step_clip_scale": 1.0,
    "target": "nonincrease",
    "unclipped_step_metrics": {
      "count": 2,
      "l2": 0.9999999999,
      "max": 0.9999999999,
      "max_abs": 0.9999999999,
      "min": 3.140184917210541e-16,
      "rms": 0.7071067811158368
    }
  },
  "numpy_available": true,
  "ok": true,
  "status": "GUARDED_ACTIVE_SET_KKT_SELFTEST",
  "unconstrained_case": {
    "active_constraints": [],
    "backend": "numpy_lstsq",
    "dimensions": {
      "columns": 2,
      "guard_rows": 1,
      "primary_rows": 2
    },
    "failure_reason": null,
    "guard_abs_metrics": {
      "after": {
        "count": 1,
        "l2": 1.0000000001,
        "max": 1.0000000001,
        "max_abs": 1.0000000001,
        "min": 1.0000000001,
        "rms": 1.0000000001
      },
      "before": {
        "count": 1,
        "l2": 2.0,
        "max": 2.0,
        "max_abs": 2.0,
        "min": 2.0,
        "rms": 2.0
      }
    },
    "guard_predictions": [
      {
        "guard_residual": 2.0,
        "index": 0,
        "predicted_guard_residual": 1.0000000001,
        "sign": 1.0,
        "signed_growth": -0.9999999999,
        "violates": false
      }
    ],
    "iterations": [
      {
        "active_count": 0,
        "added_constraint": null,
        "iteration": 0,
        "max_violation": 0.0,
        "primary_max_abs": 1.000000082740371e-10,
        "step_l2": 1.1180339886380914
      }
    ],
    "parameters": {
      "lm_lambda": 1e-10,
      "max_active": 4,
      "max_step_norm": 0.0,
      "svd_rcond": 0.0,
      "tolerance": 1e-09
    },
    "pass": true,
    "predicted_primary_metrics": {
      "after": {
        "count": 2,
        "l2": 1.1180340812564419e-10,
        "max": -5.000000413701855e-11,
        "max_abs": 1.000000082740371e-10,
        "min": -1.000000082740371e-10,
        "rms": 7.905694804541015e-11
      },
      "before": {
        "count": 2,
        "l2": 1.118033988749895,
        "max": -0.5,
        "max_abs": 1.0,
        "min": -1.0,
        "rms": 0.7905694150420948
      },
      "delta": {
        "l2": -1.1180339886380914,
        "max_abs": -0.9999999999,
        "objective": -0.6249999999375001
      },
      "factor": {
        "l2": 1.000000082740371e-10,
        "max_abs": 1.000000082740371e-10,
        "objective": 9.999999998999997e-11
      },
      "objective_after": 6.249999999375e-11,
      "objective_before": 0.6250000000000001
    },
    "signed_guard_growth_metrics": {
      "all": {
        "count": 1,
        "l2": 0.9999999999,
        "max": -0.9999999999,
        "max_abs": 0.9999999999,
        "min": -0.9999999999,
        "rms": 0.9999999999
      },
      "max_violation": -0.9999999999,
      "positive": {
        "max_positive": 0.0,
        "positive_count": 0,
        "tolerance": 1e-09
      }
    },
    "status": "GUARDED_ACTIVE_SET_KKT_FLOATING_NOT_PROOF",
    "step": [
      0.9999999999,
      0.49999999995
    ],
    "step_clip_scale": 1.0,
    "target": "nonincrease",
    "unclipped_step_metrics": {
      "count": 2,
      "l2": 1.1180339886380914,
      "max": 0.9999999999,
      "max_abs": 0.9999999999,
      "min": 0.49999999995,
      "rms": 0.7905694149630378
    }
  }
}
