{
  "considered_profiles": [],
  "diagnostic_vs_proof": "diagnostic floating-point mortar audit; not an interval proof",
  "max_order": 2,
  "profile": "work/v117_transcheb_formal_origin_refit_c2_d6_a_q2zero.json",
  "q_band": [
    0.84,
    0.92
  ],
  "q_samples": 17,
  "schema_mode": "existing_transseries_projection_rect_vs_origin",
  "selected_by": "explicit",
  "status": "TWOCHART_MORTAR_AUDIT_DIAGNOSTIC_NOT_PROOF",
  "summary": {
    "count": 3468,
    "groups": [
      {
        "count": 1734,
        "key": "component:F",
        "max_abs": 50768.10111337908,
        "rms": 2560.0745743445586,
        "worst": {
          "abs": 50768.10111337908,
          "component": "F",
          "derivative_order": 2,
          "diff_rect_minus_origin": 50768.10111337908,
          "dq_order": 2,
          "dx_order": 0,
          "origin_value": -50782.339334395976,
          "q": 0.84,
          "rect_value": -14.238221016894526,
          "x": 1.0
        }
      },
      {
        "count": 1734,
        "key": "order:C2",
        "max_abs": 50768.10111337908,
        "rms": 2692.3171071992992,
        "worst": {
          "abs": 50768.10111337908,
          "component": "F",
          "derivative_order": 2,
          "diff_rect_minus_origin": 50768.10111337908,
          "dq_order": 2,
          "dx_order": 0,
          "origin_value": -50782.339334395976,
          "q": 0.84,
          "rect_value": -14.238221016894526,
          "x": 1.0
        }
      },
      {
        "count": 867,
        "key": "component_order:F:C2",
        "max_abs": 50768.10111337908,
        "rms": 3620.1119499127262,
        "worst": {
          "abs": 50768.10111337908,
          "component": "F",
          "derivative_order": 2,
          "diff_rect_minus_origin": 50768.10111337908,
          "dq_order": 2,
          "dx_order": 0,
          "origin_value": -50782.339334395976,
          "q": 0.84,
          "rect_value": -14.238221016894526,
          "x": 1.0
        }
      },
      {
        "count": 289,
        "key": "component_partial:F:dq2_dx0",
        "max_abs": 50768.10111337908,
        "rms": 6233.819931516973,
        "worst": {
          "abs": 50768.10111337908,
          "component": "F",
          "derivative_order": 2,
          "diff_rect_minus_origin": 50768.10111337908,
          "dq_order": 2,
          "dx_order": 0,
          "origin_value": -50782.339334395976,
          "q": 0.84,
          "rect_value": -14.238221016894526,
          "x": 1.0
        }
      },
      {
        "count": 1734,
        "key": "component:G",
        "max_abs": 11845.770154315736,
        "rms": 834.3491369112568,
        "worst": {
          "abs": 11845.770154315736,
          "component": "G",
          "derivative_order": 2,
          "diff_rect_minus_origin": 11845.770154315736,
          "dq_order": 2,
          "dx_order": 0,
          "origin_value": -11894.625632927542,
          "q": 0.84,
          "rect_value": -48.85547861180557,
          "x": 1.0
        }
      },
      {
        "count": 867,
        "key": "component_order:G:C2",
        "max_abs": 11845.770154315736,
        "rms": 1179.8017975639357,
        "worst": {
          "abs": 11845.770154315736,
          "component": "G",
          "derivative_order": 2,
          "diff_rect_minus_origin": 11845.770154315736,
          "dq_order": 2,
          "dx_order": 0,
          "origin_value": -11894.625632927542,
          "q": 0.84,
          "rect_value": -48.85547861180557,
          "x": 1.0
        }
      },
      {
        "count": 289,
        "key": "component_partial:G:dq2_dx0",
        "max_abs": 11845.770154315736,
        "rms": 2031.9170098550535,
        "worst": {
          "abs": 11845.770154315736,
          "component": "G",
          "derivative_order": 2,
          "diff_rect_minus_origin": 11845.770154315736,
          "dq_order": 2,
          "dx_order": 0,
          "origin_value": -11894.625632927542,
          "q": 0.84,
          "rect_value": -48.85547861180557,
          "x": 1.0
        }
      },
      {
        "count": 289,
        "key": "component_partial:F:dq1_dx1",
        "max_abs": 5451.738507291428,
        "rms": 673.3613927657113,
        "worst": {
          "abs": 5451.738507291428,
          "component": "F",
          "derivative_order": 2,
          "diff_rect_minus_origin": -5451.738507291428,
          "dq_order": 1,
          "dx_order": 1,
          "origin_value": 5426.798541372472,
          "q": 0.84,
          "rect_value": -24.93996591895576,
          "x": 1.0
        }
      },
      {
        "count": 289,
        "key": "component_partial:G:dq1_dx1",
        "max_abs": 1595.8394593636551,
        "rms": 216.72032566978592,
        "worst": {
          "abs": 1595.8394593636551,
          "component": "G",
          "derivative_order": 2,
          "diff_rect_minus_origin": -1595.8394593636551,
          "dq_order": 1,
          "dx_order": 1,
          "origin_value": 1570.5403912952715,
          "q": 0.84,
          "rect_value": -25.29906806838349,
          "x": 1.0
        }
      },
      {
        "count": 1156,
        "key": "order:C1",
        "max_abs": 778.4070279669237,
        "rms": 48.198163575597064,
        "worst": {
          "abs": 778.4070279669237,
          "component": "F",
          "derivative_order": 1,
          "diff_rect_minus_origin": -778.4070279669237,
          "dq_order": 1,
          "dx_order": 0,
          "origin_value": 773.7101570526429,
          "q": 0.84,
          "rect_value": -4.696870914280831,
          "x": 1.0
        }
      },
      {
        "count": 578,
        "key": "component_order:F:C1",
        "max_abs": 778.4070279669237,
        "rms": 64.2586414280219,
        "worst": {
          "abs": 778.4070279669237,
          "component": "F",
          "derivative_order": 1,
          "diff_rect_minus_origin": -778.4070279669237,
          "dq_order": 1,
          "dx_order": 0,
          "origin_value": 773.7101570526429,
          "q": 0.84,
          "rect_value": -4.696870914280831,
          "x": 1.0
        }
      },
      {
        "count": 289,
        "key": "component_partial:F:dq1_dx0",
        "max_abs": 778.4070279669237,
        "rms": 90.56393457401832,
        "worst": {
          "abs": 778.4070279669237,
          "component": "F",
          "derivative_order": 1,
          "diff_rect_minus_origin": -778.4070279669237,
          "dq_order": 1,
          "dx_order": 0,
          "origin_value": 773.7101570526429,
          "q": 0.84,
          "rect_value": -4.696870914280831,
          "x": 1.0
        }
      },
      {
        "count": 289,
        "key": "component_partial:F:dq0_dx2",
        "max_abs": 280.5851269433439,
        "rms": 41.29268527413652,
        "worst": {
          "abs": 280.5851269433439,
          "component": "F",
          "derivative_order": 2,
          "diff_rect_minus_origin": 280.5851269433439,
          "dq_order": 0,
          "dx_order": 2,
          "origin_value": -314.8546000717811,
          "q": 0.84,
          "rect_value": -34.26947312843718,
          "x": 1.0
        }
      },
      {
        "count": 578,
        "key": "component_order:G:C1",
        "max_abs": 204.2674597403628,
        "rms": 22.736599260771655,
        "worst": {
          "abs": 204.2674597403628,
          "component": "G",
          "derivative_order": 1,
          "diff_rect_minus_origin": -204.2674597403628,
          "dq_order": 1,
          "dx_order": 0,
          "origin_value": 197.14006836126225,
          "q": 0.84,
          "rect_value": -7.127391379100553,
          "x": 1.0
        }
      },
      {
        "count": 289,
        "key": "component_partial:G:dq1_dx0",
        "max_abs": 204.2674597403628,
        "rms": 32.048703752157984,
        "worst": {
          "abs": 204.2674597403628,
          "component": "G",
          "derivative_order": 1,
          "diff_rect_minus_origin": -204.2674597403628,