{
  "diagnostic_vs_proof": "floating rank/angle diagnostics only; no interval proof",
  "format": "twochart_guarded_kkt_rank_reports_v1",
  "input": "work/twochart_stage0_current_profile_top8pde128_rowlocal_densemortar_step22_nativebatch.json",
  "out": "work/twochart_stage0_current_profile_originpde_native_smoke32.json",
  "reports": [
    {
      "angle": {
        "best_feasible_step_metrics": {
          "count": 32,
          "l2": 63697.681412706625,
          "max_abs": 50081.19911324269,
          "rms": 11260.265618196288
        },
        "predicted_best_factor_inf": 0.008789791149897124,
        "projected_change_metrics": {
          "count": 9,
          "l2": 52035.39428228929,
          "max_abs": 49632.33239746094,
          "rms": 17345.131427429766
        },
        "rho_grad": 0.9999999999999291,
        "rho_range": 0.999964911590231
      },
      "columns": 32,
      "constraint_labels": [
        "active_guard"
      ],
      "constraint_space": {
        "nullity": 14,
        "rank": 18,
        "residual_metrics": {
          "count": 50,
          "l2": 11026.42509790286,
          "max_abs": 9177.297620696078,
          "rms": 1559.3719917945307
        },
        "singular_values": [
          7537753.886913498,
          316275.7756183241,
          118723.11631373505,
          318.44472295621836,
          120.51497807103515,
          56.40768208877915,
          6.488841976103634,
          2.1237368416243623,
          1.7976188639342716,
          0.8524369384269871,
          0.31139890455039565,
          0.2663984251800418,
          0.1080593943403746,
          0.015376079787916403,
          0.0021302716248048923,
          0.001961510456996998,
          0.0006665220625101034,
          3.954779916158018e-05,
          6.8961965513583e-10,
          6.8961965513583e-10,
          6.8961965513583e-10,
          6.8961965513583e-10,
          6.8961965513583e-10,
          6.8961965513583e-10
        ]
      },
      "coverage": {
        "active_primary_raw_max": 4963232.981363486,
        "coverage": 1.0,
        "coverage_min": 0.5,
        "coverage_ok": true,
        "heldout_global_mortar_max": 4963232.981363486,
        "note": "coverage uses unweighted raw residual metadata when provided"
      },
      "diagnostic_vs_proof": "floating guarded-KKT rank/angle diagnostic only; no interval proof",
      "iteration": 0,
      "linear_algebra_backend": "numpy_svd_lstsq",
      "mortar_rows_active": 8,
      "mortar_rows_available": 30,
      "mortar_rows_unfiltered_worst": {
        "abs_residual": 4963232.981363486,
        "component": "F",
        "coordinate": "RZ",
        "derivative": "dRRRR",
        "dq_order": 4,
        "dx_order": 0,
        "jacobian": [
          {
            "value": 9.345986834834587,
            "var_index": 4235
          },
          {
            "value": 11.440771953767225,
            "var_index": 8591
          },
          {
            "value": 103321.03882734162,
            "var_index": 4236
          },
          {
            "value": 48.82388034190511,
            "var_index": 12947
          },
          {
            "value": 241.0242386077264,
            "var_index": 4246
          },
          {
            "value": 103302.40159768952,
            "var_index": 8592
          },
          {
            "value": 5034862.785202552,
            "var_index": 4237
          },
          {
            "value": 102955.02004789108,
            "var_index": 12948
          },
          {
            "value": 101231.99610051225,
            "var_index": 4247
          },
          {
            "value": 268.7869666587765,
            "var_index": 8602
          },
          {
            "value": 5882.656175933483,
            "var_index": 4257
          },
          {
            "value": 613.3414628203651,
            "var_index": 12958
          },
          {
            "value": -24.0,
            "var_index": 26150
          },
          {
            "value": 98189273.36018293,
            "var_index": 4238
          },
          {
            "value": 4997032.5991659295,
            "var_index": 8593
          },
          {
            "value": 1637890.9871688012,
            "var_index": 4248
          },
          {
            "value": 4621832.968511501,
            "var_index": 12949
          },
          {
            "value": 46311.88041845082,
            "var_index": 4258
          },
          {
            "value": 100965.89199477891,
            "var_index": 8603
          },
          {
            "value": -4.9820070039850215,
            "var_index": 26155
          },
          {
            "value": 60682.350555814686,
            "var_index": 4268
          },
          {
            "value": 97457.3725158945,
            "var_index": 12959
          },
          {
            "value": -1861643535784.4253,
            "var_index": 4344
          },
          {
            "value": -726269285088.1777,
            "var_index": 4322
          },
          {
            "value": 1071761512233.813,
            "var_index": 4355
          },
          {
            "value": 126805377.08945888,
            "var_index": 4345
          },
          {
            "value": -1824224643080.185,
            "var_index": 8700
          },
          {
            "value": 1707486858307.7087,
            "var_index": 4333
          },
          {
            "value": 1672934739922.9944,
            "var_index": 8689
          },
          {
            "value": -1703112054026.3928,
            "var_index": 4289
          },
          {
            "value": 1692008997778.7368,
            "var_index": 4245
          },
          {
            "value": -1668853948155.812,
            "var_index": 8645
          },
          {
            "value": 1658047550303.058,
            "var_index": 8601
          },
          {
            "value": 1535207540441.8047,
            "var_index": 4300
          },
          {
            "value": 1504460513503.0254,
            "var_index": 8656
          },
          {
            "value": -1488987992356.3057,
            "var_index": 13056
          },
          {
            "value": 1363616523685.8982,
            "var_index": 13045
          },
          {
            "value": -1361961616673.8918,
            "var_index": 13001
          },
          {
            "value": 1353738848134.12,
            "var_index": 12957
          },
          {
            "value": -1258994891881.5513,
            "var_index": 4256
          },
          {
            "value": -1233754557906.8994,
            "var_index": 8612
          },
          {
            "value": 1228885986956.675,
            "var_index": 13012
          },
          {
            "value": 1050514225556.4775,
            "var_index": 8711
          },
          {
            "value": 1011664694421.9258,
            "var_index": 4278
          },
          {
            "value": 991233527859.2241,
            "var_index": 8634
          },
          {
            "value": -1007560470321.9583,
            "var_index": 12968
          },
          {
            "value": 859860153266.8953,
            "var_index": 13067
          },
          {
            "value": 812594469947.75,
            "var_index": 4332
          },
          {
            "value": 808288702761.6487,
            "var_index": 12990
          },
          {
            "value": 796243210109.3739,
            "var_index": 8688
          },
          {
            "value": -796741778941.5834,
            "var_index": 4343
          }
        ],
        "jacobian_nnz": 51,
        "origin_value": -83529.33297670742,
        "q": 0.91,
        "residual_tail_minus_origin": -4963232.981363486,
        "row_index": 14,
        "tail_value": -5046762.314340193,
        "total_order": 4,
        "x": 1.0
      },
      "primary_labels": [
        "mortar",
        "pde"
      ],