{
  "diagnostic_vs_proof": "floating rank/angle diagnostics only; no interval proof",
  "format": "twochart_guarded_kkt_rank_reports_v1",
  "input": "work/twochart_stage0_current_profile_top8pde128_rowlocal_densemortar_step22_nativebatch.json",
  "out": "work/twochart_stage0_current_profile_top16pde256_patchfix_step23_nativebatch.json",
  "reports": [
    {
      "angle": {
        "best_feasible_step_metrics": {
          "count": 256,
          "l2": 210413.55568239692,
          "max_abs": 124919.56258383344,
          "rms": 13150.847230149808
        },
        "predicted_best_factor_inf": 0.9707145209846123,
        "projected_change_metrics": {
          "count": 16,
          "l2": 986.7912728726432,
          "max_abs": 337.6496291020367,
          "rms": 246.6978182181608
        },
        "rho_grad": 0.8493769262767957,
        "rho_range": 0.9189032342669498
      },
      "columns": 256,
      "constraint_labels": [
        "active_guard",
        "mortar"
      ],
      "constraint_space": {
        "nullity": 156,
        "rank": 100,
        "residual_metrics": {
          "count": 414,
          "l2": 91086.95421815668,
          "max_abs": 49632.32981363486,
          "rms": 4476.67957003886
        },
        "singular_values": [
          160446522239.4182,
          27813358938.475117,
          21899237792.495583,
          15101772246.028349,
          11020256822.819897,
          10393854934.279676,
          7821722609.733047,
          5999751950.863048,
          4365608190.566799,
          4353011746.049251,
          2630843662.181587,
          2109225479.5336878,
          2007164414.8418283,
          1013675223.591649,
          760398035.3003589,
          562327405.2780879,
          413378392.0134468,
          209385840.63166955,
          163940057.6548434,
          120391322.2157533,
          93533875.78311187,
          83307196.61941314,
          79739255.35658814,
          73402141.3186976
        ]
      },
      "coverage": {
        "active_primary_raw_max": 436.2578130070414,
        "coverage": 8.789791143094675e-05,
        "coverage_min": 0.5,
        "coverage_ok": false,
        "heldout_global_mortar_max": 4963232.981363486,
        "note": "coverage uses unweighted raw residual metadata when provided"
      },
      "diagnostic_vs_proof": "floating guarded-KKT rank/angle diagnostic only; no interval proof",
      "iteration": 0,
      "linear_algebra_backend": "numpy_svd_lstsq",
      "mortar_rows_active": 128,
      "mortar_rows_available": 2430,
      "mortar_rows_unfiltered_worst": {
        "abs_residual": 4963232.981363486,
        "component": "F",
        "coordinate": "RZ",
        "derivative": "dRRRR",
        "dq_order": 4,
        "dx_order": 0,
        "jacobian": [
          {
            "value": 9.345986834834587,
            "var_index": 4235
          },
          {
            "value": 11.440771953767225,
            "var_index": 8591
          },
          {
            "value": -24.0,
            "var_index": 26150
          },
          {
            "value": -4.9820070039850215,
            "var_index": 26155
          },
          {
            "value": 103321.03882734162,
            "var_index": 4236
          },
          {
            "value": 48.82388034190511,
            "var_index": 12947
          },
          {
            "value": -1.0341830744898255,
            "var_index": 26161
          },
          {
            "value": 241.0242386077264,
            "var_index": 4246
          },
          {
            "value": 103302.40159768952,
            "var_index": 8592
          },
          {
            "value": 5034862.785202552,
            "var_index": 4237
          },
          {
            "value": 102955.02004789108,
            "var_index": 12948
          },
          {
            "value": 101231.99610051225,
            "var_index": 4247
          },
          {
            "value": 268.7869666587765,
            "var_index": 8602
          },
          {
            "value": 5882.656175933483,
            "var_index": 4257
          },
          {
            "value": 613.3414628203651,
            "var_index": 12958
          },
          {
            "value": 98189273.36018293,
            "var_index": 4238
          },
          {
            "value": 4997032.5991659295,
            "var_index": 8593
          },
          {
            "value": 1637890.9871688012,
            "var_index": 4248
          },
          {
            "value": 4621832.968511501,
            "var_index": 12949
          },
          {
            "value": 46311.88041845082,
            "var_index": 4258
          },
          {
            "value": 100965.89199477891,
            "var_index": 8603
          },
          {
            "value": 60682.350555814686,
            "var_index": 4268
          },
          {
            "value": 97457.3725158945,
            "var_index": 12959
          },
          {
            "value": 1001052612.2548388,
            "var_index": 4239
          },
          {
            "value": 6165.212389445156,
            "var_index": 8613
          },
          {
            "value": -13022468.699654903,
            "var_index": 4249
          },
          {
            "value": 8651.947235389702,
            "var_index": 12969
          },
          {
            "value": -7612499.551302945,
            "var_index": 4259
          },
          {
            "value": 96930554.85174252,
            "var_index": 8594
          },
          {
            "value": -608377.3330506469,
            "var_index": 4269
          },
          {
            "value": 85058534.85898289,
            "var_index": 12950
          },
          {
            "value": 1686.4552863861445,
            "var_index": 4279
          },
          {
            "value": 1604760.0765960417,
            "var_index": 8604
          },
          {
            "value": 6174496115.005062,
            "var_index": 4240
          },
          {
            "value": 1293144.401991052,
            "var_index": 12960
          },
          {
            "value": -424963287.14009225,
            "var_index": 4250
          },
          {
            "value": 42993.828019173874,
            "var_index": 8614
          },
          {
            "value": -136570851.99602875,
            "var_index": 4260
          },
          {
            "value": 9831.590564300279,
            "var_index": 12970
          },
          {
            "value": -10095610.430131005,
            "var_index": 4270
          },
          {
            "value": 60181.59041997536,
            "var_index": 8624
          },
          {
            "value": -2328038.5293528647,
            "var_index": 4280
          },
          {
            "value": 51634.57063330703,
            "var_index": 12980
          },
          {
            "value": -2329045.0652492144,
            "var_index": 4290
          },
          {
            "value": 984766931.2899318,
            "var_index": 8595
          },
          {
            "value": 27215689976.711678,
            "var_index": 4241
          },
          {
            "value": 835336986.395603,
            "var_index": 12951
          },
          {
            "value": -3488303211.5832357,
            "var_index": 4251
          },
          {
            "value": -13102525.97069197,
            "var_index": 8605
          },
          {
            "value": -778825155.1520815,
            "var_index": 4261
          },
          {
            "value": -13563947.687624145,
            "var_index": 12961
          },
          {
            "value": 134111032.36643775,
            "var_index": 4271
          },
          {
            "value": -7577264.418249057,
            "var_index": 8615
          },
          {
            "value": 45281586.61394257,