{
  "diagnostic_vs_proof": "floating rank/angle diagnostics only; no interval proof",
  "format": "twochart_guarded_kkt_rank_reports_v1",
  "input": "work/v117_twochart_init.json",
  "out": "work/twochart_stage0_rz_ineqkkt_seamlimit128_nativepred_w8_c.json",
  "reports": [
    {
      "angle": {
        "best_feasible_step_metrics": {
          "count": 128,
          "l2": 6527586867324.785,
          "max_abs": 4044445135980.535,
          "rms": 576962617333.7009
        },
        "predicted_best_factor_inf": 0.430184539793383,
        "projected_change_metrics": {
          "count": 16,
          "l2": 46.9724946263995,
          "max_abs": 24.015038735121266,
          "rms": 11.743123656599876
        },
        "rho_grad": 0.07377401860353548,
        "rho_range": 0.7705814527601346
      },
      "columns": 128,
      "constraint_labels": [
        "active_guard"
      ],
      "constraint_space": {
        "nullity": 46,
        "rank": 82,
        "residual_metrics": {
          "count": 198,
          "l2": 11408.444931034177,
          "max_abs": 4489.16535025682,
          "rms": 810.7628772666731
        },
        "singular_values": [
          4930657.424228541,
          3234514.543985127,
          671817.3418589046,
          628774.4616586143,
          442279.51474162523,
          288981.79658306105,
          231536.02003573318,
          204604.91196043606,
          117247.85113474363,
          100957.32387107807,
          100118.8117701696,
          90360.17854304277,
          82361.25521976303,
          62286.1089128588,
          45647.11371096382,
          41788.7378018631,
          35907.512418356804,
          24580.625778644375,
          16828.27878838279,
          15074.372390427736,
          12101.421850421246,
          11389.82237092578,
          9346.27117566936,
          6610.018384185465
        ]
      },
      "coverage": {
        "active_primary_raw_max": 4214.529161145142,
        "coverage": 1.0,
        "coverage_min": 0.5,
        "coverage_ok": true,
        "heldout_global_mortar_max": 4214.529161145142,
        "note": "coverage uses unweighted raw residual metadata when provided"
      },
      "diagnostic_vs_proof": "floating guarded-KKT rank/angle diagnostic only; no interval proof",
      "iteration": 0,
      "linear_algebra_backend": "numpy_svd_lstsq",
      "mortar_rows_active": 16,
      "mortar_rows_available": 252,
      "mortar_rows_unfiltered_worst": {
        "abs_residual": 4214.529161145142,
        "component": "F",
        "coordinate": "RZ",
        "derivative": "dZZ",
        "dq_order": 0,
        "dx_order": 2,
        "jacobian": [
          {
            "value": -2.0,
            "var_index": 26139
          },
          {
            "value": -2.5034013605442187,
            "var_index": 26142
          },
          {
            "value": 0.7025960632319997,
            "var_index": 3509
          },
          {
            "value": 0.7927157246407697,
            "var_index": 7865
          },
          {
            "value": -2.089006123991548,
            "var_index": 26146
          },
          {
            "value": -1.4526724369404576,
            "var_index": 26151
          },
          {
            "value": 0.7025960632319997,
            "var_index": 3510
          },
          {
            "value": 1.6425689635292957,
            "var_index": 12221
          },
          {
            "value": -0.9091555387654567,
            "var_index": 26157
          },
          {
            "value": 5.972066537471995,
            "var_index": 3520
          },
          {
            "value": 0.7927157246407697,
            "var_index": 7866
          },
          {
            "value": 0.7025960632319997,
            "var_index": 3511
          },
          {
            "value": 1.6425689635292957,
            "var_index": 12222
          },
          {
            "value": 5.972066537471995,
            "var_index": 3521
          },
          {
            "value": 6.134507125246375,
            "var_index": 7876
          },
          {
            "value": 37.70598872678396,
            "var_index": 3531
          },
          {
            "value": 6.911061713791935,
            "var_index": 12232
          },
          {
            "value": 0.7025960632319997,
            "var_index": 3512
          },
          {
            "value": 0.7927157246407697,
            "var_index": 7867
          },
          {
            "value": 5.972066537471995,
            "var_index": 3522
          },
          {
            "value": 1.6425689635292957,
            "var_index": 12223
          },
          {
            "value": 37.70598872678396,
            "var_index": 3532
          },
          {
            "value": 6.134507125246375,
            "var_index": 7877
          },
          {
            "value": 51.04230288998372,
            "var_index": 3542
          },
          {
            "value": 6.911061713791935,
            "var_index": 12233
          }
        ],
        "jacobian_nnz": 25,
        "origin_value": -4217.252841530577,
        "q": 0.84,
        "residual_tail_minus_origin": 4214.529161145142,
        "row_index": 39,
        "tail_value": -2.7236803854347396,
        "total_order": 2,
        "x": 1.0
      },
      "primary_labels": [
        "mortar"
      ],
      "primary_space": {
        "rank": 16,
        "rank_projected": 8,
        "residual_metrics": {
          "count": 16,
          "l2": 60.957208946762734,
          "max_abs": 42.14529161145142,
          "rms": 15.239302236690683
        },
        "singular_values": [
          2569.8761280595654,
          460.1150655811957,
          116.48255397238032,
          74.51069499835684,
          18.256284377488303,
          13.920147242811138,
          12.674766625878487,
          7.189926523762657,
          3.4456858871489264,
          0.9623331732373703,
          0.6186761832553764,
          0.3818246725684998,
          0.026597352714837937,
          0.01720941220754731,
          0.00651738033293927,
          0.002745241201369655
        ],
        "singular_values_projected": [
          119.59884354905778,
          6.478018303083505e-05,
          8.38853051251811e-07,
          1.1534553621163749e-07,
          2.384464887651169e-09,
          1.086545431644168e-10,
          9.093254393163479e-11,
          6.532524434227409e-11,
          2.1342692355390382e-12,
          2.6646777463614964e-13,
          4.09386861441381e-14,
          1.110980595254898e-14,
          2.274458723491231e-15,
          1.5188179589792896e-15,
          4.633261621173207e-16,
          2.0520501447751622e-16
        ]
      },
      "provided_step": {
        "constraint_change_metrics": {
          "count": 0,
          "l2": 0.0,
          "max_abs": 0.0,
          "rms": 0.0
        },
        "max_signed_constraint_growth": 0.0,
        "metrics": {
          "count": 0,
          "l2": 0.0,
          "max_abs": 0.0,
          "rms": 0.0
        },
        "positive_signed_constraint_growth_count": 0,
        "predicted_constraint_metrics": {
          "count": 0,
          "l2": 0.0,
          "max_abs": 0.0,
          "rms": 0.0
        },
        "present": false,
        "signed_constraint_growth_metrics": {
          "count": 0,
          "l2": 0.0,
          "max_abs": 0.0,
          "rms": 0.0
        }
      },
      "rank_obstruction": false,
      "row_space_note": "uses the residual/Jacobian rows supplied by the caller, typically post row-scaling",
      "rows": {
        "constraints": 198,
        "primary": 16,
        "total": 222
      },
      "status": "GUARDED_KKT_RANK_DIAGNOSTIC_NOT_PROOF",
      "top_variables": [
        {
          "column": 3,
          "gradient": 28665.185454475657,
          "leverage": 2479.269487598816,
          "projected_gradient": 1.1607473865877764e-08,
          "score": 28665.185454475657,