{
  "diagnostic_vs_proof": "floating rank/angle diagnostics only; no interval proof",
  "format": "twochart_guarded_kkt_rank_reports_v1",
  "input": "work/twochart_stage0_current_profile_worstpde128_step21_nativebatch.json",
  "out": "work/twochart_stage0_current_profile_top8pde128_rowlocal_densemortar_step22_nativebatch.json",
  "reports": [
    {
      "angle": {
        "best_feasible_step_metrics": {
          "count": 128,
          "l2": 12254194.932145065,
          "max_abs": 5935408.893480373,
          "rms": 1083128.0418127
        },
        "predicted_best_factor_inf": 5.053307962012484e-07,
        "projected_change_metrics": {
          "count": 8,
          "l2": 883.6145811255466,
          "max_abs": 436.25759255327284,
          "rms": 312.40493113459235
        },
        "rho_grad": 9.896184935860441e-05,
        "rho_range": 0.9999998768211997
      },
      "columns": 128,
      "constraint_labels": [
        "active_guard",
        "mortar"
      ],
      "constraint_space": {
        "nullity": 53,
        "rank": 75,
        "residual_metrics": {
          "count": 414,
          "l2": 91086.95670177144,
          "max_abs": 49632.33201676079,
          "rms": 4476.679692101867
        },
        "singular_values": [
          146942913302.9198,
          55118164781.723206,
          20926235885.350876,
          17626262217.091328,
          16744472528.647945,
          12640977804.641594,
          10114312762.036375,
          4266691849.6374707,
          3301456022.098895,
          2039396323.458623,
          1458195987.9490743,
          914373566.6783979,
          813309167.898376,
          730110012.510222,
          512043412.4398825,
          443469574.4566475,
          271432792.41028494,
          219651424.87407234,
          191437565.3226653,
          161040247.80874208,
          92392436.76736054,
          87713495.47223419,
          79946127.17478895,
          58685175.4198522
        ]
      },
      "coverage": {
        "active_primary_raw_max": 436.25781300778084,
        "coverage": 8.78979075294018e-05,
        "coverage_min": 0.5,
        "coverage_ok": false,
        "heldout_global_mortar_max": 4963233.201676079,
        "note": "coverage uses unweighted raw residual metadata when provided"
      },
      "diagnostic_vs_proof": "floating guarded-KKT rank/angle diagnostic only; no interval proof",
      "iteration": 0,
      "linear_algebra_backend": "numpy_svd_lstsq",
      "mortar_rows_active": 128,
      "mortar_rows_available": 2430,
      "mortar_rows_unfiltered_worst": {
        "abs_residual": 4963233.201676079,
        "component": "F",
        "coordinate": "RZ",
        "derivative": "dRRRR",
        "dq_order": 4,
        "dx_order": 0,
        "jacobian": [
          {
            "value": 9.345986834834587,
            "var_index": 4235
          },
          {
            "value": 11.440771953767225,
            "var_index": 8591
          },
          {
            "value": -24.0,
            "var_index": 26150
          },
          {
            "value": -4.9820070039850215,
            "var_index": 26155
          },
          {
            "value": 103321.03882734162,
            "var_index": 4236
          },
          {
            "value": 48.82388034190511,
            "var_index": 12947
          },
          {
            "value": -1.0341830744898255,
            "var_index": 26161
          },
          {
            "value": 241.0242386077264,
            "var_index": 4246
          },
          {
            "value": 103302.40159768952,
            "var_index": 8592
          },
          {
            "value": 5034862.785202552,
            "var_index": 4237
          },
          {
            "value": 102955.02004789108,
            "var_index": 12948
          },
          {
            "value": 101231.99610051225,
            "var_index": 4247
          },
          {
            "value": 268.7869666587765,
            "var_index": 8602
          },
          {
            "value": 5882.656175933483,
            "var_index": 4257
          },
          {
            "value": 613.3414628203651,
            "var_index": 12958
          },
          {
            "value": 98189273.36018293,
            "var_index": 4238
          },
          {
            "value": 4997032.5991659295,
            "var_index": 8593
          },
          {
            "value": 1637890.9871688012,
            "var_index": 4248
          },
          {
            "value": 4621832.968511501,
            "var_index": 12949
          },
          {
            "value": 46311.88041845082,
            "var_index": 4258
          },
          {
            "value": 100965.89199477891,
            "var_index": 8603
          },
          {
            "value": 60682.350555814686,
            "var_index": 4268
          },
          {
            "value": 97457.3725158945,
            "var_index": 12959
          },
          {
            "value": 1001052612.2548388,
            "var_index": 4239
          },
          {
            "value": 6165.212389445156,
            "var_index": 8613
          },
          {
            "value": -13022468.699654903,
            "var_index": 4249
          },
          {
            "value": 8651.947235389702,
            "var_index": 12969
          },
          {
            "value": -7612499.551302945,
            "var_index": 4259
          },
          {
            "value": 96930554.85174252,
            "var_index": 8594
          },
          {
            "value": -608377.3330506469,
            "var_index": 4269
          },
          {
            "value": 85058534.85898289,
            "var_index": 12950
          },
          {
            "value": 1686.4552863861445,
            "var_index": 4279
          },
          {
            "value": 1604760.0765960417,
            "var_index": 8604
          },
          {
            "value": 6174496115.005062,
            "var_index": 4240
          },
          {
            "value": 1293144.401991052,
            "var_index": 12960
          },
          {
            "value": -424963287.14009225,
            "var_index": 4250
          },
          {
            "value": 42993.828019173874,
            "var_index": 8614
          },
          {
            "value": -136570851.99602875,
            "var_index": 4260
          },
          {
            "value": 9831.590564300279,
            "var_index": 12970
          },
          {
            "value": -10095610.430131005,
            "var_index": 4270
          },
          {
            "value": 60181.59041997536,
            "var_index": 8624
          },
          {
            "value": -2328038.5293528647,
            "var_index": 4280
          },
          {
            "value": 51634.57063330703,
            "var_index": 12980
          },
          {
            "value": -2329045.0652492144,
            "var_index": 4290
          },
          {
            "value": 984766931.2899318,
            "var_index": 8595
          },
          {
            "value": 27215689976.711678,
            "var_index": 4241
          },
          {
            "value": 835336986.395603,
            "var_index": 12951
          },
          {
            "value": -3488303211.5832357,
            "var_index": 4251
          },
          {
            "value": -13102525.97069197,
            "var_index": 8605
          },
          {
            "value": -778825155.1520815,
            "var_index": 4261
          },
          {
            "value": -13563947.687624145,
            "var_index": 12961
          },
          {
            "value": 1692008997778.7368,
            "var_index": 4245
          },
          {
            "value": -1861643535784.4253,
            "var_index": 4344
          },
          {
            "value": 1071761512233.813,