{
  "diagnostic_vs_proof": "floating rank/angle diagnostics only; no interval proof",
  "format": "twochart_guarded_kkt_rank_reports_v1",
  "input": "work/v117_twochart_init.json",
  "out": "work/twochart_stage0_rz_ineqkkt_seamlimit128_scaled_w8.json",
  "reports": [
    {
      "angle": {
        "best_feasible_step_metrics": {
          "count": 128,
          "l2": 6525901138807.121,
          "max_abs": 4044264535808.6875,
          "rms": 576813618575.441
        },
        "predicted_best_factor_inf": 0.4302267443263195,
        "projected_change_metrics": {
          "count": 16,
          "l2": 46.983722977243296,
          "max_abs": 24.01326001277333,
          "rms": 11.745930744310824
        },
        "rho_grad": 0.0737740186035501,
        "rho_range": 0.7707656533007728
      },
      "columns": 128,
      "constraint_labels": [
        "active_guard"
      ],
      "constraint_space": {
        "nullity": 46,
        "rank": 82,
        "residual_metrics": {
          "count": 198,
          "l2": 11408.444931034177,
          "max_abs": 4489.16535025682,
          "rms": 810.7628772666731
        },
        "singular_values": [
          4930657.424228538,
          3234514.543985127,
          671817.3418589032,
          628774.4616586145,
          442279.5147416252,
          288981.79658306093,
          231536.0200357334,
          204604.91196043591,
          117247.85113474369,
          100957.32387107844,
          100118.81177016959,
          90360.17854304278,
          82361.25521976303,
          62286.10891285882,
          45647.113710963866,
          41788.73780186315,
          35907.51241835679,
          24580.62577864438,
          16828.27878838281,
          15074.372390427769,
          12101.421850421264,
          11389.822370925784,
          9346.271175669368,
          6610.01838418552
        ]
      },
      "coverage": {
        "active_primary_raw_max": 4214.529161145142,
        "coverage": 1.0,
        "coverage_min": 0.5,
        "coverage_ok": true,
        "heldout_global_mortar_max": 4214.529161145142,
        "note": "coverage uses unweighted raw residual metadata when provided"
      },
      "diagnostic_vs_proof": "floating guarded-KKT rank/angle diagnostic only; no interval proof",
      "iteration": 0,
      "linear_algebra_backend": "numpy_svd_lstsq",
      "mortar_rows_active": 16,
      "mortar_rows_available": 252,
      "mortar_rows_unfiltered_worst": {
        "abs_residual": 4214.529161145142,
        "component": "F",
        "coordinate": "RZ",
        "derivative": "dZZ",
        "dq_order": 0,
        "dx_order": 2,
        "jacobian": [
          {
            "value": -2.0,
            "var_index": 26139
          },
          {
            "value": -2.5034013605442187,
            "var_index": 26142
          },
          {
            "value": 0.7025960632319997,
            "var_index": 3509
          },
          {
            "value": 0.7927157246407697,
            "var_index": 7865
          },
          {
            "value": -2.089006123991548,
            "var_index": 26146
          },
          {
            "value": -1.4526724369404573,
            "var_index": 26151
          },
          {
            "value": 0.7025960632319997,
            "var_index": 3510
          },
          {
            "value": 1.6425689635292957,
            "var_index": 12221
          },
          {
            "value": -0.9091555387654566,
            "var_index": 26157
          },
          {
            "value": 5.972066537471996,
            "var_index": 3520
          },
          {
            "value": 0.7927157246407697,
            "var_index": 7866
          },
          {
            "value": 0.7025960632319997,
            "var_index": 3511
          },
          {
            "value": 1.6425689635292957,
            "var_index": 12222
          },
          {
            "value": 5.972066537471996,
            "var_index": 3521
          },
          {
            "value": 6.134507125246374,
            "var_index": 7876
          },
          {
            "value": 37.705988726783964,
            "var_index": 3531
          },
          {
            "value": 6.911061713791936,
            "var_index": 12232
          },
          {
            "value": 0.7025960632319997,
            "var_index": 3512
          },
          {
            "value": 0.7927157246407697,
            "var_index": 7867
          },
          {
            "value": 5.972066537471996,
            "var_index": 3522
          },
          {
            "value": 1.6425689635292957,
            "var_index": 12223
          },
          {
            "value": 37.705988726783964,
            "var_index": 3532
          },
          {
            "value": 6.134507125246374,
            "var_index": 7877
          },
          {
            "value": 51.04230288998386,
            "var_index": 3542
          },
          {
            "value": 6.911061713791936,
            "var_index": 12233
          }
        ],
        "jacobian_nnz": 25,
        "origin_value": -4217.252841530577,
        "q": 0.84,
        "residual_tail_minus_origin": 4214.529161145142,
        "row_index": 39,
        "tail_value": -2.7236803854347396,
        "total_order": 2,
        "x": 1.0
      },
      "primary_labels": [
        "mortar"
      ],
      "primary_space": {
        "rank": 16,
        "rank_projected": 8,
        "residual_metrics": {
          "count": 16,
          "l2": 60.957208946762734,
          "max_abs": 42.14529161145142,
          "rms": 15.239302236690683
        },
        "singular_values": [
          2569.876128059567,
          460.11506558119567,
          116.48255397238034,
          74.5106949983569,
          18.25628437748831,
          13.920147242811202,
          12.674766625878489,
          7.189926523762654,
          3.445685887148931,
          0.9623331732373754,
          0.6186761832553593,
          0.38182467256850006,
          0.026597352714837496,
          0.01720941220754733,
          0.006517380332939313,
          0.002745241201369652
        ],
        "singular_values_projected": [
          119.59884354903407,
          6.477999383051303e-05,
          8.388549352509088e-07,
          1.1534609708856808e-07,
          2.384497176695435e-09,
          1.0865460568080396e-10,
          9.092932119180472e-11,
          6.532512402433543e-11,
          2.13405587995285e-12,
          2.632236358316681e-13,
          4.0966278825888404e-14,
          1.3366985917015421e-14,
          3.447630803928373e-15,
          2.1212575377844484e-15,
          4.713272759041519e-16,
          7.10940541680393e-17
        ]
      },
      "provided_step": {
        "constraint_change_metrics": {
          "count": 0,
          "l2": 0.0,
          "max_abs": 0.0,
          "rms": 0.0
        },
        "max_signed_constraint_growth": 0.0,
        "metrics": {
          "count": 0,
          "l2": 0.0,
          "max_abs": 0.0,
          "rms": 0.0
        },
        "positive_signed_constraint_growth_count": 0,
        "predicted_constraint_metrics": {
          "count": 0,
          "l2": 0.0,
          "max_abs": 0.0,
          "rms": 0.0
        },
        "present": false,
        "signed_constraint_growth_metrics": {
          "count": 0,
          "l2": 0.0,
          "max_abs": 0.0,
          "rms": 0.0
        }
      },
      "rank_obstruction": false,
      "row_space_note": "uses the residual/Jacobian rows supplied by the caller, typically post row-scaling",
      "rows": {
        "constraints": 198,
        "primary": 16,
        "total": 222
      },
      "status": "GUARDED_KKT_RANK_DIAGNOSTIC_NOT_PROOF",
      "top_variables": [
        {
          "column": 3,
          "gradient": 28665.185454475664,
          "leverage": 2479.2694875988163,
          "projected_gradient": 1.1705294681584562e-08,
          "score": 28665.185454475664,