{
  "approximate_inverse": {
    "rank_after_cutoff": 76,
    "ridge_absolute": 628192226760.037,
    "ridge_relative": 0.0001,
    "singular_value_count": 128,
    "singular_values": {
      "condition_estimate": 1.339123265586328e+16,
      "first_12": [
        79258578.51110105,
        41676913.11196437,
        12399643.96524255,
        4867470.543344998,
        2892895.360164189,
        2319153.852519614,
        1876803.8583438601,
        1114422.1629868143,
        996046.7380856413,
        872747.7813441332,
        631431.5928260841,
        485713.8653964404
      ],
      "last_12": [
        7.793139771769119e-09,
        7.793139771769119e-09,
        7.793139771769119e-09,
        7.793139771769119e-09,
        7.793139771769119e-09,
        7.793139771769119e-09,
        7.793139771769119e-09,
        7.793139771769119e-09,
        7.793139771769119e-09,
        7.793139771769119e-09,
        7.793139771769119e-09,
        5.918691770051363e-09
      ],
      "max": 79258578.51110105,
      "min_nonzero": 5.918691770051363e-09
    },
    "svd_rcond": 1e-10
  },
  "blockers": [
    "row cache is floating, not interval residual data",
    "approximate inverse is floating ridge-SVD, not validated",
    "Z2 and infinite complement bounds are missing",
    "profile residual/mortar is far above NK entry scale"
  ],
  "certificate_name": "profile_finite_nk_block",
  "coefficient_coordinate_scaling": {
    "meaning": "The finite block is evaluated in scaled coefficient coordinates z with h = diag(scales) z.  This is a sampled Banach-norm diagnostic, not a validated profile norm.",
    "mode": "none",
    "nontrivial_scale_count": 0,
    "scale_floor": 1e-30,
    "scale_max": 1.0,
    "scale_min": 1.0
  },
  "commands": [
    "tools/export_profile_finite_nk_block.py --row-cache work/twochart_stage0_current_profile_worstpde128_step21_nativebatch_cacheonly_rows.json --out certs/profile/profile_finite_nk_current_block.json --row-labels all --ridge-relative 1e-4 --svd-rcond 1e-10 --summary-only --row-scaling none --column-scaling none"
  ],
  "diagnostic_vs_proof": "Floating sampled row-cache finite block.  Uses native C interval linear algebra for finite Y0/Z0 arithmetic, but the row cache, Jacobian, inverse, and residual are not interval-certified and no Z2/tail-complement bound is supplied.",
  "finite_block_hashes": {
    "approximate_inverse_float64": "c4c94744ad53b02cf26b21b861eb1a48a45bde097e5a8fa394015e3b8efa7c81",
    "jacobian_float64": "0c4592d5e5d684def47780005a4b1e550ad689237909aa8239a794867e175822",
    "residual_vector_float64": "a05b0875fde8816fdecda136800c1dc88c02bf686e06ad2253e0e35f37ba57b0"
  },
  "finite_nk_bounds": {
    "Y0_infinity_norm_A_r": 0.0014536249199903852,
    "Z0_infinity_norm_B": 1.776220882418123,
    "backend": "native-c-outward-rounded-double-interval-summary",
    "coefficient_dimension": 128,
    "residual_dimension": 317
  },
  "finite_nk_payload": "summary_only",
  "floating_norms": {
    "approximate_inverse_row_sum_inf": 1.958222487506094e-06,
    "jacobian_row_sum_inf": 99291753.66203508,
    "residual_inf": 4362.578130059098
  },
  "pass": false,
  "profile": "work/twochart_stage0_current_profile_worstpde128_step21_nativebatch.json",
  "profile_hash_sha256": "a481dd54f3afd687fdc6b5c0c44de4820dc262846b03a15ae0ce1ecb8be3373f",
  "proof_relevance": {
    "meaning": "Full-block diagnostics require row_labels=all, no max_rows truncation, all cached rows selected, and a row-cache profile hash matching the current profile file. Otherwise this is a row-subset or profile-stale diagnostic.",
    "profile_hash_matches": true,
    "profile_hash_status": "matched",
    "proof_relevant_full_block": true,
    "row_labels_all": true,
    "scope": "full_block",
    "selected_all_available_rows": true
  },
  "repo_commit": "5491e13844a3ad7eb28982161a546b27f0031f3f",
  "residual_row_scaling": {
    "meaning": "The finite residual block is left-multiplied by diag(row_scales) before constructing the sampled inverse.  This is finite-row preconditioning only, not a validated residual-space norm.",
    "mode": "none",
    "nontrivial_scale_count": 0,
    "scale_floor": 1e-30,
    "scale_max": 1.0,
    "scale_min": 1.0
  },
  "row_cache": "work/twochart_stage0_current_profile_worstpde128_step21_nativebatch_cacheonly_rows.json",
  "row_cache_sha256": "15b1e3be12c6e64d8b5fb55b0ace7955c9aa25d45915ab4bf00cd54ae1db15fe",
  "row_selection": {
    "available_row_count": 317,
    "column_count": 128,
    "labels": "all",
    "max_rows": null,
    "selected_row_count": 317
  },
  "schema_version": "nsproof-cert-v1",
  "status": "PROFILE_FINITE_NK_BLOCK_FLOATING_NOT_PROOF"
}
