{
  "approximate_inverse": {
    "rank_after_cutoff": 81,
    "ridge_absolute": 628350559704.8391,
    "ridge_relative": 0.0001,
    "singular_value_count": 128,
    "singular_values": {
      "condition_estimate": 3.1389801601918515e+17,
      "first_12": [
        79268566.260835,
        12421461.833962306,
        8991492.714257818,
        5263435.31068927,
        3037719.753318798,
        2893532.8646394294,
        2534016.468853279,
        1890790.7059937355,
        1114153.3707530606,
        870536.5583198284,
        805841.4728222595,
        632529.1978961847
      ],
      "last_12": [
        7.903553876715527e-09,
        7.903553876715527e-09,
        7.903553876715527e-09,
        7.903553876715527e-09,
        7.903553876715527e-09,
        7.903553876715527e-09,
        7.903553876715527e-09,
        7.903553876715527e-09,
        7.903553876715527e-09,
        7.903553876715527e-09,
        7.903553876715527e-09,
        2.525296823028986e-10
      ],
      "max": 79268566.260835,
      "min_nonzero": 2.525296823028986e-10
    },
    "svd_rcond": 1e-10
  },
  "blockers": [
    "row cache is floating, not interval residual data",
    "approximate inverse is floating ridge-SVD, not validated",
    "Z2 and infinite complement bounds are missing",
    "profile residual/mortar is far above NK entry scale"
  ],
  "certificate_name": "profile_finite_nk_block",
  "coefficient_coordinate_scaling": {
    "meaning": "The finite block is evaluated in scaled coefficient coordinates z with h = diag(scales) z.  This is a sampled Banach-norm diagnostic, not a validated profile norm.",
    "mode": "none",
    "nontrivial_scale_count": 0,
    "scale_floor": 1e-30,
    "scale_max": 1.0,
    "scale_min": 1.0
  },
  "commands": [
    "tools/export_profile_finite_nk_block.py --row-cache work/twochart_stage0_current_profile_mortaraudit128_step18_resaudit_scaled_cacheonly_rows.json --out certs/profile/profile_finite_nk_current_block.json --row-labels all --ridge-relative 1e-4 --svd-rcond 1e-10 --summary-only --row-scaling none --column-scaling none"
  ],
  "diagnostic_vs_proof": "Floating sampled row-cache finite block.  Uses native C interval linear algebra for finite Y0/Z0 arithmetic, but the row cache, Jacobian, inverse, and residual are not interval-certified and no Z2/tail-complement bound is supplied.",
  "finite_block_hashes": {
    "approximate_inverse_float64": "54acb24b1e6696428c322e4c9608a44508d8fecbd085991faed1f38fcb6eee94",
    "jacobian_float64": "eb97bbd748fe7c4a68ede90d48736c5dc7d41a435ba3ed915febd74c58710bf5",
    "residual_vector_float64": "7aac40264fcdc20427506c86fd1b58269c9c96ed78bb24295efc1e3f3f2f4094"
  },
  "finite_nk_bounds": {
    "Y0_infinity_norm_A_r": 0.0014508213435235607,
    "Z0_infinity_norm_B": 1.828082598712004,
    "backend": "native-c-outward-rounded-double-interval-summary",
    "coefficient_dimension": 128,
    "residual_dimension": 317
  },
  "finite_nk_payload": "summary_only",
  "floating_norms": {
    "approximate_inverse_row_sum_inf": 1.957292571928452e-06,
    "jacobian_row_sum_inf": 101292430.44685413,
    "residual_inf": 4363.351706163174
  },
  "pass": false,
  "profile": "work/twochart_stage0_current_profile_mortaraudit128_step18_resaudit_scaled.json",
  "profile_hash_sha256": "21e55ec8569de14587f059823995bcf20061fdad1afe6ee286e2ad18e890cfd6",
  "proof_relevance": {
    "meaning": "Full-block diagnostics require row_labels=all, no max_rows truncation, all cached rows selected, and a row-cache profile hash matching the current profile file. Otherwise this is a row-subset or profile-stale diagnostic.",
    "profile_hash_matches": true,
    "profile_hash_status": "matched",
    "proof_relevant_full_block": true,
    "row_labels_all": true,
    "scope": "full_block",
    "selected_all_available_rows": true
  },
  "repo_commit": "4c809503c3bc59b60ae003da405313bcdb46778e",
  "residual_row_scaling": {
    "meaning": "The finite residual block is left-multiplied by diag(row_scales) before constructing the sampled inverse.  This is finite-row preconditioning only, not a validated residual-space norm.",
    "mode": "none",
    "nontrivial_scale_count": 0,
    "scale_floor": 1e-30,
    "scale_max": 1.0,
    "scale_min": 1.0
  },
  "row_cache": "work/twochart_stage0_current_profile_mortaraudit128_step18_resaudit_scaled_cacheonly_rows.json",
  "row_cache_sha256": "b0e8246a084f0a46be38f9c7892488ed368e79ce7620aa7550da73df5ff45068",
  "row_selection": {
    "available_row_count": 317,
    "column_count": 128,
    "labels": "all",
    "max_rows": null,
    "selected_row_count": 317
  },
  "schema_version": "nsproof-cert-v1",
  "status": "PROFILE_FINITE_NK_BLOCK_FLOATING_NOT_PROOF"
}
