{
  "approximate_inverse": {
    "rank_after_cutoff": 81,
    "ridge_absolute": 628309872589.1398,
    "ridge_relative": 0.0001,
    "singular_value_count": 128,
    "singular_values": {
      "condition_estimate": 4.973583402940655e+17,
      "first_12": [
        79265999.81007871,
        12420697.734091429,
        8991492.73135654,
        5263432.385092328,
        3037026.9374844166,
        2893385.3276461232,
        2534016.6196553498,
        1890798.229671015,
        1114153.370830597,
        863089.8440745275,
        805841.1103873823,
        633377.0205264618
      ],
      "last_12": [
        7.903289162094757e-09,
        7.903289162094757e-09,
        7.903289162094757e-09,
        7.903289162094757e-09,
        7.903289162094757e-09,
        7.903289162094757e-09,
        7.903289162094757e-09,
        7.903289162094757e-09,
        7.903289162094757e-09,
        7.903289162094757e-09,
        7.903289162094757e-09,
        1.5937402349222154e-10
      ],
      "max": 79265999.81007871,
      "min_nonzero": 1.5937402349222154e-10
    },
    "svd_rcond": 1e-10
  },
  "blockers": [
    "row cache is floating, not interval residual data",
    "approximate inverse is floating ridge-SVD, not validated",
    "Z2 and infinite complement bounds are missing",
    "profile residual/mortar is far above NK entry scale"
  ],
  "certificate_name": "profile_finite_nk_block",
  "coefficient_coordinate_scaling": {
    "meaning": "The finite block is evaluated in scaled coefficient coordinates z with h = diag(scales) z.  This is a sampled Banach-norm diagnostic, not a validated profile norm.",
    "mode": "none",
    "nontrivial_scale_count": 0,
    "scale_floor": 1e-30,
    "scale_max": 1.0,
    "scale_min": 1.0
  },
  "commands": [
    "tools/export_profile_finite_nk_block.py --row-cache work/twochart_stage0_current_profile_mortaraudit128_step2_cacheonly_rows.json --out certs/profile/profile_finite_nk_current_block.json --row-labels all --ridge-relative 1e-4 --svd-rcond 1e-10 --summary-only --row-scaling none --column-scaling none"
  ],
  "diagnostic_vs_proof": "Floating sampled row-cache finite block.  Uses native C interval linear algebra for finite Y0/Z0 arithmetic, but the row cache, Jacobian, inverse, and residual are not interval-certified and no Z2/tail-complement bound is supplied.",
  "finite_block_hashes": {
    "approximate_inverse_float64": "4985865642efaa9b85063e1be0fab88f954845613395bddbe88a65b597c3e61d",
    "jacobian_float64": "2c6cf4d26bcd42ddc5acd537bd861f6b60242b4a976d17d6d05f6f6e6db8b88d",
    "residual_vector_float64": "5f406eb4c6a2ed7d37841412df3e1d57093f18cdfe7c85f3307f87720a6f0dd3"
  },
  "finite_nk_bounds": {
    "Y0_infinity_norm_A_r": 0.0014705773201712335,
    "Z0_infinity_norm_B": 1.8280874951303354,
    "backend": "native-c-outward-rounded-double-interval-summary",
    "coefficient_dimension": 128,
    "residual_dimension": 317
  },
  "finite_nk_payload": "summary_only",
  "floating_norms": {
    "approximate_inverse_row_sum_inf": 1.9572765309303082e-06,
    "jacobian_row_sum_inf": 101284178.24051163,
    "residual_inf": 4440.178375902218
  },
  "pass": false,
  "profile": "work/twochart_stage0_current_profile_mortaraudit128_step2.json",
  "profile_hash_sha256": "6ed5f8f6469e10fae986e7a6ea100edf366cb3373294c387e0ac3ec7b9651408",
  "proof_relevance": {
    "meaning": "Full-block diagnostics require row_labels=all, no max_rows truncation, all cached rows selected, and a row-cache profile hash matching the current profile file. Otherwise this is a row-subset or profile-stale diagnostic.",
    "profile_hash_matches": true,
    "profile_hash_status": "matched",
    "proof_relevant_full_block": true,
    "row_labels_all": true,
    "scope": "full_block",
    "selected_all_available_rows": true
  },
  "repo_commit": "8bb761aa8218fb507d63d3671bcfe7b6ecd85af0",
  "residual_row_scaling": {
    "meaning": "The finite residual block is left-multiplied by diag(row_scales) before constructing the sampled inverse.  This is finite-row preconditioning only, not a validated residual-space norm.",
    "mode": "none",
    "nontrivial_scale_count": 0,
    "scale_floor": 1e-30,
    "scale_max": 1.0,
    "scale_min": 1.0
  },
  "row_cache": "work/twochart_stage0_current_profile_mortaraudit128_step2_cacheonly_rows.json",
  "row_cache_sha256": "aa470e054a8cd131a2991e6da9c86e22307e153f0c08c707715d0509fcb8954a",
  "row_selection": {
    "available_row_count": 317,
    "column_count": 128,
    "labels": "all",
    "max_rows": null,
    "selected_row_count": 317
  },
  "schema_version": "nsproof-cert-v1",
  "status": "PROFILE_FINITE_NK_BLOCK_FLOATING_NOT_PROOF"
}
