{
  "approximate_inverse": {
    "rank_after_cutoff": 81,
    "ridge_absolute": 628255468973.026,
    "ridge_relative": 0.0001,
    "singular_value_count": 128,
    "singular_values": {
      "condition_estimate": 5.316378934461292e+17,
      "first_12": [
        79262568.02381727,
        12419779.09811049,
        8991492.724945867,
        5263432.385025868,
        3037342.8854580116,
        2893296.4564269586,
        2534016.84002763,
        1890795.0098112654,
        1114153.3707548177,
        859780.4025108203,
        805841.1103785187,
        630727.1380653407
      ],
      "last_12": [
        7.902961927515352e-09,
        7.902961927515352e-09,
        7.902961927515352e-09,
        7.902961927515352e-09,
        7.902961927515352e-09,
        7.902961927515352e-09,
        7.902961927515352e-09,
        7.902961927515352e-09,
        7.902961927515352e-09,
        7.902961927515352e-09,
        7.902961927515352e-09,
        1.490912687017652e-10
      ],
      "max": 79262568.02381727,
      "min_nonzero": 1.490912687017652e-10
    },
    "svd_rcond": 1e-10
  },
  "blockers": [
    "row cache is floating, not interval residual data",
    "approximate inverse is floating ridge-SVD, not validated",
    "Z2 and infinite complement bounds are missing",
    "profile residual/mortar is far above NK entry scale"
  ],
  "certificate_name": "profile_finite_nk_block",
  "coefficient_coordinate_scaling": {
    "meaning": "The finite block is evaluated in scaled coefficient coordinates z with h = diag(scales) z.  This is a sampled Banach-norm diagnostic, not a validated profile norm.",
    "mode": "none",
    "nontrivial_scale_count": 0,
    "scale_floor": 1e-30,
    "scale_max": 1.0,
    "scale_min": 1.0
  },
  "commands": [
    "tools/export_profile_finite_nk_block.py --row-cache work/twochart_stage0_current_profile_rowcache128_rows.json --out certs/profile/profile_finite_nk_current_block.json --row-labels all --ridge-relative 1e-4 --svd-rcond 1e-10 --summary-only --row-scaling none --column-scaling none"
  ],
  "diagnostic_vs_proof": "Floating sampled row-cache finite block.  Uses native C interval linear algebra for finite Y0/Z0 arithmetic, but the row cache, Jacobian, inverse, and residual are not interval-certified and no Z2/tail-complement bound is supplied.",
  "finite_block_hashes": {
    "approximate_inverse_float64": "74a0cbfcdfa0141f6987c638334726977f2d0f26f0f3142d08fbee74c6a0fb9d",
    "jacobian_float64": "a2eb958743c6fffc3bb81111eecb311147d256a92dabbbb2307eaa3aa97c6b85",
    "residual_vector_float64": "92ea335cff3674c521b370ef0bff496c0859de461393ec02c2c0d38155f16432"
  },
  "finite_nk_bounds": {
    "Y0_infinity_norm_A_r": 0.0014459914095511094,
    "Z0_infinity_norm_B": 1.8280919362369594,
    "backend": "native-c-outward-rounded-double-interval-summary",
    "coefficient_dimension": 128,
    "residual_dimension": 317
  },
  "finite_nk_payload": "summary_only",
  "floating_norms": {
    "approximate_inverse_row_sum_inf": 1.95733017799886e-06,
    "jacobian_row_sum_inf": 101274095.93426731,
    "residual_inf": 4489.165350256694
  },
  "pass": false,
  "profile": "work/twochart_stage0_rz_ineqkkt_c4_shiftB128_coupled_inject_nativeaudit_tailnative_scaled.json",
  "profile_hash_sha256": "e9c62740a3f0fd46397598d6a685c5c8bf7336c2eed6f2ab248b972e7fb793a8",
  "repo_commit": "0b3785e784d2111ce83ce1fcdc4320de24a33c04",
  "residual_row_scaling": {
    "meaning": "The finite residual block is left-multiplied by diag(row_scales) before constructing the sampled inverse.  This is finite-row preconditioning only, not a validated residual-space norm.",
    "mode": "none",
    "nontrivial_scale_count": 0,
    "scale_floor": 1e-30,
    "scale_max": 1.0,
    "scale_min": 1.0
  },
  "row_cache": "work/twochart_stage0_current_profile_rowcache128_rows.json",
  "row_cache_sha256": "2274beec9b86814bf22f9f674bb7858b17b8bafdbf7cf4bbb7cbd33c26177765",
  "row_selection": {
    "available_row_count": 317,
    "column_count": 128,
    "labels": "all",
    "max_rows": null,
    "selected_row_count": 317
  },
  "schema_version": "nsproof-cert-v1",
  "status": "PROFILE_FINITE_NK_BLOCK_FLOATING_NOT_PROOF"
}
