{
  "approximate_inverse": {
    "rank_after_cutoff": 81,
    "ridge_absolute": 628350996721.6619,
    "ridge_relative": 0.0001,
    "singular_value_count": 128,
    "singular_values": {
      "condition_estimate": 6.425963994162132e+17,
      "first_12": [
        79268593.82641159,
        12421467.075471168,
        8991492.714306153,
        5263435.603248395,
        3037719.6403691373,
        2893531.5704644066,
        2534016.465827543,
        1890790.230462526,
        1114153.370738789,
        870539.4688154701,
        805841.509065677,
        632527.9211457517
      ],
      "last_12": [
        7.903556625048306e-09,
        7.903556625048306e-09,
        7.903556625048306e-09,
        7.903556625048306e-09,
        7.903556625048306e-09,
        7.903556625048306e-09,
        7.903556625048306e-09,
        7.903556625048306e-09,
        7.903556625048306e-09,
        7.903556625048306e-09,
        7.903556625048306e-09,
        1.2335673511153443e-10
      ],
      "max": 79268593.82641159,
      "min_nonzero": 1.2335673511153443e-10
    },
    "svd_rcond": 1e-10
  },
  "blockers": [
    "row cache is floating, not interval residual data",
    "approximate inverse is floating ridge-SVD, not validated",
    "Z2 and infinite complement bounds are missing",
    "profile residual/mortar is far above NK entry scale"
  ],
  "certificate_name": "profile_finite_nk_block",
  "coefficient_coordinate_scaling": {
    "meaning": "The finite block is evaluated in scaled coefficient coordinates z with h = diag(scales) z.  This is a sampled Banach-norm diagnostic, not a validated profile norm.",
    "mode": "none",
    "nontrivial_scale_count": 0,
    "scale_floor": 1e-30,
    "scale_max": 1.0,
    "scale_min": 1.0
  },
  "commands": [
    "tools/export_profile_finite_nk_block.py --row-cache work/twochart_stage0_current_profile_mortaraudit128_step19_resaudit_nativebatch_cacheonly_rows.json --out certs/profile/profile_finite_nk_current_block.json --row-labels all --ridge-relative 1e-4 --svd-rcond 1e-10 --summary-only --row-scaling none --column-scaling none"
  ],
  "diagnostic_vs_proof": "Floating sampled row-cache finite block.  Uses native C interval linear algebra for finite Y0/Z0 arithmetic, but the row cache, Jacobian, inverse, and residual are not interval-certified and no Z2/tail-complement bound is supplied.",
  "finite_block_hashes": {
    "approximate_inverse_float64": "2ea9989d8471e0f53e24a03636f965a49a482a5c755da62f8b176b93522d90a6",
    "jacobian_float64": "42072a666d92af657777f1694b6db25d32e8ac84abdc502e55bf88944c763d02",
    "residual_vector_float64": "596cb2441066caea07918bf0b77fa79268ccb17c6412922483a28b772a31296e"
  },
  "finite_nk_bounds": {
    "Y0_infinity_norm_A_r": 0.0014508022109633537,
    "Z0_infinity_norm_B": 1.8280825487010945,
    "backend": "native-c-outward-rounded-double-interval-summary",
    "coefficient_dimension": 128,
    "residual_dimension": 317
  },
  "finite_nk_payload": "summary_only",
  "floating_norms": {
    "approximate_inverse_row_sum_inf": 1.957291670365876e-06,
    "jacobian_row_sum_inf": 101292488.94252533,
    "residual_inf": 4363.322769176737
  },
  "pass": false,
  "profile": "work/twochart_stage0_current_profile_mortaraudit128_step19_resaudit_nativebatch.json",
  "profile_hash_sha256": "9e5a7f39974198acb512ba5328ee6e24574a89172ad592b315c657e01819309d",
  "proof_relevance": {
    "meaning": "Full-block diagnostics require row_labels=all, no max_rows truncation, all cached rows selected, and a row-cache profile hash matching the current profile file. Otherwise this is a row-subset or profile-stale diagnostic.",
    "profile_hash_matches": true,
    "profile_hash_status": "matched",
    "proof_relevant_full_block": true,
    "row_labels_all": true,
    "scope": "full_block",
    "selected_all_available_rows": true
  },
  "repo_commit": "fe129153189f3e01a6c090396143a84dcbe6adb4",
  "residual_row_scaling": {
    "meaning": "The finite residual block is left-multiplied by diag(row_scales) before constructing the sampled inverse.  This is finite-row preconditioning only, not a validated residual-space norm.",
    "mode": "none",
    "nontrivial_scale_count": 0,
    "scale_floor": 1e-30,
    "scale_max": 1.0,
    "scale_min": 1.0
  },
  "row_cache": "work/twochart_stage0_current_profile_mortaraudit128_step19_resaudit_nativebatch_cacheonly_rows.json",
  "row_cache_sha256": "72686070b704f59b1db396e660c0b302fd0c4bb1f8d0753e3e5b53608a1e7a15",
  "row_selection": {
    "available_row_count": 317,
    "column_count": 128,
    "labels": "all",
    "max_rows": null,
    "selected_row_count": 317
  },
  "schema_version": "nsproof-cert-v1",
  "status": "PROFILE_FINITE_NK_BLOCK_FLOATING_NOT_PROOF"
}
